tree
version=v4
num_class=1
num_tree_per_iteration=1
label_index=0
max_feature_idx=24
objective=binary sigmoid:1
feature_names=ret_1 ret_3 ret_6 ret_12 ret_24 range_pct body_pct upper_wick_pct lower_wick_pct vol_chg_3 vol_chg_12 vol_chg_24 rv_6 rv_12 rv_24 rv_48 mom_6 mom_12 mom_24 mom_48 dist_sma_12 dist_sma_24 dist_sma_48 high_break_24 low_reclaim_24
feature_infos=[-0.024146543815732002:0.024952014908194542] [-0.036976169794797897:0.029999999329447746] [-0.037766829133033752:0.029999999329447746] [-0.040916528552770615:0.036649215966463089] [-0.045454546809196472:0.047120418399572372] [0:0.026450511068105698] [-0.024146543815732002:0.024952014908194542] [0:0.010721247643232346] [0:0.0094786733388900757] [0:3] [0:12] [0:23.916635513305664] [0:0.012500066310167313] [0:0.009291195310652256] [0:0.0070370114408433437] [0:0.0057550594210624695] [-0.037766829133033752:0.029999999329447746] [-0.040916528552770615:0.036649215966463089] [-0.045454546809196472:0.047120418399572372] [-0.049795918166637421:0.057591624557971954] [-0.033734112977981567:0.025300705805420876] [-0.036976169794797897:0.027674874290823936] [-0.039934467524290085:0.037353958934545517] [-0.045454546809196472:0.023969318717718124] [-0.023333333432674408:0.047120418399572372]
tree_sizes=3494 3607 3580 3586 3594 3604 3598 3611 3608 3630 3624 3629 3637 3601 3610 3626 3618 3624 3620 3632 3590 3609 3621 3622 3632 3631 3653 3636 3595 3629 3623 3629 3644 3631 3620 3647 3622 3620 3635 3618 3639 3612 3632 3629 3645 3640 3639 3614 3616 3630 3614 3637 3619 3620 3610 3621 3622 3619 3571 3616 3601 3634 3611 3613 3605 3622 3562 3631 3587 3620 3552 3583 3602 3619 3594 3577 3589 3584 3556 3597 3593 3563 3572 3592 3540 3593 3624 3579 3596 3595 3582 3595 3594 3547 3579 3585 3601 3562 3600 3591 3593 3612 3578 3584 3550 3594 3564 3573 3567 3600 3552 3580 3566 3571 3577 3537 3585 3538 3581 3601

Tree=0
num_leaves=31
num_cat=0
split_feature=0 0 0 0 11 15 15 8 0 13 13 13 0 0 7 13 11 23 5 13 5 13 0 13 5 22 13 0 19 22
split_gain=1093.76 1335.08 362.362 528.779 292.085 282.205 231.485 205.461 139.017 133.753 125.146 124.337 161.891 89.9872 89.0778 83.8957 72.3893 71.9936 64.5653 103.533 64.3833 58.9542 58.5362 56.5692 54.1268 49.5802 76.3696 66.7868 47.9587 42.4647
threshold=0.0010299722198396923 -0.0010351430973969398 -0.0003031987434951588 0.0002981225989060477 0.31725116074085241 0.00032766973890829837 0.00033835627255029982 1.3974986501352762e-07 -0.00032314086274709547 0.00087395834270864736 0.0034326193854212765 0.0014353514998219909 -0.001164935471024364 0.00032187114993575966 0.00014597445260733369 0.00069529659231193375 1.2157634496688845 -0.0049601891078054896 0.00060979329282417904 0.00035843765363097196 0.0024176001315936451 0.00068033786374144267 0.0011802311637438836 0.00076596348662860702 0.0026290422538295393 8.7174208601936712e-05 0.0034326193854212765 -0.0035506469430401917 -0.0026665244949981566 0.0017363771330565216
decision_type=2 2 2 2 2 2 2 2 2 2 2 2 2 2 2 2 2 2 2 2 2 2 2 2 2 2 2 2 2 2
left_child=1 7 5 18 10 8 13 11 -3 22 20 12 -1 -5 -11 -7 -9 -12 19 -4 -2 -14 -6 -8 -22 26 27 -13 -17 -23
right_child=4 2 3 6 9 15 23 16 -10 14 17 25 21 -15 -16 28 -18 -19 -20 -21 24 29 -24 -25 -26 -27 -28 -29 -30 -31
leaf_value=-2.9430313787308897 -2.9055953924320748 -2.9485623156563476 -2.9866408454578259 -2.8873737671745956 -2.9379931270136859 -2.9652546572280745 -2.9642434903581232 -2.9275687970800148 -2.8696838388137422 -2.9158386935601608 -2.872087071931523 -2.9272288152117203 -2.9506491447371732 -2.946515275933435 -2.9477570904139037 -2.9323942419188422 -2.9662960920510493 -2.68727845050535 -2.9851510075717842 -2.9708775216130183 -2.7814588797616242 -2.8818913195397373 -2.9808301738522474 -2.9488237749595609 -2.8776313606300148 -2.9147594470972393 -2.8014481381108736 -2.8759487019215793 -2.9540249117123163 -2.9363291562712326
leaf_weight=495.93682819977403 410.84801685065031 89.782071765512228 1476.5466595999897 170.31842051073909 139.53063217923045 1299.7515397146344 1506.4427284523845 205.89333446696401 147.83770311623812 708.16606422886252 9.761981666088106 86.59065468236804 46.040884684771299 103.34559436887503 316.18495425209403 387.89797341451049 291.49840446189046 11.451555415987967 2665.7249839045107 3536.606386769563 17.036535311490297 248.27347602695227 186.13470811396837 982.86259640008211 103.58025738969445 188.2466753013432 26.563853956758976 238.04216831922531 755.05173578858376 41.863882914185524
leaf_count=10567 8754 1913 31461 3629 2973 27694 32098 4387 3150 15089 208 1845 981 2202 6737 8265 6211 244 56799 75355 363 5290 3966 20942 2207 4011 566 5072 16088 892
internal_value=-2.95774 -2.96227 -2.9679 -2.97211 -2.92203 -2.95151 -2.95336 -2.92274 -2.89949 -2.93456 -2.89141 -2.91275 -2.92487 -2.90971 -2.92569 -2.95657 -2.95027 -2.77232 -2.97886 -2.97552 -2.89617 -2.89809 -2.96248 -2.95816 -2.86405 -2.89406 -2.88296 -2.88963 -2.94668 -2.88975
internal_weight=16893.8 14991.1 13122.2 10441.8 1902.69 2680.32 2762.97 1868.95 237.62 1350.02 552.678 1371.56 832.115 273.664 1024.35 2442.7 497.392 21.2135 7678.88 5013.15 531.465 336.178 325.665 2489.31 120.617 539.443 351.197 324.633 1142.95 290.137
internal_count=359959 319418 279596 222486 40541 57110 58871 39822 5063 28765 11776 29224 17730 5831 21826 52047 10598 452 163615 106816 11324 7163 6939 53040 2570 11494 7483 6917 24353 6182
is_linear=0
shrinkage=1


Tree=1
num_leaves=31
num_cat=0
split_feature=0 0 0 0 15 10 14 15 14 8 0 7 14 0 6 13 5 13 13 13 5 23 22 13 0 5 5 0 14 0
split_gain=1030.15 1173.53 301.073 492.887 244.278 237.895 216.981 216.381 181.141 120.024 119.496 115.006 80.585 91.9512 67.0255 59.0446 57.2434 103.834 56.8605 46.6011 43.4904 43.035 41.0664 38.8801 38.7213 37.9149 37.0054 36.8038 36.5372 36.1303
threshold=0.0010499777272343638 -0.00096888793632388104 0.00030338655051309621 -0.0003031987434951588 0.00032766973890829837 0.19119551032781604 0.00072928005829453479 0.00029911367164459085 0.00081217486876994382 7.4334206146886586e-05 -0.00032314086274709547 0.00027858062821906065 0.0018027948099188509 -0.001164935471024364 0.00031933578429743653 0.0034326193854212765 0.00067814125213772069 0.0004122806567465887 0.00063785092788748454 0.00076596348662860702 0.0010515799513086679 0.0010823576012626292 -0.0018900551949627695 0.0010351344244554641 -0.0028803079621866341 0.0017055549542419615 0.0010718631674535575 -0.0010833258274942634 0.0029562684940174226 -0.0015278005157597361
decision_type=2 2 2 2 2 2 2 2 2 2 2 2 2 2 2 2 2 2 2 2 2 2 2 2 2 2 2 2 2 2
left_child=1 6 3 4 10 15 -1 14 -7 12 -3 20 13 23 -4 26 17 -5 -6 -9 -10 -22 -20 -8 -25 -21 -2 -15 -19 -11
right_child=5 2 7 16 18 8 9 19 11 29 -12 -13 -14 27 -16 -17 -18 28 22 25 21 -23 -24 24 -26 -27 -28 -29 -30 -31
leaf_value=-0.015365500606572763 0.045865516945196222 0.0060153602143988658 0.073098291437884363 -0.026684746446232817 -0.0084765347898904716 -0.012301291395188593 0.0046008256578801742 -0.0045047723501143401 0.018263798441717018 0.0012107408573692694 0.077710644270038695 0.0075347970706771536 0.063749205801949246 0.074035644490635724 0.0034288603856659295 0.15026912620006783 -0.026644071419306827 -0.012990401651573953 0.020349408936328993 0.012909299407579532 0.051145558726008893 0.012264800459453641 0.00094813577673762194 -0.0054555521878846408 0.038306184775272985 -0.016022313590988914 0.077628690454269872 0.042384152875372109 0.014662372583923633 0.030432744126289886
leaf_weight=224.09114321321249 157.19871927797794 91.24070417881012 143.40376440435648 1886.0597187653184 1099.7524872012436 261.76873327419162 172.96811267361045 1572.3035091087222 156.40457141399384 245.24799431487918 160.0962233543396 319.14012006297708 376.76488656923175 162.45118975639343 45.467486035078764 21.137688759714365 2451.4335819557309 3119.6682045869529 398.66506835073233 888.88528721034527 695.68936125934124 79.279529929161072 863.57337556406856 58.195428594946861 384.64130890741944 129.7742436081171 220.06778315454721 211.30479867383838 124.20924148336053 186.00041064247489
leaf_count=4727 3196 1928 2884 41111 23591 5567 3637 33618 3213 5199 3152 6731 7586 3266 950 381 53534 67285 8358 18774 14279 1634 18327 1194 7951 2739 4406 4295 2678 3917
internal_value=-3.66541e-07 -0.00440585 -0.00992708 -0.0139043 0.00482118 0.0345765 0.031028 0.00465898 0.0255209 0.0368116 0.0516837 0.0334382 0.0440701 0.0365774 0.0563266 0.0689499 -0.0203591 -0.0173557 -0.000165414 0.000892615 0.0423142 0.047168 0.00707583 0.0247034 0.0325552 0.0092235 0.0643937 0.0561413 -0.0119316 0.0138144
internal_weight=16906.9 14996.2 12974.5 10194.7 2613.33 1910.69 2021.67 2779.83 1512.28 1797.57 251.337 1250.51 1366.33 989.561 188.871 398.404 7581.37 5129.94 2361.99 2590.96 931.373 774.969 1262.24 615.805 442.837 1018.66 377.267 373.756 3243.88 431.248
internal_count=360108 320701 278929 219964 55356 39407 41772 58965 31424 37045 5080 25857 27929 20343 3834 7983 164608 111074 50276 55131 19126 15913 26685 12782 9145 21513 7602 7561 69963 9116
is_linear=0
shrinkage=0.05


Tree=2
num_leaves=31
num_cat=0
split_feature=0 0 0 0 11 15 15 15 14 8 15 7 0 8 5 14 5 12 19 0 14 14 23 5 14 7 22 14 14 0
split_gain=821.528 1064.67 300.562 445.818 211.976 206.111 167.776 163.518 135.827 111.4 74.6893 70.3797 68.6812 67.139 57.3853 98.2136 53.3515 60.7501 51.0064 49.0296 41.62 36.2355 50.1195 37.2654 35.5648 38.9698 35.5487 34.4 34.1438 59.0016
threshold=-0.0010351430973969398 0.0010299722198396923 -0.0003031987434951588 0.0002981225989060477 0.26009272038936621 0.00029911367164459085 0.0003163889487041161 0.00070480987778864812 0.00072928005829453479 0.00023417832562699917 0.0020744244102388625 0.00012276717461645606 -0.001164935471024364 1.3293442435724503e-07 0.00060979329282417904 0.00043406453914940363 0.0024176001315936451 0.003799197264015675 -0.0053924855310469857 0.00032187114993575966 0.0011719683534465732 0.0029562684940174226 -0.0049897246062755576 0.0010718631674535575 0.00063460678211413335 0.00073973878170363616 0.0017363771330565216 0.0032240003347396855 0.0013928010012023153 0.0012883796007372441
decision_type=2 2 2 2 2 2 2 2 2 2 2 2 2 2 2 2 2 2 2 2 2 2 2 2 2 2 2 2 2 2
left_child=7 2 5 14 21 13 19 -1 -6 10 12 28 20 -2 15 -4 17 -12 -7 -5 -9 23 -23 -3 -8 -26 -14 -19 29 -10
right_child=1 4 3 6 8 18 24 9 11 -11 16 -13 26 -15 -16 -17 -18 27 -20 -21 -22 22 -24 -25 25 -27 -28 -29 -30 -31
leaf_value=-0.019013128448365287 0.070304215412796772 0.0359930407584318 -0.02656645282200672 0.058043191826737353 -0.021915362547181183 0.019788998864250468 -0.0070981979894582208 0.013145339108770165 0.045236195416611946 0.0097872632624798912 0.0049416287709339052 0.0070560318591950961 0.058704039646883067 0.00069920841318579785 -0.025879836499505884 -0.011528988395528045 0.077075978422815689 0.042177529806429553 -0.0012722123146413642 0.0091927822353768517 0.036365098129829902 0.033469706409767923 0.15460499894667462 0.06363097978315832 0.0078146002476443596 -0.017697765305290932 0.016363902647605587 0.16072101610096692 0.044717628149957597 0.012251751843166653
leaf_weight=156.29016583785415 152.91207477450371 200.89442579075694 1638.6742535047233 170.27951295301318 172.95943700149655 331.20451687276363 1061.0113000273705 338.75337927788496 221.38279229402542 370.77907298505306 63.964592013508081 378.54859561100602 323.37212506681681 44.793003711849451 2537.4665134772658 3218.4995407089591 204.56255707517266 13.135839700698854 2177.2264758199453 73.55079822614789 448.48758262768388 14.435887683182953 20.903740026056767 310.42857181280851 1309.6795819625258 168.99514969438314 58.550798941403627 11.458157878369091 358.78547686710954 349.79305988922715
leaf_count=3324 2900 3931 36513 3239 3737 6878 22792 7009 4435 7765 1235 7934 6188 874 56744 70304 3884 248 46382 1530 8877 262 349 5853 27688 3585 1164 209 7072 7003
internal_value=-0.000101045 -0.00412726 -0.00942782 -0.0133656 0.0295461 0.00538258 0.00369038 0.0300799 0.0197268 0.0342657 0.0404724 0.0252311 0.0348144 0.0545342 -0.0197858 -0.0166022 0.0630407 0.0306203 0.00150864 0.0433076 0.0263735 0.0561565 0.105122 0.0527723 -0.000113196 0.00489884 0.0522131 0.097406 0.0326295 0.0250362
internal_weight=16901.8 14912.4 12884.3 10178.2 2028.13 2706.14 2783.52 1989.35 1481.47 1833.06 1462.29 1308.51 1169.16 197.705 7394.64 4857.17 293.121 88.5586 2508.43 243.83 787.241 546.663 35.3396 511.323 2539.69 1478.67 381.923 24.594 929.961 571.176
internal_count=359908 320005 279429 222395 40576 57034 58834 39903 30181 36579 28814 26444 23238 3774 163561 106817 5576 1692 53260 4769 15886 10395 611 9784 54065 31273 7352 457 18510 11438
is_linear=0
shrinkage=0.05


Tree=3
num_leaves=31
num_cat=0
split_feature=0 0 0 13 10 15 15 13 13 8 0 6 7 13 6 5 13 0 0 11 15 12 13 23 5 5 10 15 5 5
split_gain=776.296 967.847 428.664 275.147 187.346 163.12 153.582 103.787 99.1481 96.2083 66.5116 60.2405 58.8462 60.0408 56.7504 54.7201 94.7775 51.7737 122.697 47.5772 46.9187 44.1719 43.7491 39.7116 37.5226 37.105 36.0394 34.0057 31.7059 31.4937
threshold=0.0010499777272343638 -0.0003031987434951588 0.0002981225989060477 0.0011555126984603705 2.1287478208541875 0.00030473012884613132 0.00033835627255029982 0.0009558699093759061 0.00073959471774287533 7.4334206146886586e-05 0.0012241775402799251 -0.00032090891909319902 0.00030121016607154166 0.0032908808207139377 0.0003160056949127466 0.00060979329282417904 0.0004122806567465887 -0.0010351430973969398 -0.001164935471024364 0.11340978369116785 0.00080945834633894276 0.0028378507122397427 0.00076596348662860702 -0.0051498247776180497 0.00030455307569354778 0.0010217809467576446 2.9175393581390385 0.0009504435001872481 0.0024176001315936451 0.00010644526264513844
decision_type=2 2 2 2 2 2 2 2 2 2 2 2 2 2 2 2 2 2 2 2 2 2 2 2 2 2 2 2 2 2
left_child=1 3 15 5 7 11 14 10 -7 19 -2 -1 13 25 24 16 29 18 28 -5 -6 -21 -8 -15 -4 -9 -23 -24 -10 -3
right_child=4 2 6 9 20 8 22 12 17 -11 -12 -13 -14 23 -16 -17 -18 -19 -20 21 -22 26 27 -25 -26 -27 -28 -29 -30 -31
leaf_value=0.003661017265191328 0.03185935137251706 -0.039439727512785322 -0.0019879871639969285 0.059244444609757134 -0.031134755052987031 -0.0044880369027469483 -0.0057506246554935572 0.02652784196498836 0.01078737076278407 0.0117207143905921 -0.010009910608112911 0.063424010306804363 0.018729129207122226 0.038073409240771905 0.0067835663899494291 -0.025164552843638811 -0.010734592518643761 0.0040940185146260358 0.046725215464315212 0.02984356595108198 0.0087159767569245476 0.078193059625588035 0.018030349400706299 0.12787750146740476 0.060809874832155192 0.051174440966422069 0.0078950968162684269 -0.00025884971261212622 -0.027742777502906924 -0.022141827808702615
leaf_weight=56.685630865395069 231.95653216913342 323.80927544459701 27.481903415173292 258.34309945628047 93.365138709545135 1688.0283515527844 1503.9003957286477 191.31432883441448 315.7804379761219 396.78367621824145 160.47283201292157 164.62111451849341 188.29020622372627 18.086005598306656 102.52583387494087 2487.6976786330342 3058.6773090139031 718.04657417535782 308.25910520553589 689.39240675419569 353.56166771054268 88.702687449753284 445.55176112800837 38.547331761568785 176.93246036395431 756.71662993356586 22.948808923363686 591.65665465593338 64.256883438676596 1404.2858521528542
leaf_count=1136 4562 7381 528 4849 2022 36077 32435 3670 6488 8245 3324 2913 3877 325 2106 56953 67422 14994 5745 13313 7055 1600 9265 618 3251 14096 418 12366 1349 32058
internal_value=-4.65396e-06 -0.00395998 -0.012711 0.0146037 0.028983 0.00664705 0.00373309 0.0370433 0.0036812 0.0327208 0.0147381 0.0481163 0.0443807 0.0491882 0.0371411 -0.0191491 -0.0160229 0.0134867 0.0232854 0.0405861 0.000390969 0.0345687 -0.000302255 0.0991983 0.0523672 0.0462007 0.063744 0.00759761 0.00427268 -0.0253831
internal_weight=16926.7 14894.4 10122.5 4771.85 2032.31 3315.68 2848.05 1585.38 3094.37 1456.17 392.429 221.307 1192.95 1004.66 306.94 7274.47 4786.77 1406.34 688.296 1059.39 446.927 801.044 2541.11 56.6333 204.414 948.031 111.651 1037.21 380.037 1728.1
internal_count=360441 320892 223765 97127 39549 68702 59951 30472 64653 28425 7886 4049 22586 18709 5885 163814 106861 28576 13582 20180 9077 15331 54066 943 3779 17766 2018 21631 7837 39439
is_linear=0
shrinkage=0.05


Tree=4
num_leaves=31
num_cat=0
split_feature=0 0 0 13 15 11 15 15 15 22 5 7 5 12 0 6 0 11 13 6 8 5 10 5 13 0 8 13 0 13
split_gain=674.949 876.918 410.394 219.784 159.45 151.922 136.045 107.039 94.1208 65.0561 80.5674 55.8502 54.2203 96.8456 46.855 46.6049 46.0068 38.4622 38.0902 35.6037 35.499 34.4048 34.1419 33.8034 60.1932 32.9929 31.608 31.3625 62.1708 31.0745
threshold=0.0010499777272343638 -0.0003031987434951588 0.0002981225989060477 0.0008178801799658687 0.00028797582490369683 0.31725116074085241 0.00033835627255029982 0.0019785962067544465 0.00069998877006582927 0.00099310174118727467 0.0027176990406587724 0.00012276717461645606 0.00074889001552946876 0.00052968275849707435 0.00032187114993575966 0.00046064374328125274 -0.00093550232122652222 4.4649772644042978 0.000156209382112138 -0.00032090891909319902 0.0026396837783977394 0.0017055549542419615 0.23790671676397326 0.0016695096273906531 0.0034326193854212765 0.0024106070632115011 0.00042292696889489895 0.0012330604367889466 0.0013929292908869686 0.00076596348662860702
decision_type=2 2 2 2 2 2 2 2 2 2 2 2 2 2 2 2 2 2 2 2 2 2 2 2 2 2 2 2 2 2
left_child=1 3 12 4 19 25 14 9 -7 10 16 27 13 -3 -4 -8 22 -13 -14 -1 23 29 -5 24 -9 -2 -6 28 -10 -17
right_child=5 2 6 7 26 8 15 20 11 -11 -12 17 18 -15 -16 21 -18 -19 -20 -21 -22 -23 -24 -25 -26 -27 -28 -29 -30 -31
leaf_value=0.0038443827272877937 0.03835733656054939 -0.021747014617286949 0.048580651660943802 0.052381276721789188 -4.9579531309781728e-05 -0.022883479792125572 -0.007120084739958921 0.0045659900345074254 0.038477164932836351 0.0057410129578471768 -0.0075246823412124216 0.011987500406178006 0.078488473773558942 -0.0076391803548517649 0.0078021066690357526 0.002092806044179856 0.016482594285213568 -0.032558414750724775 -0.025807953693655617 0.057671849059886496 -0.0085491638861098836 -0.018416208872128619 0.029725652887781132 0.057604886128755084 0.091461230687360534 0.062001309321914881 -0.022575267700196799 0.036852861986395438 0.00087383136328650119 0.018469930080281818
leaf_weight=38.825491510331631 428.42736965045333 2918.9241466224194 207.70094317570329 228.4888757057488 1871.7064208611846 131.6416908018291 1228.1737495027483 83.341837976127863 206.17825916409492 656.09937259554863 172.26830123364925 316.12868020683527 8.7902871295809728 2085.6672552973032 106.59367272630334 678.95796678215265 479.78668882697821 57.229506403207779 2129.6817492730916 147.15943482518196 28.331535864621401 125.86481435224414 610.91999352350831 313.96141190454364 26.192958176136017 225.04519414156675 169.8669111058116 484.39286309108138 235.43709195777774 505.14457648992538
leaf_count=771 7721 67038 3637 4183 39670 2901 26212 1552 3936 13171 3447 6506 206 46521 2191 14708 9830 1197 49909 2453 589 2699 11724 5534 420 3710 3621 8940 4624 10402
internal_value=-0.000115188 -0.00386157 -0.0123129 0.0136391 0.00211381 0.0265248 0.00371968 0.0235158 0.0174031 0.0188619 0.0246338 0.0214847 -0.0187151 -0.0158676 0.0347505 -0.000122823 0.0288332 0.00515936 -0.0253792 0.046435 0.0456361 0.00643753 0.0358926 0.0492611 0.0253452 0.0464999 -0.00192381 0.0280669 0.0184298 0.00907938
internal_weight=16906.9 14822.4 9995.5 4826.95 2227.56 2084.48 2852.44 2599.39 1431.01 2147.56 1491.46 1299.37 7143.06 5004.59 314.295 2538.14 1319.2 373.358 2138.47 185.985 451.828 1309.97 839.409 423.496 109.535 653.473 2041.57 926.008 441.615 1184.1
internal_count=360023 320488 223523 96965 46515 39535 59849 50450 28104 42355 29184 25203 163674 113559 5828 54021 25737 7703 50115 3224 8095 27809 15907 7506 1972 11431 43291 17500 8560 25110
is_linear=0
shrinkage=0.05


Tree=5
num_leaves=31
num_cat=0
split_feature=0 0 0 13 11 0 14 13 14 14 0 8 5 13 22 0 0 11 13 23 13 8 13 14 0 0 5 13 13 0
split_gain=576.836 794.205 371.233 189.863 146.74 109.053 104.532 98.7661 82.8104 73.4221 63.707 59.238 48.7505 96.5117 48.3538 47.7926 96.7422 44.4179 42.8439 35.5611 34.483 31.7015 31.2382 30.8863 33.342 37.8532 28.8172 26.5862 25.62 39.0716
threshold=0.0010499777272343638 -0.0003031987434951588 0.0002981225989060477 0.0011201646411791446 1.9748925566673281 -0.00032314086274709547 0.00072014605393633257 0.00033129098301287746 0.00072928005829453479 0.00030812817567493772 0.00031655846396461135 8.9455643319524838e-05 0.00074889001552946876 0.00035402766661718493 0.00099310174118727467 -0.00099922739900648572 -0.0013519252534024415 0.26009272038936621 0.0041051974985748538 1.0000000180025095e-35 0.000156209382112138 1.3293442435724503e-07 0.00076596348662860702 0.00077794052776880573 0.00018028830527327957 -7.2138704126700745e-05 0.0017905574059113862 0.00072894175536930572 0.001213074545376003 0.0012883796007372441
decision_type=2 2 2 2 2 2 2 2 2 2 2 2 2 2 2 2 2 2 2 2 2 2 2 2 2 2 2 2 2 2
left_child=1 3 12 5 8 6 -1 21 -2 10 -4 14 13 -3 18 16 -8 -10 -5 27 -14 -7 -11 24 25 -15 -24 -6 29 -19
right_child=4 2 9 11 19 7 15 -9 17 22 -12 -13 20 23 -16 -17 -18 28 -20 -21 -22 -23 26 -25 -26 -27 -28 -29 -30 -31
leaf_value=-0.0066479826692052964 -0.009995021986397892 -0.026680289819284855 0.046474476687287464 0.037545953746623062 -0.034555264513526571 0.066108613177120065 -0.000288345877324203 -0.00076842346383323827 0.045064196264005346 -0.0037118785038941556 -0.0044780851916432184 0.01094809287563013 0.068717151322783679 -0.0068474327763277144 0.01686037027458059 0.0034903925975450323 0.036708954006478195 0.033984762073664188 0.12614869643447071 -0.01883240494750071 -0.024833232230157081 0.012487045152312321 0.010191393642557124 -0.006099342486087905 0.00024843813531708568 -0.023411748907654434 -0.017902043889465726 0.014512206900081721 0.034784515065949539 0.0033862782298583506
leaf_weight=1455.5499783940613 113.67529144138098 1349.2618877738714 172.19448455423117 830.22763627022505 30.586967866867781 155.90728433057666 302.05114213004708 124.03601038828492 586.10242281109095 1544.4042607583106 95.29927022755146 433.33197370916605 9.8972530961036664 502.75899466872215 348.3279121555388 771.14751567691565 425.73519412055612 203.37009977176785 13.871758285909889 166.91598395630717 2080.5290917754173 33.483740676194429 945.12979893386364 1697.9733682796359 288.73665540292859 1098.475948870182 101.04003541171551 283.29745146632195 539.31859490275383 214.22416899353266
leaf_count=31276 2395 32262 2896 14747 670 2573 6098 2528 9763 33328 1944 8797 216 11526 6483 16097 7725 3770 200 3479 49918 597 19389 38157 6623 25084 2196 5485 9846 4198
internal_value=-0.000145088 -0.00365633 -0.0118113 0.0128175 0.0241329 0.00587101 0.00289605 0.0339142 0.0311904 0.00338222 0.0283217 0.0267805 -0.0179903 -0.0152806 0.0325341 0.0121638 0.0213541 0.0342246 0.039002 -0.000185314 -0.0243903 0.0566285 0.000807051 -0.0109937 -0.0153908 -0.0182109 0.0074781 0.00973075 0.0275854 0.0182879
internal_weight=16916.9 14779.4 9885.7 4893.67 2137.49 3267.91 2954.48 313.427 1656.69 2858.07 267.494 1625.76 7027.63 4937.21 1192.43 1498.93 727.786 1543.02 844.099 480.8 2090.43 189.391 2590.57 3587.94 1889.97 1601.23 1046.17 313.884 956.913 417.594
internal_count=360266 320660 223539 97121 39606 66894 61196 5698 29972 59753 4840 30227 163786 113652 21430 29920 13823 27577 14947 9634 50134 3170 54913 81390 43233 36610 21585 6155 17814 7968
is_linear=0
shrinkage=0.05


Tree=6
num_leaves=31
num_cat=0
split_feature=0 0 0 13 15 7 15 13 13 11 13 4 5 12 1 8 0 13 23 0 0 6 6 5 11 1 12 6 23 15
split_gain=504.057 688.359 344.838 178.999 113.761 112.686 97.4784 65.2379 62.6899 58.7872 53.5815 49.4133 47.7644 80.4621 45.212 44.8969 41.9335 56.3787 41.0973 39.5315 53.1537 38.6673 36.4299 35.3018 32.8845 37.0976 38.6717 30.8675 30.0812 29.8689
threshold=0.0010499777272343638 -0.0003031987434951588 0.0002981225989060477 0.0011285864165984096 0.00033835627255029982 6.9659668952226652e-05 0.00028164952527731662 0.00068033786374144267 0.00070560871972702454 0.11340978369116785 0.0032908808207139377 0.001577630697283894 0.00060979329282417904 0.00050776105490513157 -0.0022699636174365874 0.0010506041580811145 0.0011802311637438836 0.0011839985381811859 0.00088606006465852271 -0.0010351430973969398 -0.0014720829785801468 0.00031933578429743653 0.00039233709685504442 0.00033191348484251654 3.3190488815307622 0.0025170424487441783 0.0028378507122397427 -0.0014641972375102339 -0.0051498247776180497 0.00035403827496338641
decision_type=2 2 2 2 2 2 2 2 2 2 2 2 2 2 2 2 2 2 2 2 2 2 2 2 2 2 2 2 2 2
left_child=1 3 12 6 21 8 23 29 -2 -5 15 14 13 -3 -9 16 -10 -18 -7 20 -16 -4 -6 -1 25 26 -11 -28 -12 -8
right_child=5 2 4 9 22 18 7 11 10 24 28 -13 -14 -15 19 -17 17 -19 -20 -21 -22 -23 -24 -25 -26 -27 27 -29 -30 -31
leaf_value=0.057264276674579929 -0.0076895564805089913 -0.019845375014366402 0.041770119431076419 0.045099812210846663 -0.0077692282935092954 0.0084777956986864696 0.014858425841890703 -0.0067723197060363879 0.041787267586682358 0.022482723151642684 0.022372368563477144 -0.0046717770537496447 -0.022797219826506815 -0.0064878958633013814 0.0064769799379873752 0.047084115091219757 0.0019582228597064574 0.028442497749971114 -0.028957487100107107 0.010253574805642516 0.041966346054313236 0.0034556266935773985 0.0046509267747195512 0.011472758757884964 -0.0014448994993607473 -0.015243340519708486 0.072612670529140846 0.020618280500546617 0.090803718684682871 -0.0068855874909093525
leaf_weight=116.92496144771576 109.83324351534247 2574.6509716846049 239.90748399123549 309.58103194460273 934.96658998355269 418.48281847313046 179.30824890360236 194.52901434153318 283.93337603285909 1008.1151813343167 22.387507688254118 416.93394955992699 2323.8069337755442 2005.6714587174356 158.65065098181367 285.04872144758701 298.49445689469576 614.88603875041008 88.886909574270248 536.1138900257647 314.96200020238757 90.763201631605625 1601.9956551343203 65.760185670107603 146.39645550400019 58.236473441123962 73.705283038318157 46.587523002177477 56.813012979924679 1325.0206940025091
leaf_count=1738 2257 61390 3980 5220 20035 8356 3527 3921 4899 18724 363 8458 56830 45340 3194 4780 5671 10470 1912 11043 5499 1853 33906 1196 2761 1098 1206 793 800 28768
internal_value=0.000112092 -0.00320962 -0.0109051 0.0119795 0.00366902 0.0225579 0.00528021 0.0032052 0.028823 0.0254718 0.0313911 0.0101637 -0.0169585 -0.0139963 0.0153 0.0292503 0.0250045 0.0197874 0.00191945 0.0195523 0.0300781 0.0312535 7.36296e-05 0.040781 0.0209134 0.0236717 0.0256801 0.0524761 0.0714603 -0.00429381
internal_weight=16901.4 14722.6 9771.76 4950.83 2867.63 2178.77 3308.2 3125.52 1671.4 1642.62 1561.56 1621.19 6904.13 4580.32 1204.26 1482.36 1197.31 913.38 507.37 1009.73 473.613 330.671 2536.96 182.685 1333.04 1186.64 1128.41 120.293 79.2005 1504.33
internal_count=359988 320480 223334 97146 59774 39508 67344 64410 29240 29802 26983 32115 163560 106730 23657 25820 21040 16141 10268 19736 8693 5833 53941 2934 24582 21821 20723 1999 1163 32295
is_linear=0
shrinkage=0.05


Tree=7
num_leaves=31
num_cat=0
split_feature=0 0 0 13 15 15 14 7 10 0 8 19 14 5 14 6 15 14 8 5 0 14 0 13 0 23 21 7 13 12
split_gain=461.861 607.129 323.558 157.899 125.109 109.167 99.7199 88.9066 70.4266 53.6535 50.1523 48.4652 45.9382 82.0196 42.2497 40.4155 38.6471 36.8876 35.9303 36.47 35.8299 34.5295 38.74 34.4649 41.6872 34.9048 50.2005 33.1784 32.7599 31.9522
threshold=-0.0010351430973969398 0.00030338655051309621 -0.00029653792444150889 0.00087395834270864736 0.00032766973890829837 0.00033835627255029982 0.00072928005829453479 0.00017773038416635248 0.21910283714532855 0.0010499777272343638 1.0000000180025095e-35 -0.0055576986633241168 0.00040652265306562191 0.00066336215240880858 0.0006749781605321915 0.0003160056949127466 0.00080032655387185525 0.0029562684940174226 0.00023575175146106633 0.00098559929756447695 0.00018028830527327957 0.0019253300270065667 -0.0028803079621866341 0.0032908808207139377 0.0029861893272027378 -0.002854896010830998 0.00053842077613808226 0.00031196381314657634 0.00019385171617614108 0.00041779455204959964
decision_type=2 2 2 2 2 2 2 2 2 2 2 2 2 2 2 2 2 2 2 2 2 2 2 2 2 2 2 2 2 2
left_child=6 2 4 5 10 15 -1 9 -8 16 27 -6 -4 17 -7 -3 -5 20 19 -10 29 22 -21 24 25 -11 -27 -2 -15 -14
right_child=1 3 12 7 11 14 8 -9 18 23 -12 -13 13 28 -16 -17 -18 -19 -20 21 -22 -23 -24 -25 -26 26 -28 -29 -30 -31
leaf_value=-0.013038305544142837 0.037070193203230586 0.040388297984430659 -0.024557506565036524 0.043982893155460112 0.017695401222975013 -0.0083933354657603539 0.040259575726250663 0.002968638241786576 0.0024833719747990464 0.020798677208847191 -0.0028748645027011979 -0.0027824025050920344 -0.020624656288611258 0.075313977768595802 0.0057770846589813539 0.0029565300988293572 0.0051250411320493613 0.017488997970158151 0.0055160395272654547 -0.013201998303849695 0.0058401548144640086 0.044709135159035296 0.025848937080912363 0.0608541079989285 0.0067059569930136651 0.071925544120477233 0.033062717343750277 0.090955989040732307 -0.022493349157089785 -0.008918843143361185
leaf_weight=193.36034065112472 206.70954479277134 226.50345365330577 1399.5330676026642 74.931204408407211 333.25762406736612 1228.1383899077773 527.2296008169651 620.08200981467962 175.05105300992727 467.95718628540635 72.758720621466637 2172.5950635522604 813.09581276774406 8.5963410884141904 920.09240128844976 105.79356859251857 438.14725740253925 122.18946378305554 371.05613519251347 70.258498895913363 303.20800852030516 219.51227848604321 661.12437263131142 83.233529925346375 201.30542854964733 96.523125283420086 597.3451940715313 33.146399840712547 2100.4351813085377 2059.6409406363964
leaf_count=4132 3370 3600 34585 1506 6622 26869 8646 12606 3119 7775 1371 46230 19402 180 18805 2116 8926 2710 7343 1301 7024 3452 11855 1155 3396 1618 10095 506 52526 47191
internal_value=-1.52074e-06 -0.00321331 -0.0105846 0.0108083 0.00366176 0.00180129 0.0212674 0.0194696 0.0245444 0.0246914 0.0334868 -5.90245e-05 -0.0164836 -0.0143939 -0.00232411 0.0284711 0.0107999 -0.0094695 0.0190097 0.0234565 -0.0105067 0.0273174 0.0220976 0.0296193 0.0277121 0.0313517 0.0384689 0.0445168 -0.0220947 -0.012232
internal_weight=16902.8 14685.2 9625.17 5060.05 2818.47 2480.53 2217.59 2579.52 2024.23 1959.44 312.615 2505.85 6806.7 5407.17 2148.23 332.297 513.078 3298.13 1497 1125.95 3175.94 950.895 731.383 1446.36 1363.13 1161.83 693.868 239.856 2109.03 2872.74
internal_count=360032 320184 221717 98467 58099 51390 39848 47077 35716 34471 5247 52852 163618 129033 45674 5716 10432 76327 27070 19727 73617 16608 13156 24039 22884 19488 11713 3876 52706 66593
is_linear=0
shrinkage=0.05


Tree=8
num_leaves=31
num_cat=0
split_feature=0 0 0 14 14 15 15 11 13 8 5 13 6 5 22 22 11 13 6 6 14 0 0 4 7 5 20 6 0 15
split_gain=408.181 574.005 266.597 143.992 107.252 92.998 90.159 68.3293 52.359 51.4953 49.3305 81.3292 45.7538 40.5719 37.494 37.4229 32.8974 32.184 32.0884 31.4467 26.7625 40.2953 36.317 26.1486 24.9103 24.5623 24.2225 23.9724 35.9884 23.68
threshold=0.0010299722198396923 -0.0003031987434951588 0.00030338655051309621 0.00094701774651184689 0.00072928005829453479 0.00033835627255029982 0.00032766973890829837 2.9189486503601079 0.00064723592367954563 0.00028283036954235291 0.00071751026553101848 0.00035843765363097196 -0.00032090891909319902 0.0025363086024299268 -0.0010904356604441998 -6.7263066739542396e-05 0.22830730676651004 0.0034326193854212765 0.0003160056949127466 0.00046064374328125274 0.00079290950088761758 0.00018028830527327957 -0.00010664960063877514 0.0017826746916398408 6.9659668952226652e-05 0.0016577920760028066 -0.0011557854595594106 -0.00059895930462516833 -0.00064602962811477471 0.002234889543615282
decision_type=2 2 2 2 2 2 2 2 2 2 2 2 2 2 2 2 2 2 2 2 2 2 2 2 2 2 2 2 2 2
left_child=1 3 10 6 -2 18 12 16 -8 15 11 -3 27 14 24 17 23 -5 -4 -7 21 22 -13 -6 26 -21 -10 28 -1 -18
right_child=4 2 5 9 7 19 8 -9 13 -11 -12 20 -14 -15 -16 -17 29 -19 -20 25 -22 -23 -24 -25 -26 -27 -28 -29 -30 -31
leaf_value=-0.034973538208116335 -0.01674813933694182 -0.023700068253022153 0.037283960649587271 0.027594877284263627 0.026591656264885008 -0.0068146354181888111 -0.0080708940222828946 -0.0014486120352196644 0.00034952398062471177 0.0057632495952735646 -0.022382733211863688 -0.0038742448809123684 0.039144077287758289 -0.044569493138029513 0.00036799392770301234 0.014486462501754435 0.018802800121720829 0.070971670382725741 0.0040023578669469073 0.0067947325710714492 -0.0042920017075662766 0.0038533820546495013 -0.02120194168293946 0.047568590491329624 0.035168304120815848 -0.01635674032896758 0.026523662448612175 -0.026899781194757152 0.067891761305936979 0.040177642249882968
leaf_weight=14.067183103412388 188.60774660110474 1299.0783869363368 234.94371223822236 1052.7841304726899 350.12215209379792 1171.5309577435255 1200.3120982944965 259.2111262306571 213.14988651871681 521.41426706686616 2027.0108986794949 417.02070640400052 232.47075170651078 37.467053316533566 659.02494242042303 688.58010115846992 1102.9977453164756 44.573241926729679 104.69756716489792 1159.7621458247304 1601.7444646656513 291.67630403861403 1100.0913927480578 258.05774957686663 154.41973495110869 127.12248349562287 151.0196496322751 48.257141251116991 21.496069580316544 146.82120808959007
leaf_count=286 4152 33000 3605 18007 5391 25263 26317 4984 4165 10324 51728 9876 3454 807 13231 12404 19561 575 2083 24261 36728 6752 26290 3880 3014 2764 2923 963 400 2451
internal_value=-0.00016605 -0.00325879 -0.0104726 0.0103909 0.0193813 0.00250033 0.00262292 0.0225999 -0.000664151 0.0195874 -0.0158609 -0.0130539 0.027725 0.00665256 0.00828225 0.0236234 0.0259549 0.0293568 0.0270246 -0.000887804 -0.00899873 -0.0131667 -0.0164389 0.0354924 0.0183397 0.00450776 0.0112038 -0.0039451 0.027203 0.0213138
internal_weight=16879.5 14573.7 9534.68 5039.04 2305.82 2798.06 2731.68 2117.21 2415.39 2307.35 6736.62 4709.61 316.291 1215.08 1177.61 1785.94 1858 1097.36 339.641 2458.42 3410.53 1808.79 1517.11 608.18 518.589 1286.88 364.17 83.8204 35.5633 1249.82
internal_count=359639 319220 222350 96870 40419 57976 55560 36267 50457 41310 164374 112646 5103 24140 23333 30986 31283 18582 5688 52288 79646 42918 36166 9271 10102 27025 7088 1649 686 22012
is_linear=0
shrinkage=0.05


Tree=9
num_leaves=31
num_cat=0
split_feature=0 0 0 14 14 15 7 14 5 8 14 8 15 0 10 14 5 19 0 23 5 11 0 20 6 22 14 15 10 0
split_gain=358.431 518.926 262.289 118.461 101.012 91.9566 63.705 55.0312 63.2387 49.4084 42.6094 42.4738 41.1145 45.7886 39.7767 36.4163 30.7233 33.0462 28.7455 28.2275 28.047 27.1571 26.2807 25.5504 24.6788 24.3785 23.522 27.5471 22.9932 24.3261
threshold=0.0010299722198396923 -0.0003031987434951588 0.00018028830527327957 0.00094701774651184689 0.00072928005829453479 0.00032766973890829837 0.00012276717461645606 0.00077794052776880573 0.0011148807243444028 0.00022782935411669317 0.00072014605393633257 1.0000000180025095e-35 0.0003163889487041161 0.00030338655051309621 0.12159606069326402 0.0018027948099188509 0.0025363086024299268 -0.00074067217065021385 -0.0028803079621866341 0.00088606006465852271 0.0010217809467576446 0.99749243259429943 -0.00010450959234731271 0.0044900579378008851 0.00036870437907055026 0.00037690892349928623 0.0029562684940174226 0.0019135127658955755 1.3614711165428164 -0.00030890651396475727
decision_type=2 2 2 2 2 2 2 2 2 2 2 2 2 2 2 2 2 2 2 2 2 2 2 2 2 2 2 2 2 2
left_child=1 3 7 5 -2 11 14 22 26 15 28 -1 13 -4 -6 18 17 -12 -5 -8 23 24 -3 -16 -14 -20 27 -9 29 -7
right_child=4 2 12 9 6 10 19 8 -10 -11 16 -13 21 -15 20 -17 -18 -19 25 -21 -22 -23 -24 -25 -26 -27 -28 -29 -30 -31
leaf_value=0.037646652121646876 -0.017432812983256076 -0.013079671609700562 -0.022338413491633853 -0.014107118992914581 0.038896430338686526 -0.0030337010747038908 0.0094079473106860462 -0.0057888234286882084 -0.022531107076812638 0.0048468038255490391 0.017887369524119082 -0.0062867489491892498 -0.0031007633206496994 0.025538919097619878 0.00071851822434259747 0.033044559770657594 -0.043721487785773346 -0.00064603420391694504 0.024622585246161482 -0.025870013677261605 0.02442207355207526 -0.0079954350554183214 -0.023920744208439478 0.074270499570379109 0.0075609327341076907 0.0098339628486071532 0.014139792586481093 -0.021636686461745963 -0.015728894375719903 0.049524785456805331
leaf_weight=250.95383644476533 183.95535936206579 757.70523200556636 60.184461683034897 67.954682480543852 415.71264205873013 974.78519335389137 358.57155093923211 1784.5051378719509 923.81987552717328 535.61184335872531 502.22985540702939 70.459950003772974 1054.3063063472509 293.34376779571176 208.08617631718516 537.73325552046299 28.436008084565401 461.56519781053066 776.0991343408823 67.354065749794245 1102.8171286843717 886.66876290366054 2131.9793393462896 12.517506908625363 1118.6609457097948 434.78783509880304 124.52115150168538 323.98773510381579 425.5546515956521 22.524068750441074
leaf_count=3767 4110 18733 1491 1240 6083 21280 6908 43080 24083 10549 9560 1303 23664 4664 3581 8132 626 9152 13416 1441 18160 19354 53861 206 23511 8055 2731 7574 9382 482
internal_value=1.49775e-05 -0.00291119 -0.00983715 0.00996391 0.0181379 0.0028911 0.0211602 -0.0160924 -0.0115287 0.0181923 -0.000452608 0.0280156 0.00124428 0.0173883 0.0254046 0.0221272 0.00750039 0.00901165 0.0175367 0.00382924 0.0211666 -0.000621099 -0.0210781 0.00489201 0.00238796 0.0193125 -0.00697689 -0.00822398 -0.00599861 -0.00184668
internal_weight=16897.4 14548.4 9459.68 5088.7 2349.01 2736.51 2165.06 6046.52 3156.83 2352.19 2415.09 321.414 3413.16 353.528 1739.13 1816.57 992.231 963.795 1278.84 425.926 1323.42 3059.64 2889.68 220.604 2172.97 1210.89 2233.01 2108.49 1422.86 997.309
internal_count=360179 319690 222746 96944 40489 55552 36379 150062 77468 41392 50482 5070 72684 6155 28030 30843 19338 18712 22711 8349 21947 66529 72594 3787 47175 21471 53385 50654 31144 21762
is_linear=0
shrinkage=0.05


Tree=10
num_leaves=31
num_cat=0
split_feature=13 0 0 5 5 15 0 0 0 11 11 4 13 10 0 0 0 0 6 4 6 11 4 5 14 0 7 13 23 6
split_gain=337.505 192.511 370.618 95.9028 92.3657 85.8796 64.1492 57.2291 117.536 55.9467 49.3454 46.8825 46.4299 44.746 41.5343 69.3882 42.506 40.3322 33.2618 33.1464 26.0302 25.7584 23.9973 22.9315 22.3675 22.6687 22.0245 21.4469 21.0523 20.3435
threshold=0.0008178801799658687 0.0010499777272343638 -0.00060941546689718951 0.00028386666963342583 0.0015211108839139344 0.00032766973890829837 0.00034450090606696909 -0.00029653792444150889 0.00030338655051309621 1.9748925566673281 2.6067653894424443 -0.00097085259039886285 0.00035402766661718493 2.0463333129882817 -0.00042865562136285002 0.00018028830527327957 -7.2138704126700745e-05 -0.0018016395042650399 -0.00032090891909319902 -0.0012397149694152174 0.00031933578429743653 0.0044123295228928336 -0.0010880405898205934 0.0027785201091319327 0.0029562684940174226 -0.00018026137695414943 0.0010958361090160908 0.0041051974985748538 0.00088606006465852271 -0.00059895930462516833
decision_type=2 2 2 2 2 2 2 2 2 2 2 2 2 2 2 2 2 2 2 2 2 2 2 2 2 2 2 2 2 2
left_child=3 2 10 12 6 7 24 18 -9 21 11 19 -1 14 26 16 -16 -13 29 27 -10 -3 -21 -6 25 -4 -7 -2 -11 -5
right_child=1 9 4 5 23 13 -8 8 20 28 -12 17 -14 -15 15 -17 -18 -19 -20 22 -22 -23 -24 -25 -26 -27 -28 -29 -30 -31
leaf_value=-0.028491289286351074 0.024073226946772941 0.056713924358716007 0.0050108579625746377 0.026853941519063652 -0.015236917066598469 0.0033870922057715027 0.010808533985662923 -0.017235518038464358 0.031655642891169275 0.010397215109023646 -0.00072915071873956008 0.026856654495508087 -0.011723984456379946 -0.017291359851051111 -0.0065487891298883398 -0.00031506542052583974 -0.021857265653524194 0.0065058518028864604 0.035610987089537437 0.092921326423662576 -0.0012109139276259191 0.023394642225957881 0.033936257834105386 -0.031869039868517642 0.01390759068255492 -0.0099323766929411451 0.07474418013910504 0.084166083579471695 -0.015994862447711779 -0.02192873489546256
leaf_weight=610.30375599861145 1057.4653091840446 60.273058861494064 294.5508845448494 38.134446363896132 672.10869222506881 978.31840535253286 685.61631157249212 399.08591290563345 240.29621619731188 304.35695850104094 331.14585032686591 351.59658861532807 1276.2349538169801 865.43072107434273 900.15208053216338 1755.1306424587965 913.73496633395553 791.59639271348715 241.44899299368262 31.381694562733173 80.400105275213718 1541.594765484333 38.272793844342232 299.63154976814985 124.88683054596186 1834.031550988555 10.934515323489903 15.059102788567541 100.51355106011033 48.618282593786716
leaf_count=15969 17778 836 6127 703 16813 20794 13744 10514 3473 5476 6119 5693 30022 19893 20936 38219 23491 14516 3420 502 1595 24503 620 7902 2703 44333 193 181 2028 979
internal_value=-8.69885e-05 0.00690731 0.00274344 -0.00722845 -0.00700179 -0.00433675 -0.00258344 0.00876643 0.000876544 0.0204512 0.0173093 0.0199231 -0.0171483 -0.00686859 -0.00488972 -0.00740249 -0.0142603 0.0127649 0.0260698 0.0270876 0.0234158 0.0246483 0.060511 -0.0203654 -0.00665794 -0.00786455 0.00417582 0.024917 0.00384509 -0.000485025
internal_weight=16892.3 8534.08 6527.34 8358.22 3910.83 6471.69 2939.09 1047.98 719.782 2006.74 2616.52 2285.37 1886.54 5423.7 4558.27 3569.02 1813.89 1143.19 328.202 1142.18 320.696 1601.87 69.6545 971.74 2253.47 2128.58 989.253 1072.52 404.871 86.7527
internal_count=360075 169874 137031 190201 91622 144210 66907 20684 15582 32843 45409 39290 45991 123526 103633 82646 44427 20209 5102 19081 5068 25339 1122 24715 53163 50460 20987 17959 7504 1682
is_linear=0
shrinkage=0.05


Tree=11
num_leaves=31
num_cat=0
split_feature=13 0 0 5 5 0 0 0 5 7 0 0 13 8 0 22 14 23 13 0 13 0 0 0 13 10 21 5 14 13
split_gain=299.249 172.3 331.694 92.8203 88.4877 88.2244 66.9026 93.5127 62.1426 48.3812 46.9405 89.2481 44.4867 41.9145 41.5462 35.0123 32.4211 29.3018 28.4935 30.3961 47.1083 31.3401 27.7392 27.6471 27.3666 27.0623 26.2482 25.8301 27.8078 24.2699
threshold=0.0008178801799658687 0.0010299722198396923 -0.00041303112811874593 0.00029652584635186946 0.00031803653109818702 0.00032187114993575966 -0.0003031987434951588 0.0002981225989060477 0.00058979651657864462 6.9659668952226652e-05 -0.00036715436726808543 0.00018028830527327957 0.00035402766661718493 0.00028283036954235291 -0.00010450959234731271 0.00099310174118727467 0.0014529826585203411 0.00088606006465852271 0.0032908808207139377 0.0011802311637438836 0.0012025416945107283 0.0029861893272027378 0.0016368100768886509 -0.0013519252534024415 0.00030834450444672262 1.5318027734756472 -0.00080689828610047687 0.0027785201091319327 0.0014862692332826557 0.00050067785196006309
decision_type=2 2 2 2 2 2 2 2 2 2 2 2 2 2 2 2 2 2 2 2 2 2 2 2 2 2 2 2 2 2
left_child=3 2 13 12 6 8 24 -8 -4 18 23 14 -1 15 -12 -2 -16 -11 19 26 -21 22 -22 -6 -5 -13 -3 28 -10 -25
right_child=1 9 5 4 10 -7 7 -9 27 17 11 25 -14 -15 16 -17 -18 -19 -20 20 21 -23 -24 29 -26 -27 -28 -29 -30 -31
leaf_value=-0.027751506953848495 0.022487239859315819 0.0078560397461399784 -0.0039161727805760351 0.046058489554766317 -0.023752669559272403 0.0066178467998102772 -0.012736671514399778 0.027846717589747889 -0.019958720688355008 0.0095225756031460922 -0.0086617626197108156 0.00098981155317267146 -0.011358995545841195 0.0035325982701319121 -0.024682914562435512 0.0082576432386579444 0.067713588057194907 -0.026995634777049107 0.049863375053928877 0.00063023594044432044 0.0046576572862315445 0.0063250903317416275 0.033042614017100139 -0.0057624883578114182 0.0069908614414378352 -0.011537441124766318 0.040484222908265935 -0.032612665886947341 -0.00257363568015446 0.0077951884842502074
leaf_weight=609.64996085688472 1603.4004115536809 77.864103365689516 1376.4304540902376 156.92465252429247 104.02374601364136 869.17857282608747 373.96521982178092 228.77880431339145 906.27292038500309 366.78481560945511 796.42325621843338 1620.5099718347192 1288.9148349650204 579.48045967891812 1031.759894926101 591.86021573841572 9.5823374167084676 64.606286481022835 92.26694268733263 311.12750582769513 101.82651461660862 206.52245108410716 556.27980592101812 514.1792803555727 62.750227380543947 587.38049108535051 295.79637914896011 271.22238002344966 308.24725228920579 921.99932203441858
leaf_count=16372 25985 1196 31874 2067 2235 17649 9925 3564 23426 6823 18557 34930 30649 11248 27163 10532 232 1416 1130 5324 1566 3236 8246 11257 1077 12916 4503 7441 8198 19357
internal_value=-0.00014817 0.00640148 0.00240169 -0.00691254 -0.0040357 -0.00733378 0.0112766 0.00266725 -0.0115706 0.0189543 -0.00629016 -0.00911825 -0.0166228 0.0154935 -0.0172581 0.0186508 -0.0238327 0.00405351 0.0228699 0.0212624 0.0173144 0.0233181 0.0286507 0.0011384 0.0348988 -0.0023429 0.0336851 -0.0186618 -0.0155464 0.00294128
internal_weight=16886 8579.17 6506.09 8306.84 6408.28 3731.35 822.419 602.744 2862.17 2073.07 5585.86 4045.66 1898.56 2774.74 1837.77 2195.26 1041.34 431.391 1641.68 1549.42 1175.76 864.629 658.106 1540.2 219.675 2207.89 373.66 1485.74 1214.52 1436.18
internal_count=360094 169793 136353 190301 143280 88588 16633 13489 70939 33440 126647 93798 47021 47765 45952 36517 27395 8239 25201 24071 18372 13048 9812 32849 3144 47846 5699 39065 31624 30614
is_linear=0
shrinkage=0.05


Tree=12
num_leaves=31
num_cat=0
split_feature=14 5 15 9 10 5 7 14 5 8 10 8 6 13 8 15 14 15 12 13 8 14 15 10 13 14 8 11 6 5
split_gain=269.981 85.6782 55.7876 55.0948 61.5585 51.1276 50.8179 47.6709 50.0107 40.7691 39.8882 35.4363 34.8466 27.2951 25.9173 25.7207 27.5407 33.043 25.2863 23.0261 22.9633 21.9146 21.7497 20.0375 18.9426 18.9155 20.9138 18.8895 18.2001 17.8329
threshold=0.00079290950088761758 0.00018428084149491045 0.00032766973890829837 1.0000000180025095e-35 2.9175393581390385 0.00030121616146061575 0.00049125391524285089 0.0028661498799920086 0.0010217809467576446 7.4334206146886586e-05 2.0463333129882817 1.0000000180025095e-35 -0.00099995004711672642 0.00037214857002254581 0.0003063882031710819 0.0017276009893976154 0.0012169418623670938 0.0010536426561884584 0.001817681535612792 0.00030360018718056386 0.00030387440347112721 0.001010920503176749 0.00076824481948278855 0.0083940303884446638 0.00082929930067621182 0.00026413665909785783 0.00031981237407308077 0.36903713643550878 0.00074068587855435919 0.0012174426228739323
decision_type=2 2 2 2 2 2 2 2 2 2 2 2 2 2 2 2 2 2 2 2 2 2 2 2 2 2 2 2 2 2
left_child=1 19 5 -2 6 -3 7 8 15 22 13 -7 -8 -4 24 16 17 -5 27 -1 -13 -11 -10 -18 -15 -22 -27 -14 -16 -24
right_child=3 2 10 4 -6 11 12 -9 9 21 -12 20 18 14 28 -17 23 -19 -20 -21 25 -23 29 -25 -26 26 -28 -29 -30 -31
leaf_value=-0.034687285557846323 -0.012941975556615158 -0.026546399792621828 -0.013910126267511633 0.0063853699985096839 -0.0072922575750373198 0.017043791566182451 0.01971707122218716 0.028715884463271169 0.04970166268525255 -0.0049794773941741069 -0.017865787697409669 -0.018954944378633893 0.0026214141284942021 -0.0030462217407624019 -0.015103521012045552 -0.0098237733191026393 0.042186956746063375 -0.0075541976141510177 0.0077263958791547131 -0.01669408768342184 -0.0048426041393141855 0.0096205105495578841 0.023405744294356393 0.011320245363752621 0.01100520128460116 0.024250796786359937 -0.036524986942015496 -0.012639821945880095 0.024043497836797177 0.013102925556903594
leaf_weight=226.10001351311803 393.42225646227598 117.45552504062653 802.43861002847552 1493.4503612853587 776.05404775589705 546.21056747809052 179.51550834998488 301.22257034108043 49.574798047542572 351.7388355396688 773.12086415663362 135.53325734660029 291.76345982402563 2771.4978440068662 581.39939428493381 311.65028610080481 57.144958343356848 594.30436730384827 349.78182635083795 832.41744939610362 205.1443029306829 954.46318889409304 598.59551860392094 657.86288360133767 262.57323474809527 141.92815648764372 15.723180070519446 664.65979423001409 31.288192227482796 1407.7058364376426
leaf_count=6321 9237 3116 19900 31811 15910 9782 3029 4890 909 7141 18330 3109 6407 63454 13833 6279 1078 12475 7066 20423 4266 18699 10623 13467 5393 2762 373 14813 661 24439
internal_value=-0.000242983 -0.00736264 -0.00517826 0.00537463 0.00617181 0.00473031 0.00743628 0.00927208 0.00836775 0.0125965 -0.00738298 0.00824729 -0.000938451 -0.00556142 -0.00372436 0.00380267 0.00531785 0.00241731 -0.0037772 -0.0205374 -0.00139441 0.00568897 0.0169853 0.0137872 -0.00183019 0.00516585 0.0181894 -0.00798428 -0.0131044 0.0161769
internal_weight=16875.7 7442.83 6384.31 9432.91 9039.49 1161.99 8263.43 6777.71 6476.49 3362.08 5222.32 1044.54 1485.72 4449.2 3646.76 3114.41 2802.76 2087.75 1306.21 1058.52 498.329 1306.2 2055.88 715.008 3034.07 362.796 157.651 956.423 612.688 2006.3
internal_count=359996 171723 144979 188273 179036 23408 163126 131811 126921 61811 121571 20292 31315 103241 83341 65110 58831 44286 28286 26744 10510 25840 35971 14545 68847 7401 3135 21220 14494 35062
is_linear=0
shrinkage=0.05


Tree=13
num_leaves=31
num_cat=0
split_feature=13 5 5 9 11 14 13 11 15 6 6 10 8 6 6 6 24 4 5 3 9 11 5 14 13 9 5 13 15 5
split_gain=231.096 82.5567 72.5963 51.5771 55.2906 50.2724 45.7251 37.5884 34.846 34.5834 53.3054 34.8728 28.6078 26.931 31.0718 24.3224 22.4929 21.0789 26.1878 19.7375 20.5694 18.4706 17.9641 16.5924 15.9776 15.8928 15.6597 17.749 21.5223 15.3334
threshold=0.0008178801799658687 0.00029652584635186946 0.00031803653109818702 1.0000000180025095e-35 3.3190488815307622 0.0027758685173466806 0.0004122806567465887 1.2347590923309328 0.00047131103929132229 -0.00099995004711672642 0.00098238722421228907 0.31876216828823095 1.3404789456217261e-07 -0.00042609852971509094 0.00036023244319949305 0.0034828042844310407 0.0025333309313282375 -0.001030232466291636 0.0027785201091319327 -0.0024076168192550536 2.7984946966171269 0.019962808117270473 0.00010644526264513844 0.002635703189298511 0.0022949589183554058 1.7111164331436159 0.0015832360368222 0.00063785092788748454 0.00037532232818193739 0.0005988776101730765
decision_type=2 2 2 2 2 2 2 2 2 2 2 2 2 2 2 2 2 2 2 2 2 2 2 2 2 2 2 2 2 2
left_child=1 6 8 23 5 9 22 13 12 17 11 19 -3 -4 -15 16 -7 18 -5 -11 -21 -18 -1 -2 -19 -17 27 28 29 -9
right_child=3 2 7 4 -6 15 -8 26 -10 10 -12 -13 -14 14 -16 25 21 24 -20 20 -22 -23 -24 -25 -26 -27 -28 -29 -30 -31
leaf_value=-0.034693110615064589 -0.019973768770595701 0.022154384216480683 0.0051577609400769936 0.025333698529338464 -0.008156794674066898 0.04341044874466915 -0.0087414500036408788 -0.018157339806561253 -0.019543557390540589 -0.0018850811918816675 0.013410297828773537 -0.0016518666412657012 0.0022018796602450408 -0.0087163523502602445 0.0018234529297857208 0.076834804578416613 0.035347230972248504 0.0042254730492068578 0.0029849450655551166 0.010716581293293165 -0.031269382745170785 0.006795929606658627 -0.01886880517094814 0.0046678425716180959 0.027925810019515968 0.012467767323344061 -0.023260154400584671 0.00027958472753690202 -0.017497457173308081 0.0057813071512400963
leaf_weight=284.22659356147051 252.23320094868541 435.42122070491314 837.86636812984943 528.10933565720916 604.4490687251091 80.965723592787981 1073.139107529074 97.942874502390623 86.903800904750824 461.00629907473922 1408.660622164607 2513.6457501910627 305.83618913590908 1963.6832817681134 1085.9770593829453 33.119770847260952 74.990282408893108 558.57490239664912 174.35446692630649 1511.9196898043156 29.744980864226818 231.56575558334589 486.04235731065273 93.688306882977486 81.485697813332081 13.498323127627371 252.30177196115255 336.42143867909908 747.20705132558942 211.00532175973058
leaf_count=7978 6037 7752 18053 8995 12434 1283 25713 2346 2054 9295 24381 53255 6720 47150 23455 495 1125 10201 3042 30637 573 4084 13286 2121 1366 216 5891 7628 17957 4241
internal_value=-8.39203e-05 -0.00609615 -0.00339595 0.00561697 0.0064048 0.00754764 -0.015413 -0.00546266 0.0104104 0.0065603 0.00491847 0.00226983 0.0139222 -0.00278182 -0.00496315 0.0240757 0.0199709 0.0138062 0.0197866 0.00719213 0.0099065 0.0137802 -0.0247079 -0.0132999 0.00724275 0.0581973 -0.0117986 -0.00972202 -0.0129079 -0.00180773
internal_weight=16856 8203.97 6360.57 8652.01 8306.09 7701.64 1843.41 5532.41 828.161 7267.5 5924.98 4516.32 741.257 3887.53 3049.66 434.14 387.522 1342.52 702.464 2002.67 1541.66 306.556 770.269 345.922 640.061 46.6181 1644.88 1392.58 1056.16 308.948
internal_count=359764 190224 143247 169540 161382 148948 46977 126721 16526 141745 118141 93760 14472 88658 70605 7203 6492 23604 12037 40505 31210 5209 21264 8158 11567 711 38063 32172 24544 6587
is_linear=0
shrinkage=0.05


Tree=14
num_leaves=31
num_cat=0
split_feature=0 0 0 13 14 7 15 15 7 5 14 8 11 22 24 6 5 6 19 0 13 7 13 14 11 11 12 15 14 5
split_gain=240.195 355.067 201.377 79.8774 67.2977 43.5155 42.6874 36.9391 36.1566 33.0152 59.1332 31.9595 28.4095 28.4066 35.6196 28.9016 41.2938 27.3589 26.4968 24.2257 53.2682 23.2909 23.1521 22.3164 21.8726 21.001 20.7813 22.2039 21.401 23.4985
threshold=0.0010299722198396923 -0.0003031987434951588 0.00018028830527327957 0.0011555126984603705 0.0006653417949564756 0.00012276717461645606 0.00024135704006766903 0.0003863784513669089 0.0010344471666030588 0.00060979329282417904 0.00053513803868554543 0.00030520373547915375 4.4649772644042978 0.0012124681961722674 -1.0000000180025095e-35 -0.0010536852641962466 0.0011547949980013075 0.00046064374328125274 -0.0058330632746219626 0.0011802311637438836 0.0012447816552594306 0.0011697772424668076 0.00010449874025653118 0.0036979215219616894 1.2744265198707583 0.60599723458290111 0.00038511508319061255 0.00048001749382819986 0.0030797714134678249 0.00010644526264513844
decision_type=2 2 2 2 2 2 2 2 2 2 2 2 2 2 2 2 2 2 2 2 2 2 2 2 2 2 2 2 2 2
left_child=1 3 9 6 -2 19 -1 11 13 10 -3 -4 -7 14 -8 16 -16 24 -5 -6 -21 -10 -11 25 -9 -20 28 -28 29 -12
right_child=4 2 7 18 5 12 8 17 21 22 26 -13 -14 -15 15 -17 -18 -19 23 20 -22 -23 -24 -25 -26 -27 27 -29 -30 -31
leaf_value=0.036911350030212571 -0.022500573007848985 -0.019170160862899504 0.0052925144969087276 0.026946328954679619 0.028589541716965268 0.0068568024170212591 -0.0099469133668967542 -0.0031581999582717107 0.036517265916186613 0.053248069240770059 -0.028897264761327281 0.031207122145693378 -0.03074885371497417 -0.0086311493556871146 0.039286698219259453 0.0033131362202041092 0.0062540876891322705 0.0040716059345886502 0.018217819632361753 0.0014693510544177535 0.022503828408161557 -0.016017987266668046 -0.019948422903596972 0.068395304680600941 -0.019018557768062522 0.0055018290771951398 0.052291242671065268 -0.0047292567503101042 0.051825067058247493 -0.0034751792007232801
leaf_weight=92.090537741780281 119.04413293674588 1523.6820809356868 444.82630326226354 444.56876183673739 515.19962593913078 393.39563925564289 414.05401138216257 1265.6277161873877 116.96076776832342 10.862870462238787 230.35567890107632 162.41267235577106 57.572214774787426 586.74569177255034 146.46789779141545 1826.3582500331104 267.22107867524028 1259.1583294644952 671.43783171474934 438.54224872216582 959.55932706594467 25.740128789097071 1965.1442576386034 17.825777072459459 262.4557125531137 628.75642025098205 17.233025379478931 1837.3177910707891 11.016500718891619 150.14745748788118
leaf_count=1187 2841 41643 9227 6981 7787 7431 8713 28497 1873 232 5926 2434 1298 12249 2232 36707 5028 26278 10501 7555 13621 501 53643 226 6151 10727 435 43853 238 3901
internal_value=-0.000178467 -0.00265851 -0.00860667 0.00772049 0.0141811 0.016028 0.00332358 0.00104901 0.00240942 -0.014311 -0.011567 0.0122237 0.00205593 0.00132484 0.00352582 0.00601614 0.0179494 -0.00138554 0.0163907 0.0193213 0.0159059 0.0270411 -0.019546 0.0128303 -0.00588229 0.0120685 -0.0064092 -0.00419941 -0.0168766 -0.0188656
internal_weight=16861.8 14378.5 9140.24 5238.23 2483.31 2364.27 3475.64 3394.48 3383.55 5745.76 3769.75 607.239 450.968 3240.85 2654.1 2240.05 413.689 2787.24 1762.59 1913.3 1398.1 142.701 1976.01 1318.02 1528.08 1300.19 2246.07 1854.55 391.52 380.503
internal_count=359916 319383 222458 96925 40533 37692 68490 72587 67303 149871 95996 11661 8729 64929 52680 43967 7260 60926 28435 28963 21176 2374 53875 21454 34648 21228 54353 44288 10065 9827
is_linear=0
shrinkage=0.05


Tree=15
num_leaves=31
num_cat=0
split_feature=14 0 0 5 5 7 8 0 0 8 0 10 0 15 13 0 10 13 5 24 17 24 11 14 15 14 0 13 5 1
split_gain=214.82 129.356 250.656 87.264 67.2653 51.8077 50.702 40.14 129.676 48.8082 47.1316 38.114 33.7723 31.1034 27.5032 28.4814 25.7504 25.1606 24.8933 23.5399 26.0976 29.007 22.5663 21.1346 22.9344 25.6474 21.0881 34.4841 20.9842 20.74
threshold=0.00079290950088761758 -0.00096888793632388104 0.00083059380995109688 0.0015349962050095203 0.00018011944484896961 0.000239851295191329 0.00031981237407308077 -0.00029653792444150889 0.00018028830527327957 0.00030520373547915375 -0.00032314086274709547 0.29258041083812719 0.0012241775402799251 0.00079110771184787165 0.00042529958591330802 -0.00062775149126537133 0.066755969077348723 0.0005537303222808988 0.0010217809467576446 -0.0012420327984727917 -0.0061853264924138776 0.0021277853520587091 0.36903713643550878 0.0010234205401502552 0.001433583034668118 0.0029562684940174226 -0.0013519252534024415 0.00077589269494637858 0.0010217809467576446 -0.0016365124611183999
decision_type=2 2 2 2 2 2 2 2 2 2 2 2 2 2 2 2 2 2 2 2 2 2 2 2 2 2 2 2 2 2
left_child=4 11 3 13 17 16 7 10 -9 12 26 -2 22 -3 -5 -16 -4 -1 -18 -13 21 29 -10 -15 -25 -26 -6 -28 -22 -21
right_child=1 2 5 14 6 -7 -8 8 9 -11 -12 19 -14 23 15 -17 18 -19 -20 20 28 -23 -24 24 25 -27 27 -29 -30 -31
leaf_value=-0.025727666306098431 0.02540114816949296 0.01211623463166407 0.029843959003970584 0.076077530856338171 -0.026726184536151526 -0.00088349320507154791 -0.015933132648771067 -0.016142439388811405 0.0096638551005701814 0.027954561126530178 0.019681856737754438 -0.010105862807632593 -0.02679207915568876 -0.0080065164486391432 0.001307189238020368 -0.021884904312924103 0.0043221069552890094 -0.0089666449830721768 0.018439599625841484 0.036129639555755932 -0.005307850301391883 -0.0089682712386825823 -0.0020150293432158535 0.0042781785514797782 -0.010835160706963392 0.013560528277408619 -0.0022262603500555335 0.022822297524756938 0.013492294566609584 0.092866366599197558
leaf_weight=550.99021602421999 689.53309155628085 383.64822155609727 361.16537474840879 7.7587528936564913 73.531668417155743 456.61011457443237 843.59991831704974 1660.7016420848668 613.64328768104315 172.39684082567692 358.79872630536556 119.15635867416859 109.33866251632571 1264.1012999378145 155.69997753947973 883.84160101413727 405.68799196556211 377.17186267673969 1355.7808953784406 67.865350063890219 171.24750718846917 27.733706094324589 1268.8907233141363 1288.6659338213503 630.92986228689551 129.91953564807773 1136.9609984308481 156.28990312665701 1113.7461908459663 21.11973487213254
leaf_count=15382 9959 8527 4905 156 1603 8946 20764 45064 13224 2573 5570 2112 2564 29236 2970 23795 7096 9067 20579 1089 2865 419 27999 29253 14921 2737 24928 2986 18316 324
internal_value=0.000102507 0.00504908 0.00184954 -0.00497052 -0.00633831 0.0143952 -0.00451248 -0.00277671 -0.00563262 0.00243185 0.00355377 0.0156502 0.000222854 -0.00136154 -0.0177112 -0.0184112 0.0176818 -0.0189166 0.0151882 0.0112294 0.013043 0.0356801 0.0017919 -0.00292199 0.000214048 -0.00666945 -0.000680062 0.000800868 0.0109869 0.0495955
internal_weight=16856.5 9534.21 7323.81 4744.57 7322.31 2579.24 6394.15 5550.55 3824.97 2164.27 1725.58 2210.4 1991.87 3697.26 1047.3 1039.54 2122.63 928.162 1761.47 1520.87 1401.71 116.719 1882.53 3313.62 2049.52 760.849 1366.78 1293.25 1284.99 88.9851
internal_count=359929 188205 153121 111595 171724 41526 147275 126511 91424 46360 35087 35084 43787 84674 26921 26765 32580 24449 27675 25125 23013 1832 41223 76147 46911 17658 29517 27914 21181 1413
is_linear=0
shrinkage=0.05


Tree=16
num_leaves=31
num_cat=0
split_feature=0 0 0 14 5 14 23 4 5 14 14 0 23 20 6 7 14 11 15 0 24 12 6 9 14 5 1 17 5 15
split_gain=199.951 305.807 170.133 58.0759 55.3753 53.4116 36.8422 36.2163 35.5967 54.2224 31.6897 60.1625 29.7023 33.3615 29.2392 28.6883 28.3052 25.135 24.7861 25.8155 23.5261 22.4992 22.3806 21.432 21.2947 23.6518 21.119 24.5011 20.3956 20.2301
threshold=0.0010299722198396923 -0.0003031987434951588 0.00018028830527327957 0.0011719683534465732 0.0023513903142884378 0.00072928005829453479 0.00088606006465852271 0.0013504124362953009 0.00060979329282417904 0.00053513803868554543 0.00072499259840697061 -0.00032314086274709547 -0.002854896010830998 0.0011621486046351495 -0.0010536852641962466 0.00073973878170363616 0.0028661498799920086 0.24653808772563937 0.00029911367164459085 0.0002981225989060477 0.0032644813181832437 0.00038511508319061255 0.00036870437907055026 0.0024048829218372707 0.00097487421589903544 0.0015211108839139344 0.0035100040258839731 0.005154921906068922 0.0016577920760028066 0.0012195566087029876
decision_type=2 2 2 2 2 2 2 2 2 2 2 2 2 2 2 2 2 2 2 2 2 2 2 2 2 2 2 2 2 2
left_child=1 3 8 4 7 -2 12 10 9 -3 11 -1 20 -14 -12 18 26 -5 19 -4 -7 -11 -20 -23 -10 -26 -15 -28 -29 -16
right_child=5 2 15 17 -6 6 -8 -9 24 21 14 -13 13 16 29 -17 -18 -19 22 -21 -22 23 -24 -25 25 -27 27 28 -30 -31
leaf_value=-0.0028982686754782418 -0.013702691505693702 -0.017748426742684276 -0.025519863654261468 0.023642088885371809 -0.029412875018400699 0.00073380714187585509 -0.0052337122420668576 -0.0048799695196954937 -0.024776263191014052 -0.016459466151744217 0.023852311701761664 0.02161707731434058 0.033352011584782161 0.017535746311287348 0.010118365648294146 -0.018036474326489679 0.051393111917764203 0.010670662476079599 -0.004206516049567806 0.020597798883020785 0.017012395967431908 -0.013477344421105729 0.0046199457070426053 -0.00029471065635750275 -0.0046020388210995895 -0.019826394992654497 -0.021541632861096546 0.075764261641879035 0.0050171501264614704 -0.018617611739166394
leaf_weight=1139.8881621211767 174.59057120233774 1479.5649403780699 34.096316944807768 551.85702268779278 122.20571341365576 390.36522744596004 206.20429472252727 752.77874676138163 827.40053155273199 380.49056416377425 431.86224769428372 320.6585948728025 420.700549736619 635.16771315783262 771.64145193994045 187.52732223644853 53.070236954838037 1155.2585694156587 1305.9830314256251 275.80279580131173 514.45763146132231 391.75697301328182 1595.6943848617375 1447.5988051556051 407.30601527169347 682.71943366527557 81.973462477326393 13.090426709502934 45.935048405081034 66.527655366808176
leaf_count=25251 4137 41847 962 7979 2539 6035 3779 15431 23396 10028 6878 4588 6301 9844 14269 4265 608 18994 29935 3931 7556 9437 33467 34873 11090 19381 1264 193 732 1202
internal_value=4.10542e-05 -0.0022492 -0.00785636 0.00726649 0.00366936 0.0129834 0.0149569 0.00482998 -0.0131995 -0.0103338 0.00750686 0.002484 0.016889 0.0218837 0.0132832 0.000972859 0.0160654 0.0148639 0.00208283 0.0155238 0.00998937 -0.00539188 0.000647344 -0.00310243 -0.0187283 -0.0141376 0.0136498 -0.0038553 0.0207072 0.00783752
internal_weight=16864.2 14328.6 9015.94 5312.68 3605.56 2535.56 2360.96 3483.36 5616.84 3699.41 2730.58 1460.55 2154.76 1249.94 1270.03 3399.1 829.237 1707.12 3211.58 309.899 904.823 2219.85 2901.68 1839.36 1917.43 1090.03 776.167 140.999 59.0255 838.169
internal_count=360192 319743 222612 97131 70158 40449 36312 67619 150052 96185 52188 29839 32533 18942 22349 72560 12641 26973 68295 4893 13591 54338 63402 44310 53867 30471 12033 2189 925 15471
is_linear=0
shrinkage=0.05


Tree=17
num_leaves=31
num_cat=0
split_feature=13 0 0 5 5 11 10 10 0 0 15 13 14 23 20 13 15 8 23 15 15 5 15 22 5 5 14 0 23 15
split_gain=175.776 114.009 237.888 81.8402 63.2824 51.4803 44.0691 33.4403 30.177 68.2589 32.7059 28.4294 27.8273 27.7317 32.9797 27.5886 25.1117 20.6445 19.8336 23.8636 19.0565 31.9621 22.7241 21.0366 19.8582 18.7368 20.0937 18.2761 15.9347 15.8396
threshold=0.00073959471774287533 0.00077047001104801904 -0.00041303112811874593 0.00010644526264513844 0.0011148807243444028 1.1297353506088259 0.80254927277565014 0.37876412272453314 -0.00022943673684494567 0.00018028830527327957 0.00032766973890829837 0.00042095848766621208 0.0013928010012023153 -0.002854896010830998 0.0011387635604478421 0.0034326193854212765 0.0003863784513669089 0.0015216069878078999 0.00088606006465852271 0.0018792776390910151 0.0018792776390910151 0.0023513903142884378 0.00134669995168224 0.00099310174118727467 0.0017223525210283699 0.0028410253580659632 0.0011719683534465732 0.00040583903319202369 -1.0000000180025095e-35 0.00037532232818193739
decision_type=2 2 2 2 2 2 2 2 2 2 2 2 2 2 2 2 2 2 2 2 2 2 2 2 2 2 2 2 2 2
left_child=3 2 7 11 28 8 13 -2 10 12 -5 -1 -10 -3 -15 -16 -11 20 -8 -20 21 23 -23 -9 -22 26 27 -6 -4 -7
right_child=1 6 4 5 25 29 18 17 9 16 -12 -13 -14 14 15 -17 -18 -19 19 -21 24 22 -24 -25 -26 -27 -28 -29 -30 -31
leaf_value=-0.034351263207581577 0.017290958990516619 0.010730381576946162 -0.002759257589805328 0.020781210683573068 -0.030797634786118668 -0.0038487461087071701 0.0078739448256231071 0.012648998819138097 -0.012054835142060698 0.013551873970824722 0.0010044368479648041 -0.014469529364592552 0.086550935181604421 0.036224656535325216 0.014058735076566065 0.068325906657247346 -0.0006361719287492323 -0.013593414795532603 -0.018364213078430253 0.035267557062643722 -0.0064679182152652453 -0.023062211298617602 0.0071044968102652005 -0.0011779508523122692 0.025546775467418417 -0.031646637492412116 -0.0086416382151275044 -9.0116602079038971e-05 -0.015897239129172049 -0.01460155259716261
leaf_weight=272.54463666304946 1169.0003900229931 749.4237897247076 2379.5246851406991 257.86624279245734 254.55884986370802 472.54773908108473 1096.055384542793 989.61413376778364 1557.2094722166657 419.96033268794417 1104.3441149964929 528.40498806163669 7.1879613511264315 333.52990230172873 541.71619425341487 24.478751182556152 1211.6717403195798 118.13978679105639 143.25318720936775 24.252578098326921 60.139022715389729 149.03833875432611 107.42211166769266 380.98429425805807 248.93748610466719 220.53722704574466 472.70208868011832 59.846033703535795 255.58564166724682 1244.3105020560324
leaf_count=8282 18016 11691 56886 3614 6983 10153 18824 16815 43646 7689 24490 13115 161 5080 8123 210 26941 2261 2855 424 932 2922 1829 7188 3434 6504 12937 1228 6183 30656
internal_value=-0.000181292 0.00416222 0.000645854 -0.00618381 -0.00810876 -0.00426271 0.0124512 0.0105398 -0.00148332 -0.00413931 0.00474818 -0.0212348 -0.0116018 0.0178346 0.0237521 0.0164049 0.00301564 0.006698 0.00542505 -0.0105991 0.00793614 0.00577414 -0.0104265 0.00880553 0.0193175 -0.0187659 -0.0151569 -0.0249526 -0.00403354 -0.011642
internal_weight=16854.8 9778.74 6866.03 7076.05 3642.75 6275.1 2912.71 3223.28 4558.24 3196.03 1362.21 800.95 1564.4 1649.15 899.725 566.195 1631.63 2054.28 1263.56 167.506 1936.14 1627.06 256.46 1370.6 309.077 1007.64 787.107 314.405 2635.11 1716.86
internal_count=360072 191325 144118 168747 90721 147350 47207 53397 106541 78437 28104 21397 43807 25104 13413 8333 34630 35381 22103 3279 33120 28754 4751 24003 4366 27652 21148 8211 63069 40809
is_linear=0
shrinkage=0.05


Tree=18
num_leaves=31
num_cat=0
split_feature=14 0 0 5 5 7 0 0 0 15 0 10 11 10 0 23 15 0 0 14 15 14 0 5 5 14 15 15 6 19
split_gain=173.761 104.4 210.083 62.3443 58.9068 37.8704 41.1649 69.5362 55.156 39.1306 32.7043 30.3346 30.3084 27.436 25.3856 24.2338 22.7177 22.0665 21.6461 21.2017 31.7027 30.4687 21.1072 20.9979 25.997 28.9307 25.1741 20.7945 22.2259 20.7954
threshold=0.0007442345959134401 -0.00096888793632388104 0.00039034574001561856 0.0015211108839139344 0.00010644526264513844 0.00032767189259175217 0.0002981225989060477 -0.00029653792444150889 -0.00032314086274709547 0.0003863784513669089 -4.5348133426159614e-05 0.077674210071563735 0.52584874629974376 3.9174793958663945 0.00066533504286780964 0.001606554782483727 0.00042292266152799135 -0.0013519252534024415 0.00061009087949059914 0.002635703189298511 0.0018792776390910151 0.0015430353232659402 -0.00031425130146089936 0.00098559929756447695 0.0011547949980013075 0.0017001421656459572 0.00078632260556332778 0.00071467296220362197 -0.00041908220737241203 -0.0015266177360899744
decision_type=2 2 2 2 2 2 2 2 2 2 2 2 2 2 2 2 2 2 2 2 2 2 2 2 2 2 2 2 2 2
left_child=4 13 3 10 -1 6 7 8 17 14 27 -4 -9 -2 18 23 22 -6 -8 20 21 -12 -10 26 -25 -26 -13 28 29 -3
right_child=1 2 11 -5 5 -7 9 12 16 -11 19 15 -14 -15 -16 -17 -18 -19 -20 -21 -22 -23 -24 24 25 -27 -28 -29 -30 -31
leaf_value=-0.021136501156349317 0.014465738775969409 0.092127358694941389 0.021955074411294198 -0.017476247127128735 -0.032942783379845554 -0.01637435392694099 0.015181238771440717 -0.0072413929458186484 0.04831818049911215 -0.0021592732803966739 -0.0073475462671295112 0.024392811790420563 -0.019480472246357183 -0.0070886918500754729 -0.025918280729053292 -0.013848617396919763 -0.0098245473381607679 -0.0023334738538836964 0.061266188252569069 0.0089643549302563137 -0.025373775496810483 0.017529126532915076 0.016690010660098221 0.024047496680919586 0.0048953799264578012 0.019065550367919935 -0.00094446818568631708 0.0019047298393130405 0.0048737458677660305 0.023683202616308702
leaf_weight=627.17991281673312 2218.2012406885624 18.607977282255888 483.55948922783136 947.85704128444195 61.864188000559807 654.5145951397717 432.86066330969334 1137.9818802066147 67.397260412573814 1107.4866264089942 1838.5139991622418 113.93920467421412 910.58421590551734 158.16127328947186 35.623357966542244 117.04490173980594 60.961694903671741 1220.5620368644595 27.073751352727413 208.33705146610737 228.05070487782359 131.9179264716804 242.72091564908624 371.32444105669856 1130.1655473299325 528.71612157300115 702.25277343392372 990.1361744813621 58.433459341526031 27.496593058109283
leaf_count=17414 33834 354 6665 25753 1465 16597 6914 31450 895 24619 46656 2261 25585 2868 768 2200 1368 26999 487 4675 5869 3275 3277 5691 19599 7844 13036 19900 1333 570
internal_value=-0.000221714 0.00384289 0.00107774 -0.00610062 -0.00656083 -0.00502691 -0.00362693 -0.00652519 0.00110219 0.00306629 -0.00302123 0.0103435 -0.0126816 0.0130312 0.0147445 0.00844876 0.0180786 -0.00381007 0.017894 -0.0062801 -0.00772472 -0.00568208 0.0235637 0.00936563 0.0120886 0.00941167 0.00259258 0.00414392 0.0253525 0.0513075
internal_weight=16859.5 10272.7 7896.35 4449.35 6586.81 5959.63 5305.12 3702.07 1653.51 1603.04 3501.49 3447 2048.57 2376.36 495.558 2963.44 371.08 1282.43 459.934 2406.82 2198.48 1970.43 310.118 2846.4 2030.21 1658.88 816.192 1094.67 104.538 46.1046
internal_count=360221 202383 165681 108385 157838 140424 123827 91039 34004 32788 82632 57296 57035 36702 8169 50631 5540 28464 7401 60475 55800 49931 4172 48431 33134 27443 15297 22157 2257 924
is_linear=0
shrinkage=0.05


Tree=19
num_leaves=31
num_cat=0
split_feature=14 0 0 0 0 0 0 8 15 14 15 8 4 24 7 15 23 19 1 7 15 7 24 23 0 13 0 14 7 14
split_gain=148.213 77.5172 122.183 65.6592 180.247 39.1348 38.5764 33.1924 30.4895 29.6131 28.3971 27.2122 26.8925 34.0923 23.2943 21.2594 22.5035 21.2346 21.9983 20.4761 20.721 20.1751 20.1513 25.0319 19.0152 21.5509 18.4195 18.4077 23.3869 17.5108
threshold=0.0010234205401502552 0.0010604829294607045 -0.00010975141412927768 -0.00022943673684494567 0.00018028830527327957 0.0012883796007372441 0.0010299722198396923 0.00042005776776932185 0.00099712720839306734 0.00059346130001358699 0.0003863784513669089 0.00030520373547915375 0.00063393524033017467 -1.0000000180025095e-35 0.00011822427404695192 0.001097841246519238 -0.0034926126245409246 0.00021956708224024626 -0.0028484233189374204 0.001106296665966511 0.00024135704006766903 0.00073973878170363616 0.0019231796613894405 -1.0000000180025095e-35 -0.00010664960063877514 0.00034056835283990955 7.9073110100580393e-05 0.00042027089511975651 1.3741942694878165e-07 0.0028661498799920086
decision_type=2 2 2 2 2 2 2 2 2 2 2 2 2 2 2 2 2 2 2 2 2 2 2 2 2 2 2 2 2 2
left_child=3 2 17 7 24 6 10 12 -4 -8 11 27 13 -1 -3 16 -11 18 29 20 -15 26 -12 -24 25 -5 -10 28 -6 -2
right_child=1 14 8 4 5 -7 9 -9 21 15 22 -13 -14 19 -16 -17 -18 -19 -20 -21 -22 -23 23 -25 -26 -27 -28 -29 -30 -31
leaf_value=-0.0078442960063250244 7.2074042494148935e-05 0.01756318902396525 0.012182702933678131 -0.022478515117128423 0.0078199846996873101 -0.015528130454039033 -0.024105838235145206 -0.014041771847652216 -0.0071589279807737719 -0.0055294302651253419 -0.0082249748712321033 0.026640912549227454 -0.0036690897703012394 0.032911962998244275 0.002476181275272864 -0.017052298989296215 0.027543873756294725 0.0051368058252753354 0.018739674185266463 0.056273407323231217 0.0076601492789713345 -0.016532188655333218 0.0053468055301264476 -0.010799457219883521 -0.016676310668788618 -0.0004737727760224335 0.0045902257517169117 0.04625774587099258 -0.018995846928330565 0.030214598713302988
leaf_weight=336.62469136528671 321.62485763803124 1439.5613165199757 235.97730887681246 153.64797125011683 324.37294309400022 319.91706411540508 42.664602436125278 290.48320576548576 1458.6039933599532 60.215364225208759 842.32732081972063 175.00274803861976 880.99764389544725 85.429087830707431 311.14851908758283 36.576585758477449 352.60990180820227 946.66715405508876 1001.7165607362986 23.110911890864372 1656.4345134943724 424.63258891738951 1041.503968572244 311.93817109800875 2741.1542291883379 403.4060524366796 432.49496675282717 23.806376356631517 108.50548326596618 56.67213000357151
leaf_count=7175 5001 19581 5487 4670 6349 6250 1055 6346 37728 971 19144 2423 18453 1016 5718 553 5599 15927 15426 350 32255 11874 22819 7008 77786 10794 8609 537 2404 680
internal_value=3.4652e-05 0.00585628 0.00261729 -0.00374492 -0.0064989 0.00117329 0.00278288 0.00209245 -0.00493867 0.0157034 0.000534309 0.00987656 0.00366381 0.00673778 0.0148818 0.0194827 0.0227197 0.010904 0.0148603 0.00951895 0.00889862 -0.00668337 -0.00215331 0.00162545 -0.0149649 -0.00654317 -0.00447189 0.00345242 0.00109832 0.00458768
internal_weight=16839.8 6629.1 4878.39 10210.7 6937.65 3639.44 3319.52 3273.08 2551.71 492.066 2827.46 631.688 2982.6 2101.6 1750.71 449.402 412.825 2326.68 1380.01 1764.97 1741.86 2315.73 2195.77 1353.44 3298.21 557.054 1891.1 456.685 432.878 378.297
internal_count=359988 126031 100732 233957 168362 75112 68862 65595 63698 8178 60684 11713 59249 40796 25299 7123 6570 37034 21107 33621 33271 58211 48971 29827 93250 15464 46337 9290 8753 5681
is_linear=0
shrinkage=0.05


Tree=20
num_leaves=31
num_cat=0
split_feature=0 0 0 13 14 5 12 0 10 1 0 0 14 14 22 12 5 24 11 19 24 7 0 9 20 3 14 0 14 14
split_gain=146.205 215.627 133.818 54.1922 49.3961 39.5034 50.5608 39.419 31.833 31.6524 27.3252 26.3155 28.1359 25.0443 23.3105 21.6963 21.1369 28.3696 20.8666 20.7004 20.1467 19.4095 18.4085 18.2984 18.138 17.6163 17.5894 17.1109 17.0251 16.7496
threshold=-0.00096888793632388104 0.00030338655051309621 -0.00020941311959177253 0.00094441213877871643 0.00071508431574329745 0.00060979329282417904 0.00051808106945827614 0.0011802311637438836 0.077674210071563735 -0.0027775849448516961 0.0010604829294607045 0.00031655846396461135 0.0003688519354909659 0.0027096342528238897 0.0020921673858538274 0.00090133078629150998 7.3825252911774455e-05 0.0042874468490481385 1.6018645763397219 0.00094637888832949113 0.0011523271678015592 0.00073973878170363616 -0.0035506469430401917 1.4562923908233645 -0.00023595107631990683 1.0000000180025095e-35 0.0030797714134678249 0.001089423487428576 0.00061590460245497536 0.00022559299395652491
decision_type=2 2 2 2 2 2 2 2 2 2 2 2 2 2 2 2 2 2 2 2 2 2 2 2 2 2 2 2 2 2
left_child=4 2 19 7 -1 6 16 10 -5 13 11 12 29 22 28 27 26 -18 -7 -2 23 -10 -6 -11 -23 -19 -4 -16 -12 -3
right_child=1 3 5 8 9 18 -8 -9 21 20 14 -13 -14 -15 15 -17 17 25 -20 -21 -22 24 -24 -25 -26 -27 -28 -29 -30 -31
leaf_value=-0.013924363650704322 0.0042555257224460635 -0.0015842347459772228 -0.024308956640656292 0.02385388441093246 -0.021109868028840108 -0.01473506972666697 -0.0022970322511545785 -0.01711714975316973 0.010637834189359357 0.029444217869223951 -0.036293111791575405 -0.0011411516495248291 -0.016149149390441986 0.024603132202294851 -0.0021336628879726352 0.092781288686331634 -0.012482935752636674 0.090320224039475719 -0.027755920270039397 -0.0043190524955365982 0.012098017155368639 0.017742508651869746 0.0028593325676379974 0.012211738479500345 -0.0084031607998335933 0.011453480660669172 0.03806176946742907 0.053383987714187731 0.013630412453683599 0.028323954968002232
leaf_weight=187.02321219071746 2096.5954694747925 60.953996393829584 489.91864162310958 404.26903819665313 100.915860414505 1468.479916729033 1732.2854817919433 271.9624557942152 1897.0251139067113 410.99527224525809 18.755729906260967 1926.3999554589391 61.641252119094133 107.16444311663508 26.206386841833591 16.345758508890867 1403.2043903600425 8.0751925334334356 389.24930270388722 1059.6041338536888 1201.638075824827 87.719097658991814 388.40353893116117 246.40577532723546 272.07666057348251 57.484640562906861 11.570876397192476 29.503869447857141 190.83201539888978 201.78034577518702
leaf_count=4306 42789 756 14330 5205 1591 42907 42596 5734 29605 5872 453 41406 1323 1317 440 247 40329 211 11800 23028 18485 1709 6183 3969 5405 1538 240 535 2906 2647
internal_value=4.7969e-05 -0.00196401 -0.006846 0.0058219 0.0108458 -0.0115136 -0.00852833 0.00097197 0.010933 0.0127324 0.0029146 0.00107735 0.0142526 0.00271061 0.0175971 0.0421297 -0.014007 -0.0109809 -0.0174633 0.00137686 0.015948 0.00861845 -0.00208401 0.0229852 -0.00202878 0.0211677 -0.0228699 0.0272682 0.00916282 0.0213853
internal_weight=16824.5 14181.9 8716.47 5465.47 2642.55 5560.27 3702.54 2804.38 2661.09 2455.52 2532.42 2250.78 324.376 596.484 281.644 72.056 1970.25 1468.76 1857.73 3156.2 1859.04 2256.82 489.319 657.401 359.796 65.5598 501.49 55.7103 209.588 262.734
internal_count=359862 318139 219768 98371 41723 153951 99244 56447 41924 37417 50713 46132 4726 9091 4581 1222 56648 42078 54707 65817 28326 36719 7774 9841 7114 1749 14570 975 3359 3403
is_linear=0
shrinkage=0.05


Tree=21
num_leaves=31
num_cat=0
split_feature=13 0 0 5 5 11 7 10 4 13 9 14 1 23 1 23 5 14 11 15 20 13 0 0 0 14 23 21 15 7
split_gain=135.229 81.4882 175.858 61.5136 53.6977 43.1376 30.3472 29.9828 31.1117 22.0229 20.2696 22.6762 27.2178 37.1082 19.1835 18.8075 18.5666 17.8761 23.2526 17.4776 17.3219 17.0402 16.9838 16.7409 51.932 18.9539 16.3273 15.4954 22.2022 15.5491
threshold=0.00073959471774287533 0.00077047001104801904 -0.00041303112811874593 0.00010644526264513844 0.0015349962050095203 1.1297353506088259 0.00073973878170363616 1.3025144934654238 -0.00097085259039886285 0.00030360018718056386 2.954559445381165 0.0017001421656459572 0.0011760324705392124 -0.0027776836650446053 0.0011340964119881394 -0.0021478560520336028 0.00097360977088101219 0.00089450986706651758 0.25094033777713781 0.0003163889487041161 -0.00023595107631990683 0.00048242608318105345 -0.0018016395042650399 0.00018028830527327957 -0.00010664960063877514 0.0013264388544484975 0.00016925184172578159 0.0014649339718744161 0.00044762004108633851 1.3741942694878165e-07
decision_type=2 2 2 2 2 2 2 2 2 2 2 2 2 2 2 2 2 2 2 2 2 2 2 2 2 2 2 2 2 2
left_child=3 2 7 9 -4 23 10 8 -2 -1 11 12 13 -3 15 17 -17 -15 -19 -7 -8 -21 -10 24 -5 -26 27 28 29 -25
right_child=1 6 4 5 -6 19 20 -9 22 -11 -12 -13 -14 14 -16 16 -18 18 -20 21 -22 -23 -24 26 25 -27 -28 -29 -30 -31
leaf_value=-0.037153324905062173 0.017608712499329798 0.0057816417999279647 -0.0039668295486857711 0.0018583987239476482 -0.01919626184273247 0.00015867474577144119 0.016977914347563839 0.0013086964153348696 0.01608573331644042 -0.014906289690191674 -0.015067033267697903 0.020993589188949176 0.00355710364101911 0.010943669789377716 0.070371460071289027 0.0040896611586964766 0.025899641702848628 0.091552301845057402 0.033132646213083095 -0.019318569492337744 -0.0082731333499747508 -0.00811163561116841 0.0026301696061701847 0.01450343335238569 -0.012487558852224453 0.061229218497493548 -0.01534909237076054 0.018210944977196983 -0.0028337168512180223 -0.0069430429607764983
leaf_weight=135.29254472255707 1189.7249844521284 496.9137477837503 2817.3417965471745 1742.5832330621779 728.45497043803334 307.16730459406972 87.845899812877178 933.00098948925734 319.32954347878695 625.78924598358572 65.246415089815855 677.81209787353873 829.28329815343022 32.473131407052279 22.008808478713036 152.55466765537858 270.78471490740776 27.706850860267878 44.214289095252752 604.58621717616916 299.36747945100069 772.68096457049251 882.96344215795398 428.69764316827059 1118.7304684408009 8.7882814668118936 115.45193625986576 173.68626305833459 817.46593895182014 105.26780476421118
leaf_count=4620 17586 8068 68707 38370 21970 6097 1662 16059 4453 16856 966 8633 13398 534 295 2549 3915 378 679 15651 5970 19242 15335 7734 33195 199 2529 3763 18272 2399
internal_value=-0.000106276 0.00365465 0.000650579 -0.00544638 -0.00709559 -0.00379836 0.0105206 0.00891109 0.0118764 -0.018861 0.0124522 0.0131553 0.0103232 0.0156841 0.0246349 0.0227275 0.0180402 0.0417354 0.0556382 -0.0106259 -0.00254451 -0.0130312 0.00620397 -0.00124872 -0.00355169 -0.011913 0.00278022 0.00415262 0.00234584 0.0102754
internal_weight=16833.2 9877.03 6870.82 6956.19 3545.8 6195.11 3006.21 3325.02 2392.02 761.082 2619 2553.75 1875.94 1046.66 549.742 527.734 423.339 104.394 71.9211 1684.43 387.213 1377.27 1202.29 4510.67 2870.1 1127.52 1640.57 1525.12 1351.43 533.965
internal_count=360084 191157 144110 168927 90677 147451 47047 53433 37374 21476 39415 38449 29816 16418 8350 8055 6464 1591 1057 40990 7632 34893 19788 106461 71764 33394 34697 32168 28405 10133
is_linear=0
shrinkage=0.05


Tree=22
num_leaves=31
num_cat=0
split_feature=14 0 0 5 0 0 23 15 13 4 5 7 10 5 0 0 6 23 0 13 5 13 6 15 13 15 10 1 15 20
split_gain=111.213 54.0966 103.709 52.9445 50.318 146.976 33.822 33.3017 31.4042 27.0257 26.0382 26.0932 25.1921 22.3809 27.7725 24.2163 22.1918 21.836 19.7368 19.4517 19.3183 18.864 18.8557 29.5291 26.8455 27.5356 18.462 18.1934 19.7987 19.5448
threshold=0.00093626603484153758 -0.00096888793632388104 0.00083059380995109688 0.0026957336813211445 -0.00023439789219992233 0.00010671789277694189 0.00016925184172578159 0.00032766973890829837 0.00069014652399346243 -0.00011017150973202659 0.0023112546186894183 0.0010344471666030588 2.5798944234848027 0.00067251970176585029 -0.0005612590757664292 -0.00032314086274709547 -0.00036952183290850366 -0.00091320162755437184 -0.00010664960063877514 0.00036308298876974737 0.00031803653109818702 0.00034056835283990955 0.00047382137563545262 0.00090183023712597798 0.0008178801799658687 0.00080945834633894276 1.1489014625549319 -0.0027775849448516961 0.0030819254461675887 -0.0019480270566418765
decision_type=2 2 2 2 2 2 2 2 2 2 2 2 2 2 2 2 2 2 2 2 2 2 2 2 2 2 2 2 2 2
left_child=4 27 3 17 7 18 9 13 -5 -7 11 16 -4 14 -1 -16 19 -3 21 -9 -20 -6 -11 24 -24 26 -26 28 -2 -29
right_child=1 2 12 8 5 6 -8 10 -10 22 -12 -13 -14 -15 15 -17 -18 -19 20 -21 -22 -23 23 -25 25 -27 -28 29 -30 -31
leaf_value=0.072346981577317365 0.00070636616750399694 -0.0003062495205713925 0.011710628610089348 0.084706373028172063 -0.021718282079216222 -0.0034932357211959948 -0.014406840225068888 -0.018377104876893733 -0.02608500842647082 0.0020032388517171452 -0.034020341332468 0.030504465419286503 -0.0043179449067517611 -0.022507104060453226 -0.017624330101587527 0.020665749160070392 -0.0076778536845116168 -0.012791621796449932 -0.013361799144859465 0.0040988221130016421 -0.022946349973087338 -0.001339307005053677 0.011129896265520446 -0.009428607947835517 0.070872196062710557 0.010109669459091629 0.018427909623745964 0.024517087645964667 0.035042065513236638 0.010906704742403524
leaf_weight=22.657537154853344 514.02451099827886 2685.8071320112795 2052.2981169261038 6.5354659147560588 156.70235013589263 1321.7608177866787 352.21117414906621 102.97478375956416 299.94604416564107 1136.1912828925997 57.187289826571941 68.630195576697588 278.39404192566872 36.155582793056965 48.245951935648918 286.52199335210025 778.94915014319122 402.70155038498342 1241.6498788911849 1477.10162159428 911.80127477645874 412.41926802136004 404.45936458185315 123.87956117838621 57.067391645163298 57.164434593170881 23.771329782903194 344.84143989905715 45.71830228343606 1122.0209953561425
leaf_count=382 7726 63782 29554 127 4908 28909 7902 2394 9324 24869 1355 1048 4916 710 954 3563 17354 9948 36402 30389 27476 11137 8627 2184 958 925 446 4864 521 16459
internal_value=-0.000238859 0.00415936 0.00167445 -0.00390111 -0.00399499 -0.00653165 0.000281498 0.00146805 -0.0237225 0.00193736 -0.000672341 0.000113224 0.00979606 0.0149812 0.0187734 0.0151475 -0.000770937 -0.00193418 -0.0152315 0.00263405 -0.01742 -0.00695047 0.0059195 0.0125972 0.0176271 0.0366692 0.0554505 0.0111799 0.00351081 0.0141063
internal_weight=16829.8 7752.29 5725.68 3394.99 9077.5 6199.08 3476.51 2878.42 306.482 3124.29 2484.84 2427.66 2330.69 393.581 357.425 334.768 2359.03 3088.51 2722.57 1580.08 2153.45 569.122 1802.53 666.342 542.463 138.003 80.8387 2026.61 559.743 1466.86
internal_count=360113 147221 117651 83181 212892 154743 74820 58149 9451 66918 52540 51185 34470 5609 4899 4517 50137 73730 79923 32783 63878 16045 38009 13140 10956 2329 1404 29570 8247 21323
is_linear=0
shrinkage=0.05


Tree=23
num_leaves=31
num_cat=0
split_feature=14 0 0 5 5 5 13 0 0 23 10 0 0 0 9 0 6 14 13 13 7 14 15 5 10 21 19 9 15 13
split_gain=123.638 55.2813 115.078 53.7679 52.7893 52.3952 30.8808 27.0092 45.0714 25.5251 24.4879 23.5277 70.9611 32.0869 21.4365 21.223 20.5277 24.7798 20.0196 19.9218 19.6885 19.6193 21.8382 23.7041 19.5045 18.9519 18.8191 18.5191 16.2244 15.7968
threshold=0.00079290950088761758 0.00088192062685266148 -0.0003995057195425033 0.0016234964132308962 0.00028386666963342583 0.00032218224077951168 0.00035402766661718493 -0.0002756178291747346 0.00030338655051309621 0.001606554782483727 5.2585341930389413 -0.0003628995618782937 0.00018028830527327957 -7.2138704126700745e-05 2.954559445381165 -0.0013519252534024415 0.00032835330057423567 0.0019932334544137125 0.00029428028210531926 0.00064723592367954563 0.00012276717461645606 0.0029562684940174226 0.0018792776390910151 0.00060979329282417904 0.38951982557773596 -0.00057149183703586448 0.0103251482360065 2.896265029907227 0.00076824481948278855 0.00030834450444672262
decision_type=2 2 2 2 2 2 2 2 2 2 2 2 2 2 2 2 2 2 2 2 2 2 2 2 2 2 2 2 2 2
left_child=4 2 24 16 6 7 -1 29 -9 14 11 15 13 -13 20 -7 21 28 -5 -17 25 22 23 27 -2 -3 -27 -4 -18 -6
right_child=1 9 3 18 5 10 -8 8 -10 -11 -12 12 -14 -15 -16 19 17 -19 -20 -21 -22 -23 -24 -25 -26 26 -28 -29 -30 -31
leaf_value=-0.024152759902974108 0.013236848972797267 0.0046300815683411548 0.0022354782025794987 0.063338356939399168 0.028489425631905027 -0.023773376032445285 -0.0084279427175231233 -0.0082524512257627827 0.019097017450097495 -0.012713426639679747 -0.026434975946299222 -0.007690145065872356 -0.00044532615906265748 -0.02307144413478289 -0.01824070539186752 -0.0017217713628896718 0.026862138988049802 0.079204247756012702 -0.017638855272081647 0.011491771912626618 0.00210901783543284 0.015164900423363019 -0.017381203247548657 -0.0099169225981204784 0.0052748742736918814 0.018400587116469934 0.0017234384131184666 -0.040558867047201255 0.0020432667854334177 0.0025905799381985809
leaf_weight=468.72103890962899 1231.6758943013847 441.90908110886812 1200.214590145275 7.7148007228970519 200.78942885994911 80.185340654104948 935.0783675275743 388.7288754824549 245.95332803577185 119.37623674049973 129.16950146853924 676.00445353426039 1907.7881599590182 680.26609989255667 61.360018208622932 843.51004174724221 74.008194174617529 11.373753722757099 715.75181982666254 431.01011771336198 440.76776007935405 129.08086527511477 302.65623643249273 757.31660893373191 2048.4723966494203 1376.9444903209805 192.85104655101895 25.824498470872641 597.21391370519996 83.304818663746119
leaf_count=15228 17950 6247 28820 135 2305 1844 25140 11396 3308 2175 3201 17030 42287 21065 921 19019 1475 244 21806 8556 8076 2733 7981 20632 33867 18716 2538 652 13016 1417
internal_value=3.40499e-05 0.00368911 0.00139468 -0.00450254 -0.00499816 -0.00284783 -0.0136784 0.00808161 0.00234607 0.0098768 -0.00496279 -0.0043623 -0.0066613 -0.015405 0.0109496 0.00117698 -0.00163622 0.00601987 -0.0167753 0.00274671 0.0116799 -0.00380012 -0.00487099 -0.00296195 0.00826455 0.0137769 0.0163518 0.00133409 0.00477977 0.0208951
internal_weight=16805 9734.51 7101.3 3821.16 7070.51 5666.71 1403.8 918.776 634.682 2633.21 4747.93 4618.76 3264.06 1356.27 2513.83 1354.71 3097.69 682.596 723.467 1274.52 2452.47 2415.09 2286.01 1983.36 3280.15 2011.7 1569.8 1226.04 671.222 284.094
internal_count=359780 187984 149311 97494 171796 131428 40368 18426 14704 38673 113002 109801 80382 38095 36498 29419 75553 14735 21941 27575 35577 60818 58085 50104 51817 27501 21254 29472 14491 3722
is_linear=0
shrinkage=0.05


Tree=24
num_leaves=31
num_cat=0
split_feature=14 0 0 5 5 8 13 11 23 10 7 15 13 15 0 0 0 5 10 23 19 15 5 0 24 5 0 11 14 0
split_gain=92.365 52.9653 108.584 44.7358 43.7254 46.0959 33.777 28.4025 27.5697 26.5271 25.6195 27.0236 24.9271 24.0958 21.7886 39.8968 22.1203 22.3561 19.7932 19.244 16.4075 16.9953 21.2035 21.1101 15.8167 15.7723 16.7812 15.6748 15.6163 17.0779
threshold=0.00079290950088761758 -0.00096888793632388104 0.00035736622521653777 0.0027527145575731997 0.00010644526264513844 0.00042799058428499853 0.00054447556613013159 0.36903713643550878 -0.00091320162755437184 3.9174793958663945 0.00018787942826747897 0.00076824481948278855 0.00058580751647241424 0.00059157941723242413 -0.0002756178291747346 0.00010671789277694189 -0.0013519252534024415 0.0019666563021019105 0.077674210071563735 0.00077011948451399814 -0.00098776275990530827 0.0015717312926426532 0.0011547949980013075 -0.001164935471024364 0.0057197236455976972 0.00098559929756447695 0.00043019233271479612 5.7912988662719735 0.001010920503176749 0.0011802311637438836
decision_type=2 2 2 2 2 2 2 2 2 2 2 2 2 2 2 2 2 2 2 2 2 2 2 2 2 2 2 2 2 2
left_child=4 9 3 8 12 7 -5 13 -3 20 11 24 -1 -6 16 -16 -9 -18 -13 -17 -2 23 -23 -22 -4 26 -20 -12 29 -27
right_child=1 2 10 6 5 -7 -8 14 -10 -11 27 18 -14 -15 15 19 17 -19 25 -21 21 22 -24 -25 -26 28 -28 -29 -30 -31
leaf_value=-0.024617631336991738 0.015143513685060681 -0.0015585511887660343 0.026747645520410913 0.090217304991248345 0.0068094084257361749 -0.019514452409033302 -0.027384788780893662 -0.027137836235198533 -0.01475802339304149 -0.010541379847243369 0.00080515827060758424 0.01792739393404465 -0.0053363493026628746 -0.0044402320131502462 -0.015658155195871524 -0.0015997575803159741 0.0016687662754268759 0.076755104344417013 0.033991220796361583 -0.031865470899213627 -0.0052967261757564006 -0.00942137899876146 0.020217012005991946 0.01238825576048032 0.082029402069412199 0.0087247985526014617 -0.0018187643919577651 -0.033645641276892783 0.012242530898396104 -0.014973684665465095
leaf_weight=391.17573009803891 1152.0845591872931 3228.7732359860092 88.517189979553223 6.2551790699362746 1328.2533534839749 398.62668195925653 255.38531780615449 67.398827638477087 450.84115155227482 153.02942935377359 674.35875659808517 483.56194837391376 293.3161345757544 741.84920667670667 897.28379104286432 1614.5812330562621 1236.3154771160334 9.9933211952447873 34.597477857023478 54.287043945863843 414.84704082086682 73.882711492478848 329.32201769202948 284.43787375837564 15.153820265084503 202.65324200317264 601.45170695707202 34.717261075973511 1162.9242743775249 121.65862438082695
leaf_count=12474 16018 78748 1522 101 31327 10700 8363 1603 11783 2715 13091 6042 7475 17200 27433 36326 25595 184 709 1420 6696 970 4506 4202 273 2980 10587 815 16042 1979
internal_value=2.03491e-05 0.00316599 0.00106036 -0.00459627 -0.00434872 -0.0030542 -0.0245732 -0.00195142 -0.0031758 0.0096036 0.00757992 0.00979347 -0.0163553 0.00277795 -0.00447478 -0.00715571 0.000762043 0.00227083 0.00879786 -0.00258428 0.0109709 0.00661066 0.0147861 0.00189673 0.0348283 0.00671868 0.000129096 -0.000881597 0.00953686 -0.000165178
internal_weight=16801.5 9768.45 7360.85 3941.25 7033.08 6348.59 261.64 5949.96 3679.61 2407.6 3419.59 2710.52 684.492 2070.1 3879.86 2566.15 1313.71 1246.31 2606.85 1668.87 2254.57 1102.49 403.205 699.285 103.671 2123.29 636.049 709.076 1487.24 324.312
internal_count=359879 188142 153035 98995 171737 151788 8464 141088 90531 35107 54040 40134 19949 48527 92561 65179 27382 25779 38339 37746 32392 16374 5476 10898 1795 32297 11296 13906 21001 4959
is_linear=0
shrinkage=0.05


Tree=25
num_leaves=31
num_cat=0
split_feature=14 0 0 5 5 7 8 11 8 5 13 11 23 13 5 5 22 1 20 23 20 14 13 5 19 0 12 0 0 6
split_gain=87.88 52.4572 137.016 50.5691 42.3165 37.0471 37.1446 29.7006 25.0293 22.112 22.5442 20.8603 20.4854 20.7113 17.0969 25.9671 19.0835 17.7045 16.5226 16.2336 24.432 22.411 19.6154 16.4345 15.4697 15.3409 15.7955 15.2782 24.0663 20.5244
threshold=0.00067025385214947175 0.00039034574001561856 -0.00010975141412927768 0.00010644526264513844 0.00060979329282417904 0.00040066109795589005 0.00041241364669986075 3.4459204673767094 0.00017750787810655313 0.00094659475143998872 0.0041051974985748538 0.3274283260107041 -0.0071428110823035231 0.00019385171617614108 0.0011442676186561587 0.0016695096273906531 -0.00054817626369185735 -0.0027050459757447238 0.0019238261738792064 -0.002854896010830998 0.00087586426525376748 0.0028661498799920086 0.0012567925150506201 0.00078314112033694993 -0.0062021207995712748 0.0029861893272027378 0.0013533366727642717 -0.00029653792444150889 0.00010671789277694189 -0.00032912781171035016
decision_type=2 2 2 2 2 2 2 2 2 2 2 2 2 2 2 2 2 2 2 2 2 2 2 2 2 2 2 2 2 2
left_child=3 2 8 -1 -4 6 11 19 9 10 -2 -5 -6 -14 -11 -16 17 -17 -9 22 23 25 -3 -21 -7 26 -22 29 -29 -13
right_child=1 7 4 5 12 24 -8 18 -10 14 -12 27 13 -15 15 16 -18 -19 -20 20 21 -23 -24 -25 -26 -27 -28 28 -30 -31
leaf_value=-0.021678573933577021 0.0023470103184010317 -0.001571506620828677 -0.0024460746037808416 0.0030633358014265952 -0.00029975246095165702 0.035895282734232772 -0.021770316846565236 0.0040020972693806485 -0.00090658974974507512 0.019952366413915498 0.065686384365991987 -0.0037869724193676877 0.063359971698869033 -0.016751547699967624 -0.0023130935021021442 0.008423527736938911 0.0041849670069074385 0.025381258362311105 -0.021315930375584921 0.0071082532501182448 0.0042550603461568659 0.037076744004932931 0.0098509032605848326 0.025071525882567027 -0.023629300992763454 -0.009969225586103506 0.016168539192334047 -0.013762021014301276 -0.0025774524543008179 0.011903050788540249
leaf_weight=439.25259842723608 1262.6215487532318 735.14980811625719 1759.7848719991744 1441.8452685177326 237.94413635134697 11.358320744708179 248.07708241418004 122.4420777335763 1018.4659484606236 460.6601444222033 14.206484161317347 706.53389240056276 8.1183652542531473 1296.0806999616325 379.66990845650434 263.36751451343298 381.93475640751421 370.36946627497673 136.03391837142408 183.21842291206121 883.22355053573847 61.94492132216692 769.04246428608894 417.40678494051099 279.76301413401961 130.70177361741662 406.17408539354801 759.42837637849152 1311.6652899645269 295.64912533015013
leaf_count=13940 22755 13094 44135 33929 7285 300 6913 2282 20016 6595 130 15919 133 39623 6194 3594 5544 4921 2760 3224 15194 617 11209 6450 7673 1863 5688 23409 29578 4797
internal_value=-0.000218531 0.00230366 -0.000143466 -0.00540589 -0.00774483 -0.00399169 -0.0029334 0.0070468 0.00590264 0.00811628 0.00305175 -0.00189844 -0.0137914 -0.0162529 0.0116004 0.00884307 0.0130134 0.018334 -0.00932258 0.00822641 0.0110851 0.00763751 0.00426838 0.0195919 -0.0213069 0.00635337 0.00800793 -0.00422628 -0.00667861 0.000841665
internal_weight=16792.1 11298.6 7453.22 5493.57 3301.93 5054.32 4763.2 3845.34 4151.3 3132.83 1276.83 4515.12 1542.14 1304.2 1856 1395.34 1015.67 633.737 258.476 3586.86 2082.67 1482.04 1504.19 600.625 291.121 1420.1 1289.4 3073.28 2071.09 1002.18
internal_count=359764 223306 160925 136458 91176 122518 114545 62381 69749 49733 22885 107632 47041 39756 26848 20253 14059 8515 5042 57339 33036 23362 24303 9674 7973 22745 20882 73703 52987 20716
is_linear=0
shrinkage=0.05


Tree=26
num_leaves=31
num_cat=0
split_feature=14 0 0 5 5 8 7 7 15 8 22 3 24 0 14 0 0 14 0 13 13 10 15 14 15 14 14 0 13 15
split_gain=79.7012 51.9511 115.121 41.6387 38.6172 36.4131 34.6573 26.0464 23.5558 22.0592 21.5879 19.4058 20.3661 26.2186 20.4656 20.1068 30.9715 18.5498 17.4575 17.42 17.2098 17.1919 16.6921 17.3197 22.5704 24.2654 18.4942 17.7204 16.5756 21.8675
threshold=0.0006749781605321915 0.00077047001104801904 -0.00010664960063877514 0.00010644526264513844 0.0015349962050095203 0.00042799058428499853 0.00041205254092346882 0.00040884653571993118 0.00062052876455709349 0.00015378109674202281 0.0010706728207878771 -0.000329362679622136 0.00036294346500653779 -0.00031425130146089936 0.00056204470456577848 0.0002981225989060477 0.00031655846396461135 0.0028661498799920086 -0.0035506469430401917 0.00029428028210531926 0.00051848299335688363 6.0940599441528329 0.00065225528669543575 0.0029562684940174226 0.0018792776390910151 0.0012169418623670938 0.0025731227360665803 0.00039034574001561856 0.001492995012085885 0.0014031018363311889
decision_type=2 2 2 2 2 2 2 2 2 2 2 2 2 2 2 2 2 2 2 2 2 2 2 2 2 2 2 2 2 2
left_child=3 2 9 -1 22 6 8 -3 11 10 17 -5 13 -13 15 20 -17 18 -2 -6 -14 -11 -4 24 25 27 -26 -24 29 -20
right_child=1 7 4 5 19 -7 -8 -9 -10 21 -12 12 14 -15 -16 16 -18 -19 28 -21 -22 -23 23 -25 26 -27 -28 -29 -30 -31
leaf_value=-0.020016012022858399 -0.0093324422105091967 0.0091585357328603425 0.013327888163727156 -0.0052660996037279008 0.049834279099539941 -0.023415167693920408 -0.021373932346728228 -0.0034857775871885242 -0.010092370096274193 0.00035898806880657326 0.00049882160944287159 0.053467289592784399 -0.0072419445916881309 0.0086542702412082551 0.013265873172750665 0.02036692692990499 -0.0016100347775170329 0.030376000255739045 0.0095576666251036644 -0.017870756421091146 0.010556635281942747 -0.039754657142308282 -0.0088640676569087199 0.013082463379875113 -0.027020829503142049 0.0053121451151220897 -3.7785005598721151e-05 0.0032224523596175989 0.018476693761716966 -0.011446035899800734
leaf_weight=438.72766597941518 120.89173332229257 2844.5273521188647 133.31462205946445 1364.4711994137615 9.6321036219596845 229.6818528752774 244.80374790914357 475.34506817348301 763.15115110762417 995.13946104422212 774.39538368396461 39.391750853508711 1078.2033306714147 190.40986405313015 283.68531172722578 236.10351467132568 499.40460280328989 107.86933482438326 1520.8141296487302 695.28980256989598 155.38770225457847 27.447085494175553 1621.7815001942217 130.07374004274607 204.2675119061023 543.6599777918309 92.150619708001614 373.00616715475917 471.00570340454578 134.91494188085198
leaf_count=14167 1678 41825 3282 33347 146 6617 6831 9370 18674 19529 13392 610 28995 3591 6875 3255 10999 1128 25103 22536 3931 616 44091 2728 5611 13387 2365 7461 5936 1995
internal_value=-0.000316175 0.00209427 -9.81415e-05 -0.00523686 -0.00638293 -0.00396166 -0.00304135 0.0073481 -0.00206788 0.00565798 0.00774101 -0.00047604 0.00215666 0.016336 0.000710259 -0.00109861 0.00544473 0.010122 0.00914992 -0.0169456 -0.00499997 -0.000717696 -0.00397968 -0.00475789 -0.00557647 -0.00405192 -0.0186323 -0.006604 0.0102005 0.00784621
internal_weight=16798.9 11275.5 7955.65 5523.42 3803.18 5084.69 4855.01 3319.87 4610.21 4152.48 3129.89 3847.06 2482.59 229.802 2252.78 1969.1 735.508 2355.5 2247.63 704.922 1233.59 1022.59 3098.25 2964.94 2834.87 2538.45 296.418 1994.79 2126.73 1655.73
internal_count=360071 222179 170984 137892 101607 123725 117108 51195 110277 69377 49232 91603 58256 4201 54055 47180 14254 35840 34712 22682 32926 20145 78925 75643 72915 64939 7976 51552 33034 27098
is_linear=0
shrinkage=0.05


Tree=27
num_leaves=31
num_cat=0
split_feature=14 5 0 0 5 7 15 10 11 0 13 15 0 23 23 13 24 17 22 0 1 21 17 15 9 15 5 5 5 23
split_gain=83.5479 48.7757 44.2918 92.6321 37.4268 31.4052 26.6143 25.8527 24.6788 22.1141 40.9188 22.0862 20.0304 18.738 17.4183 20.8907 17.1278 20.0894 19.2118 17.0731 19.2741 16.7009 16.4375 18.7835 16.3591 15.8576 16.6708 15.7151 14.8077 16.1154
threshold=0.00067025385214947175 0.00010644526264513844 -0.00096888793632388104 0.00039034574001561856 0.0014041412505321207 0.00041205254092346882 0.00060524785658344637 3.1849243640899663 0.36903713643550878 -0.0014720829785801468 0.001450539624784142 0.0005870200984645636 -0.0024459849810227747 -0.0010320283472537992 -0.0068958625197410575 0.00029428028210531926 0.0059702619910240182 -0.00030344410333782429 0.0010988868889398875 -0.0016527408151887355 -0.0050744253676384679 -0.0045460921246558419 -0.00073564570629969228 0.0003863784513669089 2.8655604124069218 0.0011962562566623094 0.0010893839644268157 0.0017905574059113862 0.0011547949980013075 -0.0021985829807817932
decision_type=2 2 2 2 2 2 2 2 2 2 2 2 2 2 2 2 2 2 2 2 2 2 2 2 2 2 2 2 2 2
left_child=1 -1 9 4 13 6 8 11 22 10 12 -5 -2 16 -6 -16 24 18 -18 20 -12 -11 23 -3 -4 26 -23 -10 29 -28
right_child=2 5 3 7 14 -7 -8 -9 27 21 19 -13 -14 -15 15 -17 17 -19 -20 -21 -22 25 -24 -25 -26 -27 28 -29 -30 -31
leaf_value=-0.021344840186239424 -0.027927304578200432 0.012607147201277043 -0.00096334920853836752 0.062582015979292263 -0.0010177513656658055 -0.020956716926304662 -0.010480471260359276 -0.0078803111317471957 -0.0035141008851795486 0.04302546174522659 -0.0027997385823319522 0.0073669913323815605 -0.0014443868848214988 -0.010285986600249904 0.060053463492600594 -0.017667345324906877 -0.022719769331840334 0.0052121410237484355 0.054399422432954751 -0.0095336508120974894 0.016415983748476828 0.0078142913188555402 0.0074113042473673233 -0.014578444981705078 -0.025078853782427385 -0.00082424075676845894 0.026495212190523927 -0.045288690465915216 0.015779524303747974 0.065985466507098883
leaf_weight=423.89979072287679 80.678652891889215 92.996216252446175 2888.3600033763796 18.203121967613697 235.55636388249695 250.01456309296191 907.84821885451674 289.66101825423539 2492.2455003485084 48.350414134562016 156.8095522634685 3585.7617393154651 620.83510022237897 546.05885736085474 8.7540372870862466 701.07462369091809 10.073025021702049 313.19628640264273 40.729650786146522 90.667056012898684 777.70102626830339 321.23522051423788 1053.358554141596 200.5908839404583 72.079248378053308 170.74862100556493 103.20460815355182 22.718151057139039 238.07160414755344 34.461024988442659
leaf_count=13990 1449 2142 70097 372 6525 7160 22800 5564 60484 709 2114 56471 10166 14290 128 21176 232 7365 957 1300 10129 4565 24337 5043 1897 2497 1309 655 3837 473
internal_value=3.44737e-05 -0.00505803 0.00247644 0.000756071 -0.00388046 -0.00368267 -0.00277722 0.00649083 -0.000966362 0.00814611 0.00481467 0.00764587 -0.00449009 -0.00170202 -0.0127992 -0.0167088 -0.000292058 0.00994298 0.0391084 0.0111818 0.0131916 0.0144255 0.00449526 -0.00596718 -0.0015505 0.0128319 0.0161774 -0.00389146 0.0233275 0.0363806
internal_weight=16795.9 5443.67 11352.3 8709.51 4815.88 5019.77 4769.76 3893.63 3861.91 2642.76 1726.69 3603.96 701.514 3870.5 945.385 709.829 3324.44 363.999 50.8027 1025.18 934.511 916.071 1346.95 293.587 2960.44 867.721 696.972 2514.96 375.737 137.666
internal_count=360233 136611 223622 185074 122667 122621 115461 62407 92661 38548 25158 56843 11615 94838 27829 21304 80548 8554 1189 13543 12243 13390 31522 7185 71994 12681 10184 61139 5619 1782
is_linear=0
shrinkage=0.05


Tree=28
num_leaves=31
num_cat=0
split_feature=14 5 0 0 0 0 5 13 0 0 14 8 7 24 8 4 15 24 9 11 1 13 5 0 3 24 0 1 11 15
split_gain=90.9305 44.7612 40.7466 110.26 25.7997 49.4143 36.837 28.531 23.3418 22.7677 23.2278 21.0087 23.4209 17.5756 17.3395 16.9506 16.7523 17.3802 18.8375 37.2443 15.9571 24.2155 17.3177 15.6761 15.6753 15.5414 15.1836 14.5384 14.8687 14.2986
threshold=0.0010234205401502552 0.0025363086024299268 -0.00020941311959177253 0.00010671789277694189 0.0010499777272343638 -0.00035819827462546522 0.0027785201091319327 0.00048242608318105345 0.0013929292908869686 0.0010299722198396923 0.00051251100376248371 0.00051689762040041398 0.00053119909716770064 0.0009157831664197148 0.0015216069878078999 0.00063393524033017467 0.001097841246519238 0.0044035962782800206 1.6777917146682741 1.6018645763397219 0.0028824377804994587 0.0027049035998061304 0.0017644723411649468 0.0052980224136263141 0.0080271144397556799 -1.0000000180025095e-35 0.0029861893272027378 0.0012799025280401113 0.47272779047489172 0.00098661665106192253
decision_type=2 2 2 2 2 2 2 2 2 2 2 2 2 2 2 2 2 2 2 2 2 2 2 2 2 2 2 2 2 2
left_child=1 2 15 13 5 14 -7 -8 9 11 -11 12 -5 -4 24 25 17 -12 -19 -20 22 26 -6 -23 -2 -1 -22 28 -15 -27
right_child=4 -3 3 8 20 6 7 -9 -10 10 16 -13 -14 27 -16 -17 -18 18 19 -21 21 23 -24 -25 -26 29 -28 -29 -30 -31
leaf_value=-0.0053729609872086781 0.0092548845132721588 -0.03452232350190839 -0.019173227636926884 0.0015573098317720928 0.0063024784076280323 -0.00050953362705432551 0.075740659248002815 -0.024874074569859381 -0.014556971940339209 -0.0387709294640039 0.010201299684755024 -0.019725333270556557 -0.020106325771779857 -0.005201249220578066 -0.01061932821868076 -0.0037613494600158511 -0.018906984524871426 0.021070155190402031 0.14112446667018505 0.021876156109669229 0.0032966247851136804 0.029618818090504664 0.017440685359847868 -0.017595639048088443 -0.018985594747897076 0.0070682478468130777 -0.017196686472964254 -0.025591453655428587 -0.014786008507587612 -0.0067093040664139699
leaf_weight=378.52190638706088 2212.740802846849 111.97067555040121 792.90884055569768 2762.3733364343643 670.35009234398603 2273.1267875880003 7.2795577757060519 219.46669341623783 245.59674411825836 22.659298986196518 369.99213500134647 133.2677984777838 130.66282307729125 1027.379546623677 123.39674077555537 1015.059526052326 38.268346399068832 86.373385634273291 10.766309581696989 16.711017368361354 241.62073065340519 99.504818581044674 727.93932349607348 21.352987479418516 50.253407150506973 1836.7249022349715 144.39979276061058 142.74331552535295 667.51841468364 209.83022460900247
leaf_count=8334 32207 2733 25160 60691 8728 57243 93 7726 4602 618 5712 3213 3262 30754 2233 21919 559 1310 172 350 3531 1121 9676 284 800 36044 2297 4194 21131 3518
internal_value=-5.42033e-05 -0.00308659 -0.00273059 -0.00507524 0.00441052 0.00248621 -0.00242649 -0.0216439 0.000353195 0.00137863 0.0107884 -0.000315246 0.00057888 -0.0129514 0.00763252 0.00166355 0.0129392 0.015458 0.0325414 0.0686007 0.00934587 0.00174565 0.0121009 0.021277 0.00862776 0.00393424 -0.00436937 -0.0102667 -0.00897611 0.00565566
internal_weight=16790.8 9999.33 9887.36 6447.22 6791.43 4886.26 2499.87 226.746 3816.67 3571.07 544.77 3026.3 2893.04 2630.55 2386.39 3440.14 522.111 483.843 113.851 27.4773 1905.17 506.878 1398.29 120.858 2262.99 2425.08 386.021 1837.64 1694.9 2046.56
internal_count=360215 234276 231543 161728 125939 100302 65062 7819 80489 75887 8721 67166 63953 81239 35240 69815 8103 7544 1832 522 25637 7233 18404 1405 33007 47896 5828 56079 51885 39562
is_linear=0
shrinkage=0.05


Tree=29
num_leaves=31
num_cat=0
split_feature=13 5 0 0 5 10 13 0 15 19 23 8 7 5 23 10 19 9 23 15 20 19 15 0 0 15 0 15 0 24
split_gain=64.9937 36.1547 34.2843 78.2563 38.8059 31.3462 26.6548 25.0068 24.9483 22.4245 19.4525 23.6134 18.7354 18.1036 23.2147 16.7901 17.915 15.0599 14.9549 14.7989 14.5505 14.3609 13.9006 13.8755 37.8625 18.7595 16.9732 15.2449 13.963 17.6355
threshold=0.00076161065953783702 0.00010644526264513844 0.0010604829294607045 -0.00041303112811874593 0.0027785201091319327 2.0463333129882817 0.00053105244296602916 0.00031411967938765889 0.0010025408701039853 -0.0082369181327521784 -0.0010983651736751197 0.0024896282702684407 0.00030121016607154166 0.00091830876772291969 -0.010069642215967177 3.9174793958663945 -0.0032519472297281023 2.9803590774536137 -0.0063389325514435759 0.00068134648608975123 -0.00086197844939306368 -0.013684561941772698 0.00064195215236395608 0.00022991148580331358 -0.00010450959234731271 0.00025496851594652986 -0.00031199741351883853 0.00040279104723595088 4.7425690354430123e-05 0.003915544832125307
decision_type=2 2 2 2 2 2 2 2 2 2 2 2 2 2 2 2 2 2 2 2 2 2 2 2 2 2 2 2 2 2
left_child=1 6 3 15 7 23 -1 10 9 -9 13 -12 17 -5 -15 16 -2 -4 -14 22 -11 -16 -18 24 25 26 -3 -25 -26 -30
right_child=2 5 12 4 -6 -7 -8 8 -10 20 11 -13 18 14 21 -17 19 -19 -20 -21 -22 -23 -24 27 28 -27 -28 -29 29 -31
leaf_value=-0.024179008271506749 0.012369535126634738 0.038691227903629451 0.010347288609122797 -0.00023013708729148526 -0.02408777800098523 -0.011165258915841081 -0.0051193846251261005 -0.03211682026028876 -0.0038869127872478413 -0.0059577418850788166 -0.016256991789570113 0.072213258558414359 0.017790831322638725 0.021207376523405236 0.041759946336842296 -0.0085916950848696008 0.010690471235004448 -0.018543545993136023 -0.0074622745139634036 0.003802147316532993 0.016654361318483895 -0.014062574968099784 0.057733718211293153 0.010132900560299633 -0.012478046752248123 0.00024577424534018928 0.0041787145265881794 -0.00022754781846936602 -0.005539430689114869 0.023846225323890104
leaf_weight=346.87914073839784 1153.6304793134332 61.86320111528039 2015.0563857294619 1474.521643942222 222.33997430093586 874.81765441223979 389.31393474526703 28.765377920120955 563.89381725713611 84.075213380157948 442.53818150237203 7.6730797048658124 72.96281386166811 54.069963272660971 11.748654853552578 173.41217044182122 44.101969240233302 46.139677010476589 298.36802833713591 1992.2960003763437 462.53606571629643 595.45209514163435 24.385445158928633 494.15411597490311 956.2188818231225 2009.1199703812599 83.992690356448293 1261.4705552142113 464.835923101753 57.357111373916268
leaf_count=12115 16491 709 26095 36983 7940 22279 10321 550 10785 1625 12453 256 1211 1614 350 3184 893 668 5706 30841 8677 18424 468 8215 30606 46167 1226 27927 13411 1586
internal_value=5.88959e-05 -0.00361831 0.00269409 0.000988277 -0.00379593 -0.0023864 -0.0140999 -0.00258483 0.00358711 0.010912 -0.00530389 -0.0147492 0.00783808 -0.00331288 -0.0101869 0.006563 0.00738057 0.00970057 -0.00250029 0.00458774 0.0131764 -0.0129825 0.0274406 -0.000961292 -0.00272489 0.00150272 0.0188168 0.0026886 -0.00888718 -0.00231174
internal_weight=16768 7000.02 9767.97 7335.44 3947.61 6263.83 736.193 3725.27 1139.27 575.377 2586 450.211 2432.53 2135.79 661.271 3387.83 3214.41 2061.2 371.331 2060.78 546.611 607.201 68.4874 5389.01 3633.39 2154.98 145.856 1755.62 1478.41 522.193
internal_count=359776 174562 185214 151534 99657 152126 22436 91717 21637 10852 70080 12709 33680 57371 20388 51877 48693 26763 6917 32202 10302 18774 1361 129847 93705 48102 1935 36142 45603 14997
is_linear=0
shrinkage=0.05


Tree=30
num_leaves=31
num_cat=0
split_feature=14 5 0 0 0 5 24 22 1 13 0 8 0 20 12 15 14 15 15 7 24 0 0 5 14 0 7 6 14 7
split_gain=61.3389 45.8654 30.8112 86.4077 27.657 26.32 23.7957 22.2975 21.9864 28.8987 25.9331 27.5723 24.4632 21.3408 24.7446 21.4795 24.9587 19.6411 19.4107 18.7599 19.4205 16.4876 16.3108 15.7093 15.4214 20.7811 17.8884 15.3833 15.1475 15.0687
threshold=0.0010234205401502552 0.0023513903142884378 0.00030338655051309621 -0.00020941311959177253 0.0012883796007372441 0.00067814125213772069 0.0009157831664197148 0.0017006609705276789 0.0035100040258839731 0.0027049035998061304 0.001751466828864068 0.0026396837783977394 -0.00033094319223891938 -0.00079505081521347154 0.00084255042020231496 0.00033835627255029982 0.00061590460245497536 0.00053352923714555811 0.0013882431085221472 0.00010921388457063587 -1.0000000180025095e-35 0.00083059380995109688 -0.0010928298579528926 0.0016461752238683405 0.002524836803786457 -0.0035506469430401917 0.0010176391806453469 0.0011050681932829323 0.00074913885327987384 1.3177722735235878e-07
decision_type=2 2 2 2 2 2 2 2 2 2 2 2 2 2 2 2 2 2 2 2 2 2 2 2 2 2 2 2 2 2
left_child=1 2 3 7 13 6 -5 19 10 -10 11 12 24 -4 15 29 -17 -18 21 20 -1 23 28 27 25 26 -2 -14 -21 -15
right_child=8 -3 4 5 -6 -7 -8 -9 9 -11 -12 -13 18 14 -16 16 17 -19 -20 22 -22 -23 -24 -25 -26 -27 -28 -29 -30 -31
leaf_value=-0.011656265265110188 -0.021978407221269897 -0.029884128394366695 -0.011184651606762604 -0.014564159289038864 -0.013568327151112706 -0.018356962844572 -0.0042430409172496139 -0.0095176686392618691 -0.013840350750351199 0.010546053436254437 0.012691324007746441 -0.0205952045208464 0.0017428748211099851 0.016634808107869579 0.014573425414517211 -0.0062784902734475435 0.068426698439828931 0.0050202703951302882 -0.0040583326296968134 -0.0033944019088727635 0.0024374059083111044 0.01047346402573467 0.0070299610154315566 -0.016422462341600469 0.018733049508863165 0.0072738921116657336 0.039843269364709021 0.053335355797470313 0.04201783425903835 -0.011174195441691286
leaf_weight=279.45879695005715 100.04128683358431 151.03315061703324 228.0391303319484 811.0849345009774 260.00096535868943 703.57633695937693 1792.9156918935478 401.51440868154168 374.57412221468985 179.79925714060664 829.69146660715342 119.06036389619112 944.98293579928577 344.82741222530603 515.40030132047832 835.10331064835191 12.39893654361367 816.49669635109603 1240.2020970582962 25.391620915383101 1949.9400960337371 644.36187716573477 703.70720128901303 123.37032186239958 272.10577233880758 1970.0954952165484 13.251104317605494 14.672660609707235 66.33290122076869 56.726580340415239
leaf_count=6213 1534 3688 4664 25564 4977 23399 52593 8797 6975 2794 10550 3565 23325 4632 8640 19426 272 15988 30690 573 38555 9424 14219 4020 3119 29450 182 374 922 993
internal_value=-3.70858e-05 -0.0025405 -0.00211921 -0.0040116 0.00203303 -0.00977625 -0.00745783 0.00155322 0.00361338 -0.00593114 0.00445702 0.00320165 0.00373391 0.0034771 0.00477253 0.00232699 -0.000177726 0.00596873 0.000714068 0.00302277 0.000670741 0.00414048 0.00961492 0.00037258 0.00753848 0.00607639 -0.0147475 0.0025317 0.0294466 0.0127063
internal_weight=16780.2 9953.95 9802.92 6733.92 3068.99 3307.58 2604 3426.35 6826.21 554.373 6271.84 5442.14 5323.08 2808.99 2580.95 2065.55 1664 828.896 2967.59 3024.83 2229.4 1727.39 795.432 1083.03 2355.49 2083.39 113.292 959.656 91.7245 401.554
internal_count=360117 234115 230427 170835 59592 101556 78157 69279 126002 9769 116233 105683 102118 54615 49951 41311 35686 16260 67833 60482 44768 37143 15714 27719 34285 31166 1716 23699 1495 5625
is_linear=0
shrinkage=0.05


Tree=31
num_leaves=31
num_cat=0
split_feature=14 5 0 0 9 0 0 5 15 14 5 21 23 4 20 15 7 0 15 5 14 20 7 1 3 15 0 19 3 9
split_gain=64.0708 30.8079 28.6745 90.4633 24.0488 25.9462 52.5118 34.0176 23.601 28.665 20.7732 19.5733 18.6098 24.7538 18.0968 17.5422 18.2358 16.2524 15.656 15.4206 15.0273 16.8841 14.8096 15.4505 16.2887 14.6657 22.0902 17.4408 14.0665 15.0934
threshold=0.00092007280909456323 0.0023112546186894183 0.00018028830527327957 -0.00020941311959177253 2.8655604124069218 0.0010604829294607045 -0.00096888793632388104 0.0027785201091319327 0.00099712720839306734 0.0011983959120698275 0.00044022157089784747 -0.0018679074710234997 0.00016925184172578159 -0.00021897810074733568 0.00065502038341946911 0.00024135704006766903 0.0010538024362176659 -0.00031199741351883853 0.001433583034668118 0.00072496870416216563 0.00078304205089807521 -0.0001814033821574412 0.00054887754959054302 -0.00147987634409219 0.0014865167904645207 0.0020744244102388625 -0.0027318258071318264 0.0062699313275516042 0.0035651247017085557 2.1729170083999638
decision_type=2 2 2 2 2 2 2 2 2 2 2 2 2 2 2 2 2 2 2 2 2 2 2 2 2 2 2 2 2 2
left_child=1 2 3 15 5 6 25 8 11 14 20 -8 13 -4 -10 17 -17 -1 19 -11 21 -5 23 -13 -25 26 27 -2 -7 -30
right_child=4 -3 12 10 -6 28 7 -9 9 18 -12 22 -14 -15 -16 16 -18 -19 -20 -21 -22 -23 -24 24 -26 -27 -28 -29 29 -31
leaf_value=0.040066074954124863 -0.016650649307110476 -0.030048603729211872 -0.0032384322346586006 -0.018343113338775027 -0.010420114156820585 0.011159072200140049 -0.0090777914535493404 -0.020896474300075941 -0.0049749720039388556 0.015493270052309133 -0.018840647054560296 -0.011384226878054963 -0.010429797107042366 0.0063027363893808919 -0.020081659347397456 -0.0003759365127203222 0.026588777265534561 0.002633890150905544 -0.0032107491453897811 0.00097513917154816053 0.002280058287716677 -0.0069167208736788683 -0.010582036816605776 0.023378216147582599 0.0051538252207688996 0.015725122996893121 0.0081461968768174776 0.02502040013192788 0.0050702379255343853 -0.019026302238285945
leaf_weight=54.13355104252696 159.10138613730669 103.81098221428692 1141.7144294586033 495.03245884925127 311.18005026318133 1478.5136669501662 150.18149101547897 214.75061832554638 611.72077328525484 289.64963114820421 759.85925691947341 55.694940576329827 311.80565512552857 1680.2327022757381 293.29597715847194 2797.4591926056892 64.138360248878598 62.451885873451829 951.33410545065999 496.29414236918092 255.77558479830623 931.89729637093842 70.935019509866834 317.15428350493312 199.87942588143051 509.35065591335297 1392.8015293926001 29.814853083342314 504.10630740970373 74.603045091032982
leaf_count=621 2427 2740 24432 16014 6050 19193 3299 7582 14554 6505 25438 1202 7089 34135 6992 59418 916 765 24013 11430 6741 30299 1903 7111 4437 6030 19821 465 6896 1257
internal_value=1.71468e-05 -0.00297411 -0.00264556 -0.00484658 0.0032105 0.00375435 0.00202814 -0.00159056 -0.000383988 -0.0026553 -0.0119789 0.00717602 0.00116175 0.00244253 -0.00987072 0.001003 0.000228437 0.0200146 0.0011035 0.00632561 -0.0088803 -0.0108808 0.0109684 0.0136375 0.0163329 0.0083462 0.00597001 -0.0100741 0.00857241 0.00196389
internal_weight=16768.7 8658.31 8554.5 5420.75 8110.36 7799.18 5741.96 3650.89 3436.14 2642.29 2442.56 793.845 3133.75 2821.95 905.017 2978.18 2861.6 116.585 1737.28 785.944 1682.71 1426.93 643.664 572.729 517.034 2091.07 1581.72 188.916 2057.22 578.709
internal_count=359775 208608 205868 140212 151167 145117 117771 89028 81446 63494 78492 17952 65656 58567 21546 61720 60334 1386 41948 17935 53054 46313 14653 12750 11548 28743 22713 2892 27346 8153
is_linear=0
shrinkage=0.05


Tree=32
num_leaves=31
num_cat=0
split_feature=14 5 15 14 5 15 5 14 5 5 5 0 0 5 13 10 8 15 5 7 13 5 0 0 20 14 0 0 1 13
split_gain=51.2696 41.0536 32.7523 39.9618 34.1591 27.7745 24.7262 26.6079 35.8418 27.9135 26.7027 20.4212 35.2602 24.692 25.0141 20.0205 18.5783 20.9798 23.2038 19.8629 17.7935 16.7757 40.152 20.7228 15.9253 15.6006 15.4756 16.6872 16.8828 15.0073
threshold=0.0010234205401502552 0.0025363086024299268 0.0010025408701039853 0.00061590460245497536 7.3825252911774455e-05 0.00046661459782626485 0.00097360977088101219 0.00043889650260098284 0.00029652584635186946 0.00032218224077951168 0.00054767512483522307 0.0010742100421339276 -0.00010975141412927768 0.0015349962050095203 0.00048687966773286467 0.98036980628967296 0.00017577336984686556 0.00061549353995360445 0.00094659475143998872 0.00022826554777566346 0.00032203216687776154 0.00065641922992654156 -0.00060941546689718951 0.00053963629761710774 0.0029126015724614267 0.00047094799811020499 -0.00031199741351883853 0.00030543816683348274 -1.0000000180025095e-35 0.00030834450444672262
decision_type=2 2 2 2 2 2 2 2 2 2 2 2 2 2 2 2 2 2 2 2 2 2 2 2 2 2 2 2 2 2
left_child=1 2 3 4 -1 6 7 8 -6 26 20 12 -2 24 -15 25 17 19 -19 -5 -11 22 -12 -24 -14 -7 29 -28 -29 -10
right_child=11 -3 -4 16 5 15 -8 -9 9 10 21 -13 13 14 -16 -17 -18 18 -20 -21 -22 -23 23 -25 -26 -27 27 28 -30 -31
leaf_value=-0.020617679037364233 0.0057184248597528589 -0.033790370749154426 -0.011153314857809554 0.024512717686053825 -0.014902768460828867 -0.013254055581205154 -0.024159658214119622 0.014275980685411608 0.035925342921399754 -0.023192948876310779 0.080642682122297638 0.0076981277958247264 0.0017789050841670656 0.071769120471472991 -0.011668592212466277 -0.014844407956782574 -0.0034167952011278399 -0.0003458335531883657 0.0089515449380402814 -0.0097223222543598928 -0.0030948960619283823 -0.0067104418865209089 0.0020613906080663978 0.044689829672193593 -0.016441324810749589 -0.00053973051153899886 0.00095618410141046499 -0.025288682736798664 0.023040965062865158 -0.0062173595617537897
leaf_weight=300.75693708844483 2527.9975516088307 103.11190799623728 902.22686951607466 213.70479553192854 374.78664868324995 332.07329909130931 100.05967222712934 335.57236593961716 89.241489220410585 208.67545107379556 19.746141958981752 1854.1051956824958 1658.6634195111692 9.1001164987683278 695.36243601329625 658.34580219909549 1034.8201757185161 1829.2292268835008 1059.9441334158182 52.845041390508413 233.19238017126918 208.8954567629844 251.12723888643086 32.160543505102396 129.2749511860311 882.27688895538449 459.51246895454824 20.071687519550323 181.1860103495419 27.676519446074963
leaf_count=10669 37231 2711 19448 4954 12013 8863 2607 8631 903 5563 332 24347 39351 129 21956 17823 24585 41462 19753 1313 6028 4950 5131 585 3107 22223 10865 245 2134 357
internal_value=-0.00010412 -0.00240549 -0.00207554 -0.00115591 -0.00431332 -0.00320254 0.000201551 0.0011998 -0.000883501 0.00215102 -0.00358146 0.00321386 0.00155775 -0.00266235 -0.0105908 -0.00782309 0.00239694 0.00430337 0.00306507 0.0177254 -0.0125864 0.00419105 0.011706 0.00690083 0.000461511 -0.00401656 0.00918163 0.00621471 0.018221 0.0259494
internal_weight=16785.7 9911.24 9808.13 8905.9 4715.36 4414.6 2541.9 2441.84 2106.27 1731.49 953.797 6874.5 5020.4 2492.4 704.463 1872.7 4190.54 3155.72 2889.17 266.55 441.868 511.929 303.034 283.288 1787.94 1214.35 777.688 660.77 201.258 116.918
internal_count=360269 234148 231437 211989 119922 109253 60344 57737 49106 37093 22589 126121 101774 64543 22085 48909 92067 67482 61215 6267 11591 10998 6048 5716 42458 31086 14504 13244 2379 1260
is_linear=0
shrinkage=0.05


Tree=33
num_leaves=31
num_cat=0
split_feature=14 0 0 15 5 5 11 11 7 13 0 14 0 4 3 14 5 8 5 5 0 22 5 14 0 23 13 21 5 13
split_gain=55.5512 28.5365 61.684 27.8034 27.6363 24.5985 25.2288 20.3091 19.5898 19.4317 19.0752 28.1459 26.0361 18.0169 16.7845 16.3899 22.807 16.2073 16.4639 17.1171 21.4953 20.0702 19.8616 18.8879 17.1615 15.8011 16.4398 15.603 22.0347 15.6258
threshold=0.00072014605393633257 -0.00096888793632388104 0.00039034574001561856 0.00062052876455709349 0.0015211108839139344 7.3825252911774455e-05 0.4794073104858399 4.4649772644042978 0.00041205254092346882 0.00070560871972702454 -0.001164935471024364 0.0013786733616143467 -0.0024459849810227747 0.0021580794127658014 -0.0055545915383845559 0.0011719683534465732 0.0026957336813211445 0.00054402029491029691 0.00054402029491029691 0.00064284566906280826 -0.00059153660549782206 -0.00043517905578482891 0.00071751026553101848 0.0006022006564307959 0.00028028884844388818 -0.0028328093467280264 0.0012567925150506201 0.00046915360144339507 0.0026669759536162023 0.0034326193854212765
decision_type=2 2 2 2 2 2 2 2 2 2 2 2 2 2 2 2 2 2 2 2 2 2 2 2 2 2 2 2 2 2
left_child=3 10 4 5 -3 -1 -7 25 9 17 11 12 -2 -11 -14 -6 -17 18 -8 20 21 -20 -21 24 -22 26 -4 28 -27 -29
right_child=1 2 7 -5 15 6 8 -9 -10 13 -12 -13 14 -15 -16 16 -18 -19 19 22 23 -23 -24 -25 -26 27 -28 29 -30 -31
leaf_value=-0.017511929836674479 -0.030853738461564473 -0.001722091123077165 -0.0035246274565610622 -0.010114155652212541 -0.022833515208085572 0.0031639734778987506 -0.0081978332087790703 -0.012918804866084328 -0.023303086981275655 0.0051060158917725787 0.013096176638434077 0.0088400403163485467 0.025078544016686573 0.050811880519061006 -0.0027870885741324673 0.0010270716810843235 -0.018905420502635859 -0.030549965277792707 0.092908511068380481 -0.021082636313325055 -0.0068083262299665354 0.0073963824497132961 0.00043119800338144133 0.0721174350696943 0.016668506141746583 0.016440379134822936 0.0067732113020599633 0.0062482256810491004 0.081081698089551069 0.037614069861437366
leaf_weight=247.15623021684587 78.347195105627179 3545.049220867455 724.72296486049891 1471.5617333054543 241.25625953823328 1812.7358964458108 1076.5579543225467 150.90452704206109 133.10956919938326 87.739947421476245 754.46483331546187 1110.6385458745062 58.889126835390925 28.586206499487162 656.21203826181591 341.06018009781837 247.76605998724699 58.729282233864069 14.352770905941727 136.19048282317817 172.44098098017275 13.147202178835867 505.37283922173083 10.450318323448299 141.89676827937365 263.63882056623697 833.07584453374147 1782.8898519966751 13.877295054495333 40.611672841012478
leaf_count=9022 1476 87204 12526 38504 7068 43308 27863 3030 4055 2049 10202 14263 926 684 10439 9885 9012 1814 257 3337 4228 233 12301 257 2568 3943 11581 27267 158 334
internal_value=-0.000258306 0.00186727 0.000405413 -0.0041582 -0.00364502 -0.00218352 -0.00127962 0.00505698 -0.00466613 -0.00356135 0.00636787 0.00370189 -0.0034903 0.0163379 -0.000492332 -0.0118573 -0.00736011 -0.00464855 -0.00391383 0.000726689 0.00958182 0.0520268 -0.00413574 0.00598798 0.00378947 0.00579838 0.00198243 0.00862772 0.0196728 0.00694678
internal_weight=16753.4 10843.4 8184.85 5910.03 4375.13 4438.47 4191.31 3809.72 2378.57 2245.46 2658.55 1904.09 793.448 116.326 715.101 830.082 588.826 2129.14 2070.41 993.851 352.288 27.5 641.563 324.788 314.338 3658.82 1557.8 2101.02 277.516 1823.5
internal_count=359794 209314 172008 150480 113169 111976 102954 58839 59646 55591 37306 27104 12841 2733 11365 25965 18897 52858 51044 23181 7543 490 15638 7053 6796 55809 24107 31702 4101 27601
is_linear=0
shrinkage=0.05


Tree=34
num_leaves=31
num_cat=0
split_feature=12 10 12 15 5 13 5 0 0 5 10 0 24 15 1 1 15 5 0 0 9 11 7 4 4 11 0 9 24 23
split_gain=49.6949 29.1016 24.646 22.8566 45.8845 27.6721 25.5803 18.5099 42.16 28.2079 18.1783 21.7123 18.5812 14.9074 14.3724 14.9648 14.3011 24.6657 13.2969 16.714 19.6412 12.8938 12.8407 12.5617 18.7723 12.5551 13.9503 12.8726 12.4878 18.6311
threshold=0.00076447465107776235 3.1849243640899663 0.00019197195797460156 0.0003863784513669089 0.00030121616146061575 0.00037214857002254581 0.00097360977088101219 -0.00096888793632388104 0.00077047001104801904 0.0027785201091319327 2.2116857767105107 -0.0011398392962291835 0.001841070828959346 0.00048441391845699405 -0.0027775849448516961 0.00010958303755614908 0.00134669995168224 0.0023112546186894183 0.00067954018595628451 0.00054997435654513549 0.83773675560951244 0.070127494633197798 0.0011527381138876083 -0.0019857592415064569 -0.0026109414175152774 0.36903713643550878 -0.00030545232584699983 1.3419548869132998 0.0032644813181832437 -0.00048331305151805276
decision_type=2 2 2 2 2 2 2 2 2 2 2 2 2 2 2 2 2 2 2 2 2 2 2 2 2 2 2 2 2 2
left_child=2 7 -1 4 -4 28 18 14 9 -9 11 -7 13 -13 -2 -16 17 -3 19 25 -21 -17 -14 24 -15 26 -6 -27 -5 -30
right_child=1 16 3 5 6 10 -8 8 -10 -11 -12 12 22 23 15 21 -18 -19 -20 20 -22 -23 -24 -25 -26 27 -28 -29 29 -31
leaf_value=-0.012348747450929558 -0.00010433116899360745 -0.0052721019713163168 -0.015761283147005516 -0.016860250744910151 0.028435803506566881 0.020995288530418935 -0.035836618042160338 -0.00095730027581715092 0.0063286004303369781 -0.022291127219061638 -0.011502401867370603 0.0037323801837357805 0.001147697969130628 -0.0074237577313205809 0.011219917661916448 0.029539779648841469 0.0014412192014729916 -0.032602720671913561 -0.030030871234184377 0.087937903235267262 0.018225195092897981 -0.0055371761957658527 -0.045280922658930911 -0.011967108162294109 0.012080826532861187 -0.002267904442363224 0.0087942628231641347 0.011035763657206314 0.033352259814274553 -0.015764984277503294
leaf_weight=642.89556595683098 531.95156768150628 259.00831317715347 263.06123264692724 501.9471456091851 127.24411570653319 105.62018045783043 33.671840764582157 3125.3182183764875 2805.9982672184706 163.02577532082796 495.1548591516912 340.06047885864973 2483.4366059191525 524.05811269953847 1493.9611409343779 29.461578067392111 248.50769536569715 121.1750465054065 22.189544875174761 13.799404382705687 37.727640256285667 236.5373041536659 14.982034141197799 834.67511184886098 161.34321894310415 399.10183965601027 312.21231527067721 333.99607222527266 32.800541771575809 46.930805921554565
leaf_count=19269 7225 5451 8776 14731 1672 1947 872 76620 40077 6248 13143 8913 59386 12660 20415 350 4971 2974 483 243 672 3472 449 21131 4013 8273 6344 6808 921 1328
internal_value=-3.26576e-05 0.00248934 -0.00297506 -0.00212438 0.00325766 -0.00362311 0.00716655 0.00326717 0.00182664 -0.00201496 -0.002413 -0.00140482 -0.00194764 -0.00573116 0.00709764 0.00927445 -0.00788623 -0.0139831 0.00832841 0.00902377 0.0368949 -0.00165211 0.000869284 -0.00784827 -0.00283239 0.00779899 0.0144814 0.00379319 -0.0139404 0.00444127
internal_weight=16741.9 9014.94 7726.91 7084.01 1543 5541.01 1279.94 8386.25 6094.34 3288.34 4959.33 4464.18 4358.56 1860.14 2291.91 1759.96 628.691 380.183 1246.27 1224.08 51.527 265.999 2498.42 1520.08 685.401 1172.55 439.456 733.098 581.678 79.7313
internal_count=359837 167803 192034 172765 34143 138622 25367 154407 122945 82868 121642 108499 106552 46717 31462 24237 13396 8425 24495 24012 915 3822 59835 37804 16673 23097 8016 15081 16980 2249
is_linear=0
shrinkage=0.05


Tree=35
num_leaves=31
num_cat=0
split_feature=14 15 5 14 15 5 5 14 5 5 5 13 0 0 14 0 0 5 13 15 15 0 0 0 0 6 0 19 14 4
split_gain=46.5792 36.398 31.2111 24.7146 30.1457 23.8079 34.9686 30.9089 18.1883 21.745 36.3549 24.5342 24.239 20.6337 19.393 15.9435 24.998 21.8138 29.4398 15.9332 15.6515 21.4236 20.5573 24.2754 17.5707 14.7145 15.8289 14.657 13.8996 16.6112
threshold=0.0010234205401502552 0.0010025408701039853 0.0025363086024299268 0.0006749781605321915 0.00062052876455709349 0.00028386666963342583 0.00032884889515116816 0.00029270534287206834 0.0015349962050095203 0.00053987908177077781 0.00064284566906280826 0.00053105244296602916 -0.00059153660549782206 0.00037470023380592471 0.00032379610638599848 0.0010742100421339276 -0.00010975141412927768 0.0027527145575731997 0.00052679277723655115 0.00039706648385617887 0.00078187731560319673 -0.0010536945192143319 0.00099097116617485903 0.0012241775402799251 -0.0012607981916517017 -0.00018373908824287352 0.00018028830527327957 -0.0003321707335999235 0.00039711913268547511 0.0011001200764440002
decision_type=2 2 2 2 2 2 2 2 2 2 2 2 2 2 2 2 2 2 2 2 2 2 2 2 2 2 2 2 2 2
left_child=1 2 3 4 5 7 -7 -1 9 14 12 -12 -11 -14 -8 16 -2 -18 -19 28 -5 24 27 -24 -22 -6 -27 -23 -16 -30
right_child=15 -3 -4 20 25 6 8 -9 -10 10 11 -13 13 -15 19 -17 17 18 -20 -21 21 22 23 -25 -26 26 -28 -29 29 -31
leaf_value=-0.028245950951239787 0.00498252752146045 -0.011839180670067404 -0.034086687850135064 0.0063632532805851022 -0.0026095459838588685 0.0087851111169034816 -0.023343781392532695 -0.0042565823525415863 -0.028494355201259154 0.050028427733929903 -0.01016744455967635 0.0060192018325918853 0.004243009857266093 0.029792042527611737 -0.00016007758279178283 0.0069089944145862324 -0.00059773004435487631 0.074215703519674645 -0.020675805146934335 -0.0079714981265069321 -0.0049118420876811605 -0.00032914093396652278 0.015201473663901217 -0.010705411960579544 0.01798025800712888 -0.024067046719762425 -0.0084334636184490615 -0.010522787795605171 0.049009953547022096 -0.020816899440717636
leaf_weight=167.87064600177109 2552.022333489731 921.4921816252172 72.445418562740088 1338.5839635804296 331.36452106386423 904.4059825912118 166.35664856806397 670.87365642562509 66.282456904649734 39.120291113853455 610.69044673070312 379.61870357580483 408.91890715807676 97.956264656037092 104.74901006184518 1877.7206564694643 2255.1724339853972 8.4996859952807409 213.13346104696393 657.81651113182306 125.66324460506439 680.87284796498716 286.02631601318717 132.22204974479973 251.74384130910039 297.05981972999871 355.87924379110336 731.4807903803885 36.059211714193225 11.151042280718682
leaf_count=6257 37153 20138 2069 29515 8234 17741 4451 21480 1949 686 15399 9221 9283 1969 2748 24286 56141 101 8284 17246 2139 16303 3808 2282 3339 9727 8705 18125 921 286
internal_value=-0.000170397 -0.00237841 -0.00140162 -0.00113415 -0.00329399 -0.00149545 0.000325612 -0.00905794 -0.00264129 -0.00195925 0.00174857 -0.00396256 0.0121072 0.00918049 -0.00779486 0.00297758 0.00150962 -0.00206875 -0.0170367 -0.00460056 0.00209726 -0.000488951 -0.00272522 0.00701146 0.010358 -0.011191 -0.0155461 -0.0056086 0.0099919 0.0325169
internal_weight=16753.3 9846.7 8925.21 8852.77 5306.17 4321.87 3483.13 838.744 2578.72 2512.44 1536.3 990.309 545.995 506.875 976.132 6906.55 5028.83 2476.81 221.633 809.776 3546.59 2208.01 1830.6 418.248 377.407 984.304 652.939 1412.35 151.959 47.2103
internal_count=359986 234021 213883 211814 136303 109637 81900 27737 64159 62210 36558 24620 11938 11252 25652 125965 101679 64526 8385 21201 75511 45996 40518 6090 5478 26666 18432 34428 3955 1207
is_linear=0
shrinkage=0.05


Tree=36
num_leaves=31
num_cat=0
split_feature=10 0 0 0 4 14 5 20 23 11 19 4 1 4 13 5 14 3 14 5 5 13 1 1 1 11 6 19 19 6
split_gain=37.6302 33.2477 72.8135 35.8913 30.4189 28.8976 22.2824 16.9427 16.5654 16.3032 15.2099 18.4675 16.4732 15.3381 14.9956 14.6303 13.7979 13.7429 13.1383 16.9406 12.5234 15.2167 12.1412 12.5471 11.9384 11.9244 14.4952 11.8386 11.7503 12.2246
threshold=3.0013291835784917 -0.00053705400205217291 0.00010970325092785062 -0.00010664960063877514 -0.00097085259039886285 0.00079290950088761758 0.0011148807243444028 -0.00019123879610560832 -0.0010320283472537992 0.31725116074085241 -0.0037002854514867063 -0.0012397149694152174 -0.0011061783297918735 -0.015756621025502678 0.001749591436237097 0.00061447077314369391 0.0025731227360665803 0.003295086789876223 0.0013646723236888649 0.0027527145575731997 0.00067251970176585029 0.0016901959315873685 0.0031475410796701912 0.0017481679678894582 -0.00147987634409219 0.67940908670425426 -0.00053425307851284732 0.0060924997087568053 0.00062928261468186985 -0.00023077811056282369
decision_type=2 2 2 2 2 2 2 2 2 2 2 2 2 2 2 2 2 2 2 2 2 2 2 2 2 2 2 2 2 2
left_child=1 4 3 20 10 7 8 -5 -7 -4 13 -12 24 -1 17 28 22 -6 -8 -20 27 25 23 -10 -13 26 -22 -3 29 -9
right_child=-2 2 9 5 14 6 18 15 16 -11 11 12 -14 -15 -16 -17 -18 -19 19 -21 21 -23 -24 -25 -26 -27 -28 -29 -30 -31
leaf_value=-0.015650791617353693 -0.0085148394089509614 0.0023894352394538778 0.0066954962049370131 -0.02070033868151935 -0.00020775562917552172 0.00084471901584141972 -0.022482777745836961 0.038366102111781326 -0.018969271565462423 0.0012752714807850807 0.0021830335122548679 0.027510004637864589 0.010084224910873039 0.014837137974780056 0.0087259505945976312 -0.024300370957019073 0.015247386419551343 -0.014652151162452366 0.0027314330919790447 -0.018777500830463333 -0.028203186101135411 0.043195430179255812 -0.045708963395428674 0.012863720512898908 0.083562890867643291 -0.01553289689971221 0.0061752310577490831 0.029701798135542634 -0.013242668234817529 -0.0027867620537490611
leaf_weight=43.142008479684591 1177.7781064361334 1425.301249884069 2190.6668232232332 487.73721295036376 1353.9395738150924 1465.4414388742298 211.65670006163418 18.87696048617363 156.45729678682983 3783.135172098875 870.15408748760819 24.454023890197277 81.273385029286146 942.21185652539134 416.70271931216121 136.35733134299517 37.781731843948364 187.47324120812118 205.13570228591561 165.31985409744084 36.688083238899708 15.116569859907029 32.432638736441731 38.589906640350819 15.533227995038031 239.4875231590122 186.65714434348047 40.81150745972991 358.32989774644375 409.79607171192765
leaf_count=558 27501 32478 36087 16925 24292 39022 7432 599 4528 72767 13959 367 1179 13770 5426 5053 931 3319 6759 6588 760 325 936 1098 216 5999 4307 961 12009 13954
internal_value=0.000102614 0.000754194 -0.000588787 -0.00464834 0.00472755 -0.00752312 -0.00408272 -0.013162 -0.00123648 0.00326293 0.00910294 0.0047305 0.0230109 0.0135023 0.000310478 -0.00918011 -0.0127341 -0.00196454 -0.012545 -0.00686716 0.00085841 -0.00617019 -0.0173815 -0.0126711 0.049284 -0.00778252 0.000528017 0.00314972 -0.00656035 -0.000974563
internal_weight=16754.4 15576.7 11641.8 5667.97 3934.88 3723.91 2312.82 1411.1 1730.7 5973.8 1976.77 991.415 121.261 985.354 1958.12 923.36 265.262 1541.41 582.112 370.456 1944.06 477.949 227.48 195.047 39.9873 462.833 223.345 1466.11 787.003 428.673
internal_count=360105 332604 269518 160664 63086 115834 67294 48540 46515 108854 30049 15721 1762 14328 33037 31615 7493 27611 20779 13347 44830 11391 6562 5626 583 11066 5067 33439 26562 14553
is_linear=0
shrinkage=0.05


Tree=37
num_leaves=31
num_cat=0
split_feature=12 5 5 14 14 5 15 0 0 5 21 22 24 3 14 24 0 13 15 0 22 4 0 15 15 9 9 24 23 20
split_gain=40.9997 39.9347 44.746 22.4757 21.4336 40.4173 25.9933 29.0965 42.6045 32.5473 23.4511 23.2688 19.3828 18.9198 18.6046 18.4437 16.5508 23.3354 15.3189 18.996 38.7224 20.5142 23.3512 16.2922 14.9077 14.846 14.9904 14.4391 14.2897 14.1258
threshold=0.00048538103874307131 0.00029652584635186946 0.00032884889515116816 0.00029270534287206834 0.0015430353232659402 0.0023513903142884378 0.0013882431085221472 -0.0003995057195425033 0.00010970325092785062 0.00076003969297744345 -0.00055293206241913129 0.00099310174118727467 0.0036001494154334073 -0.0016812687972560523 0.0010353932739235463 0.0004442512290552259 0.0012883796007372441 0.0011839985381811859 0.0011642443714663389 0.001089423487428576 0.0020921673858538274 0.0033725316170603041 0.0011326310923323037 0.00090693551464937638 0.00074302425491623591 1.0000000180025095e-35 2.8322855234146123 0.003915544832125307 -0.008251443970948456 0.0015779140521772208
decision_type=2 2 2 2 2 2 2 2 2 2 2 2 2 2 2 2 2 2 2 2 2 2 2 2 2 2 2 2 2 2
left_child=1 3 -3 -1 5 6 7 11 9 14 -10 12 -2 27 -9 -5 18 -18 19 29 -21 22 -22 -23 -7 -6 -27 -12 -11 -15
right_child=4 2 -4 15 25 24 -8 8 10 28 13 -13 -14 16 -16 -17 17 -19 -20 20 21 23 -24 -25 -26 26 -28 -29 -30 -31
leaf_value=-0.029491510729051418 0.0069766612888895784 0.0080499210924276331 -0.005093042239210626 -0.025720748631958848 -0.010183506222181282 -0.045798596748515635 -0.0093648792011585269 -0.0047055633677578037 -0.0039455904950382297 0.012934178441694397 0.016146006081102286 -0.0023410769677510916 0.024536766923796666 0.0090242352680881908 0.0082373604381764023 -0.0064214321235557181 -0.011264452327875887 0.010276590540605186 -0.0069049374689922191 0.007545581810309801 0.11593130375498611 0.057006726503774453 0.034613837967640775 0.0032851451866617817 -0.011282008475666842 0.0067084208694529711 -0.0082627565198070164 0.067720961663889731 -0.015708192584758789 -0.003161169175162481
leaf_weight=168.60818647034466 1911.4850235935301 879.0334602072835 2459.7403206825256 148.20054639317095 153.58267383277416 33.464865246787667 576.14134731329978 1075.6953396126628 856.4260437451303 46.281284829601645 41.43651076592505 661.97591876238585 171.22201828658581 1060.6572095714509 374.2445716150105 751.75467434152961 320.99220279045403 206.67525935545564 173.41406615264714 187.16352860443294 18.453846914693713 26.600012974813581 16.925680954009295 30.0639927983284 479.59531591832638 2679.4724369719625 178.32933863066137 20.17966740205884 736.74903333559632 306.57947148941457
leaf_count=6467 32402 16939 62234 4874 3897 1076 10908 29513 16602 1372 685 12574 2792 21466 9021 23618 5765 2654 3017 2683 255 460 287 387 9535 44812 3188 338 24170 6068
internal_value=-0.000185554 -0.00432531 -0.00163276 -0.0127383 0.00129254 0.00010901 0.000902647 0.00162027 -0.000478494 -0.00580095 0.00316096 0.00582482 0.0084203 0.00568727 -0.00136486 -0.00959956 0.00496941 -0.00282732 0.00723007 0.00871886 0.0206035 0.0471558 0.0770288 0.0285039 -0.0135334 0.00496035 0.00577421 0.0330371 -0.0140153 0.00629187
internal_weight=16751.1 4407.34 3338.77 1068.56 12343.8 9332.42 8819.36 8243.22 5498.54 2232.97 3265.57 2744.68 2082.71 2409.14 1449.94 899.955 2347.53 527.667 1819.86 1646.44 279.207 92.0435 35.3795 56.664 513.06 3011.38 2857.8 61.6162 783.03 1367.24
internal_count=360059 114132 79173 34959 245927 194030 183419 172511 124743 64076 60667 47768 35194 44065 38534 28492 43042 8419 34623 31606 4072 1389 542 847 10611 51897 48000 1023 25542 27534
is_linear=0
shrinkage=0.05


Tree=38
num_leaves=31
num_cat=0
split_feature=14 15 5 5 9 14 9 8 11 0 11 14 2 13 0 24 24 15 20 2 22 13 5 5 14 15 24 3 15 13
split_gain=32.8236 28.06 28.4379 27.4128 22.9116 22.877 21.9972 19.4239 22.8907 25.0537 16.1586 16.1309 31.1779 15.3106 15.1082 12.9434 14.791 12.8337 12.4751 13.1544 13.3936 12.1111 11.9505 13.668 16.9786 11.8631 11.7577 19.0926 17.1161 24.2206
threshold=0.00057989609194919478 0.00046661459782626485 0.00029652584635186946 0.00097360977088101219 2.8655604124069218 0.00042027089511975651 1.0000000180025095e-35 0.0001697937696008012 3.8814066648483281 0.0010499777272343638 0.43621118366718298 0.0028661498799920086 0.0035337581066414718 0.00053552456665784131 -4.5348133426159614e-05 0.0018883680459111931 0.0022372227394953374 0.002972217160277069 0.00059279421111568819 -0.00037554453592747444 -0.00089879264123737801 0.0032908808207139377 0.0013665690203197303 0.00079978190478868793 0.0010234205401502552 0.00052468644571490597 0.0054968516342341909 -1.0000000180025095e-35 0.0010025408701039853 0.0010225311852991583
decision_type=2 2 2 2 2 2 2 2 2 2 2 2 2 2 2 2 2 2 2 2 2 2 2 2 2 2 2 2 2 2
left_child=1 2 5 10 6 -1 -2 11 9 14 -4 12 25 15 -9 -3 -17 18 -16 -20 22 -6 23 -21 -25 -8 28 -28 -27 -30
right_child=4 13 3 -5 21 -7 7 8 -10 -11 -12 -13 -14 -15 17 16 -18 -19 19 20 -22 -23 -24 24 -26 26 27 -29 29 -31
leaf_value=-0.016228677586395068 -0.010144281777906643 -0.017408274845646575 0.0085740990788747695 -0.024330232627886188 -0.013723130058082329 0.008903100934390824 0.022880419398699552 0.001238293905254411 -0.019138769886937666 0.0081877529785612004 -0.00059078762814883867 0.01363698263358059 -0.0090583105203310994 -0.0021666344555792976 -0.011660395930707399 0.011755392646146268 -0.010766265103506088 0.059525771832949104 0.050296110464076664 -0.0010660976957518758 -0.0056974821799332803 0.016025251569239628 -0.010063997582492115 0.017807862440405456 0.10628559784819983 0.0049067344111078902 0.024134466573127837 0.0053710374565758764 -0.0079265115773040403 0.0022510281998270221
leaf_weight=433.34713693708181 392.71410300955176 611.95207375101745 799.36319887638092 95.705149155110121 351.40717544406652 114.47003971599042 77.777720365673304 1086.1110060047358 174.29973068088293 646.66775420308113 1207.3331744931638 348.15096649713814 532.10477449931204 516.29556557908654 686.61944947764277 90.959685482084751 367.20748002454638 7.2062777802348128 12.17506931722164 13.67200096696615 385.55407247692347 37.903955277055502 20.269852481782436 10.671243479475381 11.02316947467625 3258.6211009901017 153.36457503773272 1168.8190788626671 776.64889757707715 2363.6917465683073
leaf_count=15683 10673 17524 16130 2651 7459 3507 1897 21902 4440 8373 27543 4684 9863 13579 19411 2551 10205 271 306 342 10798 556 605 257 260 68305 2689 21893 16026 39772
internal_value=-0.000174939 -0.00397895 -0.000830686 0.00181317 0.00111276 -0.0109772 0.00149608 0.00188568 -0.00154366 -0.000478782 0.00306003 0.00309249 0.00265184 -0.00923834 -0.00298824 -0.0126502 -0.00629505 -0.00698973 -0.0074102 -0.000973308 -0.00238814 -0.0108268 0.0205453 0.0380887 0.0627644 0.0034508 0.00325508 0.00754747 0.00236817 -0.000266016
internal_weight=16752.1 4236.63 2650.22 2102.4 12515.5 547.817 12126.2 11733.4 3054.27 2879.97 2006.7 8679.18 8331.03 1586.41 2233.3 1070.12 458.167 1147.19 1139.98 453.365 441.19 389.311 55.6363 35.3664 21.6944 7798.92 7721.15 1322.18 6398.96 3140.34
internal_count=360155 109373 65514 46324 250782 19190 242767 232094 66965 62525 43673 165129 160445 43859 54152 30280 12756 32250 31979 12568 12262 8015 1464 859 517 150582 148685 24582 124103 55798
is_linear=0
shrinkage=0.05


Tree=39
num_leaves=31
num_cat=0
split_feature=12 10 14 15 9 11 8 19 2 0 14 15 15 14 20 12 5 11 23 23 6 11 14 15 5 19 0 1 8 6
split_gain=40.4389 28.3863 23.1935 23.0985 17.5448 20.8363 17.1176 19.2676 18.3176 17.1043 16.0524 15.3702 19.2694 21.295 19.3938 14.6023 14.2405 22.7606 14.1883 20.5242 23.1167 20.8267 14.5158 14.1549 20.2674 14.5008 13.8763 24.3525 16.5059 13.8423
threshold=0.00022418783919420096 2.5798944234848027 0.00092007280909456323 0.0010025408701039853 0.0048563717864453801 0.0021488276543095712 0.00031981237407308077 -0.0042878817766904822 0.0040585682727396497 0.0016084712697193029 0.0030797714134678249 0.002972217160277069 0.0011642443714663389 0.0011564168962650003 0.0026921170065179472 0.0010602786205708983 0.00014863803517073396 0.18951071798801425 -0.0028328093467280264 -0.0021321900421753521 0.00090834774891845893 0.29785828292369848 0.001010920503176749 0.001765795343089849 0.0026290422538295393 0.00032831737189553683 0.0016368100768886509 0.0032556786900386219 0.0026396837783977394 -0.00045889978355262423
decision_type=2 2 2 2 2 2 2 2 2 2 2 2 2 2 2 2 2 2 2 2 2 2 2 2 2 2 2 2 2 2
left_child=10 2 3 4 -2 -6 9 15 -9 -7 16 12 14 -14 18 29 -1 -18 -4 21 -21 22 -20 24 25 -3 27 28 -15 -8
right_child=1 23 11 -5 5 6 7 8 -10 -11 -12 -13 13 26 -16 -17 17 -19 19 20 -22 -23 -24 -25 -26 -27 -28 -29 -30 -31
leaf_value=-0.022075163765087103 -0.018478505326167845 -0.00019089381452841718 0.0040487493125541145 -0.012470042564244381 0.072578032515378019 0.0013859834951578489 0.051082537823539102 -0.011292117625119119 0.064264138773907256 -0.025754001953941254 0.045279793055350265 0.014255293414729718 -0.0092912102432127063 0.0019790015198113287 -0.01185036340140342 -0.031976677824116617 0.0110179790598883 -0.012221660088713015 0.018150947229597154 0.0018148219268269352 0.022142029819260525 0.010884482852711147 0.051712437390192871 0.0050731049940112294 -0.023646270920230111 -0.012148319119912501 0.0071963292330963786 -0.018712498193611586 -0.02242236485144666 0.008239241837320525
leaf_weight=223.95562435500324 126.83699894323945 566.90532516129315 1460.7829369306564 397.11618422530591 9.9550250153988582 5745.3558750338852 24.564928714185953 631.94128676131368 8.1248596515506488 58.645904581993818 12.759218903258441 304.70658537186682 471.23654093034565 2700.3949579913169 141.16994138993323 16.80530982837081 132.65040941722691 512.06519480235875 55.611526066437364 528.94273243844509 190.14380074851215 162.92353805527091 76.589176658540964 238.04561056755483 181.94832003489137 458.69408794119954 955.4966589063406 159.9410745408386 71.128395086154342 81.081812465563416
leaf_count=8061 3947 13148 27262 9042 233 134266 530 16919 191 1165 278 4583 9444 50489 2719 369 3578 14256 1044 10959 2741 2987 1328 4626 4460 11098 11346 3746 2362 2205
internal_value=2.78564e-05 0.000608417 0.00127985 -0.000753335 -5.92163e-05 0.000296027 0.000186445 -0.00685663 -0.010333 0.00111175 -0.0103955 0.00326314 0.0027829 0.000746646 0.00617503 0.0113147 -0.0112132 -0.0074401 0.00720317 0.0117465 0.00718983 0.0228492 0.0375945 -0.00607041 -0.00826715 -0.00553879 0.00196359 0.000258001 0.00135276 0.0182011
internal_weight=16706.5 15825.1 14379.5 7100.43 6703.31 6576.48 6566.52 762.518 640.066 5804 881.43 7279.07 6974.36 4358.2 2616.16 122.452 868.671 644.716 2474.99 1014.21 719.087 295.124 132.201 1445.59 1207.55 1025.6 3886.96 2931.46 2771.52 105.647
internal_count=359382 333209 299877 168867 159825 155878 155645 20214 17110 135431 26173 131010 126427 77387 49040 3104 25895 17834 46321 19059 13700 5359 2372 33332 28706 24246 67943 56597 52851 2735
is_linear=0
shrinkage=0.05


Tree=40
num_leaves=31
num_cat=0
split_feature=14 8 0 0 0 14 1 0 0 5 23 21 0 5 15 8 14 13 18 17 20 24 19 1 13 15 5 14 24 22
split_gain=34.9015 26.8773 20.4981 51.1729 23.5534 16.166 22.2696 15.6118 20.6801 23.1486 15.5475 20.612 15.4001 14.0821 13.5121 13.4385 12.8398 12.7341 12.6844 13.6496 12.6362 12.2895 15.6746 12.2066 12.6765 17.0119 17.5584 13.6332 11.9911 22.4336
threshold=0.00092007280909456323 0.00042799058428499853 -0.00020941311959177253 0.00010671789277694189 0.0016084712697193029 0.0032240003347396855 0.0035100040258839731 0.0010499777272343638 -4.5348133426159614e-05 0.0014848597347736361 -0.002854896010830998 0.00032645899045746779 0.00071486015804111968 0.00040051303221844142 0.00024135704006766903 0.00089144217781722556 0.0025731227360665803 0.00031270370527636265 0.0017826746916398408 0.003295086789876223 0.004899972816929222 0.001051930303219706 -0.0019768568454310294 -0.0035077466163784261 0.001749591436237097 0.0012603111099451782 0.0023513903142884378 0.0011564168962650003 -1.0000000180025095e-35 -0.001734964665956795
decision_type=2 2 2 2 2 2 2 2 2 2 2 2 2 2 2 2 2 2 2 2 2 2 2 2 2 2 2 2 2 2
left_child=1 2 14 13 -5 6 7 8 23 -10 -9 15 -3 21 -1 -12 -8 -11 -13 -20 -18 -4 -23 -2 25 26 -25 -27 -16 -30
right_child=5 12 3 4 -6 -7 16 10 9 17 11 18 -14 -15 28 -17 20 -19 19 -21 -22 22 -24 24 -26 27 -28 -29 29 -31
leaf_value=0.018289365005841302 -0.0043379087710133032 -0.016791617648981749 -0.012655337557622787 0.0013501739481531592 -0.023006030582480783 0.013991128897464081 -0.012831985256374143 0.0013500136692016071 0.00079099765843980213 0.04656227340159496 0.022744418213764668 -5.7423920046126418e-05 0.0031375395432635452 -0.016326314777919192 -0.008271758919655493 0.068268558658550735 -0.0045775427969766925 -0.010747869432063855 0.019407173375965359 0.0048152497397978564 0.031447300005007957 0.011289306337902908 -0.0064067488196560829 0.007998218839378797 0.011567523523299927 -0.021550417976989235 -0.016179330825486015 -0.00042912493326278999 0.012205477913712249 -1.4085566192108724e-05
leaf_weight=120.6642835047096 372.20086995325983 462.27749073505402 570.4020357709378 3050.7877743430436 102.59816599451005 285.36324057355523 379.71195545233786 802.61315811797976 1962.0728996954858 9.8351192027330381 68.194447532296181 298.89441302418709 122.65575930289924 571.78455867990851 298.00688527710736 21.266242992132902 81.753560233861208 669.48430272936821 334.29274451732635 307.85091871395707 34.66240157559514 153.75512886978686 672.31005720421672 1256.0455853398889 621.80839484557509 89.193966049700975 79.868171839043498 532.66379557922482 466.32074138149619 1930.7145365122706
leaf_count=1381 5475 14029 19805 66143 2311 4098 7206 10358 48100 122 778 3759 2256 19746 6854 223 1371 22154 4129 4172 522 4692 21738 19872 7832 1543 1514 7958 8961 40802
internal_value=-2.79045e-05 -0.00226909 -0.00150684 -0.00339083 0.000557724 0.00229916 0.00187802 0.0025632 0.00125077 -0.0019632 0.00656768 0.0106315 -0.0126126 -0.0097169 0.00192005 0.0335662 -0.00837818 -0.00991814 0.00845119 0.0124116 0.00614871 -0.00701066 -0.00311299 0.00412679 0.00534814 0.0033728 0.00655275 -0.00345858 0.00118715 0.00236312
internal_weight=16730.1 8522.28 7937.34 5121.64 3153.39 8207.78 7922.41 7426.29 5593.17 2641.39 1833.11 1030.5 584.933 1968.25 2815.71 89.4607 496.128 679.319 941.038 642.144 116.416 1396.47 826.065 2951.78 2579.58 1957.77 1335.91 621.858 2695.04 2397.04
internal_count=359904 208718 192433 134435 68454 151186 147088 137989 114570 70376 23419 13061 16285 65981 57998 1001 9099 22276 12060 8301 1893 46235 26430 44194 38719 30887 21386 9501 56617 49763
is_linear=0
shrinkage=0.05


Tree=41
num_leaves=31
num_cat=0
split_feature=9 14 15 5 11 14 9 11 24 15 8 2 5 24 5 0 0 5 3 24 0 14 0 11 19 5 2 2 22 6
split_gain=26.7645 26.4961 33.1417 27.8222 21.8653 21.4478 21.4409 17.2436 16.702 15.751 16.2057 15.3054 14.9956 15.2799 14.2945 14.2333 13.9958 14.3811 13.7069 14.2548 13.3816 13.4965 13.3339 12.8906 11.878 11.8273 13.1194 12.8201 20.3237 20.2368
threshold=2.8655604124069218 0.00057530554477125417 0.00046661459782626485 0.00028386666963342583 0.31230723857879644 0.00042027089511975651 1.0000000180025095e-35 0.25547824800014501 0.0018883680459111931 0.00048001749382819986 0.00017750787810655313 0.0035337581066414718 0.0011148807243444028 0.0038081009406596427 0.00022432422701967883 7.2880306106526418e-05 0.0010499777272343638 0.0010858418536372485 -0.00068219940294511605 0.0011231219395995142 -0.00022943673684494567 0.00044802988122683024 -0.00053705400205217291 2.7551850080490117 -0.00085685212980024506 0.0021575584542006259 -0.0060781037900596848 -0.0027966683264821763 -0.0021021830616518851 -0.0010536852641962466
decision_type=2 2 2 2 2 2 2 2 2 2 2 2 2 2 2 2 2 2 2 2 2 2 2 2 2 2 2 2 2 2
left_child=1 2 3 5 20 15 -3 -8 -4 -9 11 -11 13 -6 18 -1 22 -18 -7 -20 21 -5 25 -10 -23 26 -12 -28 29 -29
right_child=-2 6 8 4 12 14 7 9 23 10 16 -13 -14 -15 -16 -17 17 -19 19 -21 -22 24 -24 -25 -26 -27 27 28 -30 -31
leaf_value=-0.02198865293649659 -0.01238172426415087 -0.010104358682467974 -0.013770515611297768 0.016846522191582742 0.0013221544356804044 -0.011882078170855501 0.0044606463161791093 0.050743723129351187 -0.0012896329571493962 0.0026900857374707308 0.061010890348795047 -0.0071692776315472511 -0.025595074785194863 -0.033495088676707176 -0.015990738412187906 -0.0017021488947720907 0.044802790805198139 0.0026303655096224354 0.08535207867238559 0.022007045722294526 0.0055446187448692603 0.10065350967683043 -0.0082390544840907128 -0.029638813141063848 0.026572746184594095 -0.0070855020989996327 -0.013971054837103761 0.066347936206818461 0.00052514416542885503 0.014497751006187463
leaf_weight=275.31830958463252 428.62430106848478 388.97534585371614 843.76910644769669 177.53518934547901 1412.754023168236 21.351480124518275 4070.4611204545945 15.530228715389965 614.40038796700537 4861.1359258666635 10.473243311047552 428.311024883762 57.027290565893054 32.230595463886857 37.470760464668274 126.04810175858438 21.104736171662807 479.50685658678412 11.310258703306316 41.355406619608402 394.11082052253187 9.459636367857458 1193.1574109885842 42.898782132193446 12.64242050796747 311.29470449127257 77.621523436158895 25.006612431257963 235.62891121581197 76.043698735535145
leaf_count=10759 9278 10723 23953 2430 32100 694 76831 389 16727 93499 171 8077 1676 860 1028 4184 278 6961 370 1312 8845 201 33303 1329 278 5854 1404 420 4626 1382
internal_value=-4.85141e-05 0.000275721 -0.00319635 0.000209681 0.00276407 -0.0102287 0.00144587 0.00182644 -0.00911548 0.000440189 0.000338985 0.00189173 -0.000446937 0.000545551 0.00917211 -0.0156177 -0.00304114 0.00440827 0.0219107 0.0356108 0.010887 0.0214336 -0.00497417 -0.00313985 0.0582792 0.000318159 0.00574392 0.0043468 0.00856999 0.027329
internal_weight=16732.6 16303.9 4109.68 2608.61 2095.76 512.854 12194.3 11805.3 1501.07 7734.81 7719.28 5289.45 1502.01 1444.98 111.488 401.366 2429.84 500.612 74.0171 52.6657 593.748 199.637 1929.23 657.299 22.1021 736.069 424.774 414.301 336.679 101.05
internal_count=359942 350664 106746 64737 46390 18347 243918 233195 42009 156364 155975 101576 34636 32960 3404 14943 54399 7239 2376 1682 11754 2909 47160 18056 479 13857 8003 7832 6428 1802
is_linear=0
shrinkage=0.05


Tree=42
num_leaves=31
num_cat=0
split_feature=12 10 15 5 0 0 0 14 5 19 12 14 5 21 3 23 12 19 0 24 12 0 0 6 5 14 10 19 4 4
split_gain=26.8334 25.5396 20.2499 25.285 18.228 33.1799 35.9744 25.905 14.6568 14.2651 12.8333 20.6979 11.8227 11.6679 14.4918 11.5136 13.0455 11.3991 11.4338 11.3892 11.3415 13.3649 11.2284 10.737 13.0537 11.2462 10.6709 10.6321 12.3057 11.2105
threshold=0.00022418783919420096 2.1287478208541875 0.001765795343089849 0.0035590204643085603 -0.00093550232122652222 4.7425690354430123e-05 -7.2138704126700745e-05 0.00079290950088761758 0.00053136618225835275 0.00032831737189553683 0.0020412773592397575 0.002635703189298511 0.00040467399230692541 -0.0039772032760083667 0.0010091948788613083 -0.0085754096508026106 0.00058581845951266598 -1.0000000180025095e-35 0.00030338655051309621 0.0054968516342341909 0.0031120569910854106 0.0027104353066533808 -0.0017724605859257279 0.00030334053735714411 0.00031603898969478911 0.0030797714134678249 0.25703254342079168 0.0012527980725280943 0.00091696850722655665 0.0014671669341623785
decision_type=2 2 2 2 2 2 2 2 2 2 2 2 2 2 2 2 2 2 2 2 2 2 2 2 2 2 2 2 2 2
left_child=23 4 3 9 -2 6 27 12 10 17 -9 -12 -8 -4 -15 -10 -17 -3 22 -18 21 -16 -19 25 26 -1 -25 -6 -29 -30
right_child=1 2 13 -5 5 -7 7 8 15 -11 11 -13 -14 14 20 16 19 18 -20 -21 -22 -23 -24 24 -26 -27 -28 28 29 -31
leaf_value=-0.011509062382499172 0.0050855661264524003 -0.0036445768087279779 0.02755847668250307 -0.032295697696801594 0.0036208206916708997 0.0030901328542158528 -0.009717016817627681 0.0039134680665808301 0.0081029479438671712 -0.010858368320386169 -0.024629882744134513 0.0039979393257826637 -0.022457862662218657 -0.0083482823415197034 0.0088480375777117582 0.0091814789297502124 -0.016117755653145816 0.053128923528123054 0.031371760788515293 -0.0027982957726082869 -0.0078819574983986194 0.051268582453560231 -0.0066646010759070845 0.074309064523962728 -0.0056512131659007189 0.035316373863863743 0.013493686033166164 -0.0098657436028008819 0.020080204630916452 -0.00085848998458511519
leaf_weight=749.15952149406075 2443.9389281012118 724.95130071975291 55.635447353124619 94.125360202044249 2019.853218510747 5580.0354646351188 644.72442196123302 820.96385619789362 102.08618734776974 706.49736553616822 115.11951109208167 139.82647409290075 253.73823453113437 141.49765394814312 44.470737192779779 82.208611216396093 497.56512936577201 8.9078698232769948 49.535076145082712 236.9143636059016 34.796958716586232 31.876708392053843 66.204751873388886 10.191830558702348 76.390520323067904 13.046089835464953 24.678699159994721 373.40370658785105 72.986891072243452 514.82667358964682
leaf_count=23412 33304 16896 911 2294 42856 100900 21948 20659 3377 17078 3156 3128 9512 2801 1059 2712 16934 153 922 8318 607 510 1636 236 1808 268 563 8562 1751 11731
internal_value=-5.77931e-05 0.000412182 -0.00493332 -0.00713077 0.00116546 0.000329042 -0.00229377 -0.00626562 -0.00309028 -0.00560859 0.000870383 -0.0089288 -0.0133152 0.00682972 0.00226495 -0.00772833 -0.00970725 -0.00124306 0.0127242 -0.0118214 0.0157766 0.0265595 0.000426523 -0.0085896 0.00591989 -0.0107076 0.0312686 0.00156093 -0.00276762 0.0017414
internal_weight=16730.2 15856.7 1958.5 1650.22 13898.2 11454.3 5874.22 2893.15 1994.68 1556.1 1075.91 254.946 898.463 308.278 252.642 918.774 816.688 849.599 124.648 734.479 111.144 76.3474 75.1126 873.467 111.261 762.206 34.8705 2981.07 961.217 587.814
internal_count=360002 333715 44867 38979 288848 255544 154644 89744 58284 36685 26943 6284 31460 5888 4977 31341 27964 19607 2711 25252 2176 1569 1789 26287 2607 23680 799 64900 22044 13482
is_linear=0
shrinkage=0.05


Tree=43
num_leaves=31
num_cat=0
split_feature=14 15 5 9 9 11 15 5 21 22 14 1 0 14 15 20 8 14 15 6 0 0 7 15 23 9 24 8 23 0
split_gain=27.8943 24.7776 27.6631 16.8295 15.8752 15.483 14.6006 26.7469 19.5876 20.1777 16.3321 19.8913 20.397 18.5343 17.1671 19.011 16.6129 15.087 14.7929 14.3058 14.0904 23.9457 24.4147 16.8249 15.381 14.1888 14.0887 13.8611 21.3169 13.4649
threshold=0.00093626603484153758 0.0010025408701039853 0.0023513903142884378 2.386817574501038 0.0048563717864453801 0.0021488276543095712 0.00099712720839306734 0.0031516744056716566 -0.00022322923905448985 0.00035515095805749303 0.0028661498799920086 0.0035100040258839731 0.0010604829294607045 0.00118044950067997 0.0011962562566623094 0.00070198473986238252 0.0026396837783977394 0.0012169418623670938 0.0009504435001872481 -0.0010536852641962466 -0.0016805892228148875 -0.0035506469430401917 0.0017305069486610594 0.001433583034668118 -0.002854896010830998 2.2769502401351933 0.0011003655963577332 0.0024896282702684407 -0.0025857413420453663 0.00046406403998844331
decision_type=2 2 2 2 2 2 2 2 2 2 2 2 2 2 2 2 2 2 2 2 2 2 2 2 2 2 2 2 2 2
left_child=1 2 3 4 -1 -6 7 8 17 18 11 12 13 14 15 -8 20 26 -10 -3 21 22 -15 25 -23 -22 -2 -25 -29 -7
right_child=6 19 -4 -5 5 29 10 -9 9 -11 -12 -13 -14 16 -16 -17 -18 -19 -20 -21 23 24 -24 27 -26 -27 -28 28 -30 -31
leaf_value=-0.017105888153706672 0.0096438363717381553 0.0092245604949354309 -0.032248221853366593 -0.0097121806794102927 0.057195924420948563 -0.0012027501536874957 0.0025153482413949328 -0.041655100576801461 0.019141881578896573 0.0089767477037635789 0.0094887064034231087 -0.010255661636373099 0.0062998457587919547 -0.016434139158215462 -0.014636708892785824 -0.015874079830026634 -0.019392857834101867 0.047375192704661173 0.051293299082652836 -0.016000168065971807 0.0057303383728861627 0.014091145472185138 0.044407320230098905 -0.0054540269651764898 -0.0060304146338030704 -0.016654238627903516 -0.0065432049266686242 0.0030496060150067565 0.12053189433273213 0.0042227652729956962
leaf_weight=139.53552999533713 226.5956441424787 64.556782485917211 71.408055046573281 517.8721656370908 11.77897948771715 6033.3282346073538 615.14788748696446 27.495550086721778 115.43176708370447 486.68012641742826 552.11648377217352 400.98661813139915 1491.768964458257 149.82530992850661 376.83519757539034 182.16155955009162 92.224687740206718 17.358913350850344 51.844305243343115 434.62851237691939 1032.8251160308719 642.67789128422737 18.527982495725155 1013.8636697176844 111.44149362295866 76.002182113006711 330.47037840634584 12.839026229456069 5.5217846874147645 1411.0144901331514
leaf_count=4660 4132 1210 2255 12991 265 152976 12437 645 2103 9365 8260 7551 18739 2111 8348 4248 3125 314 925 10492 21253 8029 215 25352 1413 1729 6168 476 197 27961
internal_value=4.08869e-05 -0.00192333 -0.00126376 -0.000991066 -0.00039646 -8.37559e-05 0.00216494 0.00711664 0.00820832 0.0141258 0.00124702 0.000515756 0.00125767 -0.000479495 -0.00584252 -0.00168609 0.0015159 0.00147155 0.0291067 -0.012738 0.00214534 0.00731139 -0.00973828 -8.04538e-05 0.0111176 0.00419604 4.11368e-05 -0.00467431 0.0383809 -0.000174388
internal_weight=16714.8 8684.12 8184.94 8113.53 7595.66 7456.12 8030.64 1255.88 1228.38 653.956 6774.77 6222.65 5821.66 4329.89 1174.14 797.309 3155.75 574.425 167.276 499.185 3063.52 922.473 168.353 2141.05 754.119 1108.83 557.066 1032.22 18.3608 7444.34
internal_count=359945 212810 201108 198853 185862 181202 147135 23652 23007 12393 123483 115223 107672 88933 25033 16685 63900 10614 3028 11702 60775 11768 2326 49007 9442 22982 10300 26025 673 180937
is_linear=0
shrinkage=0.05


Tree=44
num_leaves=31
num_cat=0
split_feature=10 14 9 5 14 9 9 5 6 22 5 0 2 0 0 5 23 4 21 3 9 13 5 5 0 24 13 23 12 5
split_gain=27.8855 22.7376 23.0285 21.1784 16.6029 19.7032 17.6952 16.3764 19.5861 18.1849 17.5106 15.9505 15.2846 14.6583 20.8179 30.7883 17.3488 16.754 19.9939 14.4884 16.3735 14.4533 16.443 35.5347 31.5698 14.2976 14.3842 14.7371 14.2387 13.9182
threshold=3.3891788721084599 0.00061590460245497536 2.5636036396026616 7.3825252911774455e-05 0.002635703189298511 1.0000000180025095e-35 2.954559445381165 0.00032884889515116816 -0.00028089889383409167 0.0029429547721520071 0.00035317502624820923 0.00022252716735238212 0.0038421954959630971 0.00039986004412639892 -4.5348133426159614e-05 0.000226663141802419 -0.002854896010830998 -0.00097085259039886285 -0.0022720257984474297 -0.001704989233985543 0.51657697558403026 0.00035843765363097196 0.00060575467068701993 0.00065641922992654156 -0.0003169404662912711 0.0054968516342341909 0.00046924283378757542 -0.0074775698594748965 0.00038511508319061255 0.00035647585173137491
decision_type=2 2 2 2 2 2 2 2 2 2 2 2 2 2 2 2 2 2 2 2 2 2 2 2 2 2 2 2 2 2
left_child=1 2 3 -1 5 -3 12 8 -5 11 -9 -10 13 14 17 28 -15 -7 -19 20 -18 22 -12 24 -24 26 -17 -28 -16 -21
right_child=-2 4 -4 7 -6 6 -8 10 9 -11 21 -13 -14 16 15 25 19 18 -20 29 -22 -23 23 -25 -26 -27 27 -29 -30 -31
leaf_value=-0.015945483564448169 -0.0086291162394406696 -0.011874097522059229 -0.02897312451167865 0.016106504405672222 0.0088275108431588589 0.0061573825483359386 -0.019760475342820109 -0.021586191398838842 -0.0038924873943554832 0.056524512525149145 -0.016140605643392324 0.0085899120888718143 -0.0061797760515402769 0.00067791610775801126 -0.013363773820704639 0.014471239857792615 0.07446044738175181 -0.024992705715274594 0.00071038230977273076 -0.0039652587503596183 0.00979454497439846 -0.00037318615881450318 0.071387135719633163 -0.01870318957206292 0.0070182432975158318 0.002510547574274517 0.0030993686177922847 -0.012837693187486185 0.0068910206890709872 0.0090298159645370388
leaf_weight=260.89306776039302 898.17163560539484 284.98768387921154 81.470571855083108 236.95628195814788 742.66156622953713 2025.3471183348447 97.402999291196465 129.55611272342503 870.82822328992188 14.280427388846872 364.16114847548306 362.44907990656793 587.70595453493297 1424.5970933251083 97.65575410053134 60.008995050564408 17.276767406612635 78.807415233924985 1894.5054436288774 236.60707044415176 22.585727296769619 1768.2518056649715 22.349206134676933 135.84432289749384 128.97480431385338 313.15089673362672 168.62858640030026 1037.6870417259634 778.16930061019957 1595.2743266951293
leaf_count=10280 21985 8323 2246 3534 11498 31561 2103 3522 26940 394 10010 5821 11118 22639 3029 1691 210 1186 33885 3598 340 45129 368 3583 2369 10004 5345 33093 19868 24609
internal_value=-5.86892e-05 0.000427306 -0.00263881 -0.00213923 0.00159779 0.00109695 0.00145119 -0.00124625 0.00292853 0.000425561 -0.00367748 -0.000224023 0.00165104 0.00212305 0.000737547 -0.00288639 0.00483574 0.00296275 -0.000316112 0.00800028 0.0378213 -0.00271856 -0.00908585 -0.000139639 0.016525 -0.00705568 -0.00942133 -0.0106099 0.00463258 0.00735136
internal_weight=16737.2 15839.1 4376.02 4294.54 11463.1 10720.4 10435.4 4033.65 1484.51 1247.56 2549.14 1233.28 10338 9750.3 6453.96 2455.3 3296.34 3998.66 1973.31 1871.74 39.8625 2419.58 651.329 287.168 151.324 1579.48 1266.32 1206.32 875.825 1831.88
internal_count=360281 338296 114196 111950 224100 212602 204279 101670 36689 33155 64981 32761 202176 191058 139662 73030 51396 66632 35071 28757 550 61459 16330 6320 2737 50133 40129 38438 22897 28207
is_linear=0
shrinkage=0.05


Tree=45
num_leaves=31
num_cat=0
split_feature=12 9 14 5 15 14 15 15 19 0 14 9 6 0 3 0 15 19 1 14 0 23 20 3 0 23 0 15 0 0
split_gain=30.1881 19.7883 21.635 27.1396 22.8444 19.0463 21.5128 19.4114 17.951 15.2472 16.0681 14.9189 14.7827 12.9963 19.3269 16.4075 14.5212 13.2033 12.9042 12.5523 15.0492 24.6383 16.6762 12.3597 12.3174 12.1426 14.6553 12.1026 11.849 21.1014
threshold=0.00022418783919420096 2.8655604124069218 0.0015430353232659402 0.0023513903142884378 0.0013882431085221472 0.00093626603484153758 0.0010025408701039853 0.00099712720839306734 -0.014726243913173674 -0.0028803079621866341 0.0011037516524083915 0.0024048829218372707 0.00030334053735714411 0.0016084712697193029 0.0096550988964736479 -0.0016527408151887355 0.0012268181308172645 0.015709910541772846 0.0026528013404458766 0.0012365335715003314 0.0010604829294607045 -0.0033166303765028711 0.00070198473986238252 -0.00658911233767867 -0.00099922739900648572 -0.0060238877777010194 -0.0010626972070895133 0.0012268181308172645 0.00046406403998844331 -0.00022204952256288377
decision_type=2 2 2 2 2 2 2 2 2 2 2 2 2 2 2 2 2 2 2 2 2 2 2 2 2 2 2 2 2 2
left_child=12 2 3 4 5 6 11 25 -5 -10 -11 -2 -1 14 15 17 -17 -4 19 20 22 -22 23 -9 -24 26 -7 -25 29 -13
right_child=1 -3 13 8 -6 7 -8 18 9 10 -12 28 -14 -15 -16 16 -18 -19 -20 -21 21 -23 24 27 -26 -27 -28 -29 -30 -31
leaf_value=-0.011684757009668445 -0.018712209485498885 -0.010711062262945985 0.0073313020484110985 0.037880561593421867 -0.0094244730117413987 0.023484821096925533 -0.011433736845532052 0.032109073331948644 -0.041015479384654357 -0.023405862589180676 -0.0030901258001679601 0.0025619179539814888 0.0078051081939128188 0.0097037524500037681 -0.022693551203333339 0.050028208521482986 -0.0011373084478406646 0.036433645951996496 -0.012922109905315388 0.006799048320174722 -0.012090620847064871 0.018108108125322639 0.014398595382295033 0.0018679760196035169 -0.017906989861750669 0.011258857423020123 -0.010535692330851266 -0.012753002933256208 0.0042150783702944545 -0.0035490746163251855
leaf_weight=746.6328691188246 104.63590836711228 385.32466110028327 774.56307832151651 17.515878705307841 572.54736406542361 40.916609313338995 433.30074646510184 29.114349141716957 45.962292281910777 155.2380612641573 260.90738660097122 2609.9860213641077 111.86918209120631 884.20303400978446 73.719058580696583 14.04110876098275 1119.6188557278365 41.038024418056011 149.91346945613623 921.07815077342093 96.599954783916473 224.53359336778522 33.607024751603603 723.66281810216606 241.76161468215287 987.6203726939857 139.86298336274922 175.94790723547339 1526.8246258404106 3079.2160644866526
leaf_count=23632 3619 8158 8970 316 11021 538 10032 513 927 4069 4898 53601 2623 10157 1572 265 27670 522 2724 16362 1302 2772 499 14283 5931 18210 2810 3634 30278 88071
internal_value=-1.29504e-05 0.00048127 0.000759905 -0.000139069 0.000323639 0.000808183 -0.000608505 0.00372613 -0.0118038 -0.013687 -0.0106687 3.22264e-05 -0.00914508 0.0046471 0.00243694 0.00338735 -0.000503591 0.00879562 0.00131753 0.00219016 -0.000593124 0.00902405 -0.00315804 4.60366e-05 -0.0139643 0.00907809 -0.00283569 -0.000991628 0.00030403 -0.000745587
internal_weight=16721.8 15863.3 15477.9 12570.8 12091.1 11518.6 7753.96 3764.62 479.624 462.108 416.145 7320.66 858.502 2907.18 2022.98 1949.26 1133.66 815.601 2596.22 2446.31 1525.23 321.134 1204.09 928.725 275.369 1168.4 180.78 899.611 7216.03 5689.2
internal_count=359979 333724 325566 276410 266200 255179 185601 69578 10210 9894 8967 175569 26255 49156 38999 37427 27935 9492 48020 45296 28934 4074 24860 18430 6430 21558 3348 17917 171950 141672
is_linear=0
shrinkage=0.05


Tree=46
num_leaves=31
num_cat=0
split_feature=14 15 14 5 5 15 24 15 0 0 6 10 19 20 0 0 14 3 24 0 0 21 15 5 15 5 13 14 20 5
split_gain=23.6331 26.6499 20.0715 26.3232 25.4442 20.8008 19.0838 17.4316 21.3267 38.1329 17.8119 17.2342 15.77 15.6475 15.4605 15.1784 14.8594 15.6036 19.8386 14.3111 14.7434 16.9473 14.2289 22.6102 14.454 15.628 19.6679 14.1642 14.1108 13.9947
threshold=0.00062531291041523229 0.00046661459782626485 0.00043406453914940363 0.00030121616146061575 0.0010571383172646167 0.0003863784513669089 0.0018883680459111931 0.00067180604673922073 -0.00096888793632388104 0.00039034574001561856 0.0014829461579211058 3.0013291835784917 0.00021956708224024626 7.9057637776713832e-05 0.00077047001104801904 -0.001164935471024364 0.0009692524909041823 0.0044806215446442374 0.0064799189567565927 0.00067954018595628451 0.00054997435654513549 9.2381193098844974e-05 0.0015717312926426532 0.0023513903142884378 0.0015986743383109572 0.0017223525210283699 0.0032908808207139377 0.00029270534287206834 0.00063954901997931312 0.0011547949980013075
decision_type=2 2 2 2 2 2 2 2 2 2 2 2 2 2 2 2 2 2 2 2 2 2 2 2 2 2 2 2 2 2
left_child=1 2 3 27 5 19 -3 10 15 12 14 -8 13 -10 -2 22 -14 18 -18 20 -5 -22 23 -9 -24 26 -26 -1 -4 -15
right_child=7 6 28 4 -6 -7 11 8 9 -11 -12 -13 16 29 -16 -17 17 -19 -20 -21 21 -23 24 -25 25 -27 -28 -29 -30 -31
leaf_value=-0.024633439787540158 0.0073313861642883343 -0.011745742838556257 0.014947572417591891 0.0041286991684792267 -0.038193460601992364 -0.010268474790493927 -0.00048654665133858954 0.0017607745082957153 -0.0038345498953161329 0.0030005864580089879 -0.048408917960412856 -0.029528913506365669 -0.012312866832214371 0.0077240402965985154 0.031356632182953398 0.010243345714201713 -0.0047159107220136444 -0.014517904697376181 0.01206198926259535 -0.037467851703656005 0.07822662434712363 0.013881408422403234 0.050268511002071928 -0.01675473443558833 -0.015203732856278563 0.0094674097459102793 0.018837791865816619 -0.0059263682531723889 -0.007401055101564722 -0.0085696979805959805
leaf_weight=155.34038777276874 603.21427787467837 1104.3589257635176 336.78105709701777 1360.7367741949856 40.138625146821141 284.58860654942691 909.64399617724121 847.15845631249249 1693.1049371343106 4024.5119688827544 13.309197956696151 54.120989821851254 796.02680864371359 671.6730875223875 75.323633894324303 814.03127592802048 706.07430250011384 252.94429223798215 234.77118840999901 20.000030936673284 14.030537236481903 37.809154588729143 18.629566729068756 204.72824084758759 156.741410151124 684.24681917019188 58.180289495736361 290.25156423822045 89.373320072889328 163.95099077560008
leaf_count=6422 14513 31489 8899 27446 1184 7756 24586 12517 43687 61436 375 1762 22134 17208 1512 10719 18689 7196 6179 452 235 643 261 3995 2036 8022 539 10326 2358 5382
internal_value=-5.2723e-06 -0.00301256 0.000327758 -0.00159377 0.00115848 0.00207833 -0.00725887 0.00117005 0.00069944 -0.000539028 0.00887481 -0.00211744 -0.00369164 -0.0010714 0.0099984 0.00450023 -0.00702154 -0.00349324 -0.000529285 0.00453108 0.00512573 0.0312966 0.00212671 -0.00184289 0.00667626 0.00577309 -0.00598854 -0.0124479 0.0102606 0.00452718
internal_weight=16715.8 4697.17 2629.05 2202.9 1757.3 1717.17 2068.12 12018.6 11326.8 8543.06 691.847 963.765 4518.55 2528.73 678.538 2783.72 1989.82 1193.79 940.845 1432.58 1412.58 51.8397 1969.68 1051.89 917.798 899.169 214.922 445.592 426.154 835.624
internal_count=359958 123558 65721 54464 37716 36532 57837 236400 220000 181911 16400 26348 120475 66277 16025 38089 54198 32064 24868 28776 28324 878 27370 16512 10858 10597 2575 16748 11257 22590
is_linear=0
shrinkage=0.05


Tree=47
num_leaves=31
num_cat=0
split_feature=9 14 15 5 14 5 15 5 3 1 0 15 14 7 13 21 2 0 12 1 13 15 14 15 5 14 2 0 7 6
split_gain=23.9554 19.894 30.454 23.5375 17.7373 24.8417 21.4494 16.3768 14.9149 14.5512 15.9957 14.9167 13.5799 13.8646 13.0141 12.9849 15.3355 14.0667 12.4003 11.7048 11.6723 11.6838 16.8641 11.6176 13.2438 11.7659 19.4043 13.9895 14.549 13.6092
threshold=2.8655604124069218 0.0010234205401502552 0.0010025408701039853 0.0023513903142884378 0.00067025385214947175 0.00010644526264513844 0.00061036102124489855 0.0012537001166492703 -0.00658911233767867 -0.00147987634409219 -0.0001210795307997614 0.0005374473985284568 0.00056204470456577848 0.00063354629673995088 0.0032908808207139377 0.0016289622290059926 0.0012677427730523052 0.00021350033784983682 0.00031874426349531865 0.0015370245673693719 0.00033129098301287746 0.00040279104723595088 0.00042027089511975651 0.00099712720839306734 0.0023513903142884378 0.002635703189298511 0.0043070227839052686 -0.0035506469430401917 0.0012341234833002093 0.0027400923427194361
decision_type=2 2 2 2 2 2 2 2 2 2 2 2 2 2 2 2 2 2 2 2 2 2 2 2 2 2 2 2 2 2
left_child=1 2 3 4 5 20 7 12 -4 10 -6 -11 13 -7 -2 19 17 -17 -8 -14 -1 22 -22 24 -3 26 27 28 -25 -27
right_child=14 23 8 -5 9 6 18 -9 -10 11 -12 -13 15 -15 -16 16 -18 -19 -20 -21 21 -23 -24 25 -26 29 -28 -29 -30 -31
leaf_value=-0.030450899456149302 -0.014723003356353532 0.010781819339341397 0.052231517658010929 -0.026346626233847155 -0.00034542065592945803 0.00027148629359580873 -0.025108858341380481 -0.017114163699865143 -0.010803036885476992 0.06231917090839633 -0.022456912675319331 0.0036708244179317374 0.0044704020503722993 -0.048211187383392411 0.015733285131189604 0.10010259496429086 0.010908046672403318 0.020560428576524684 -0.0060047890707558699 0.051984931478989915 0.0027047348890183224 -0.013634387820626004 0.10025485020966568 -0.023148370060282836 -0.020672417090871205 0.0050367889317123812 -0.0088871486443639122 0.002200647891111269 0.032036753457193055 0.025484260632163552
leaf_weight=89.713182697072625 377.03085847198963 571.81826698407531 9.4876903276890499 85.934436377137899 326.68295382335782 3260.9363566935062 95.432671777904034 126.33378004468977 861.26104477792978 10.880038013681768 109.10888401605189 3084.9396084155887 395.51444345153868 14.813037881627677 38.673033019527793 12.153382113203408 35.573209775611758 10.242548037320374 772.68629136122763 13.400509741157292 27.79091127589345 218.75444105267525 5.2707007527351371 93.259286493062973 35.545436618849635 636.67826274037361 464.15517792664468 4837.2835072875023 13.697613477706907 93.300543580204248
leaf_count=4451 8737 10215 194 2651 5790 80656 2945 3664 19441 251 2933 65709 9844 528 558 325 866 218 20537 308 1177 7619 187 1393 717 10046 9021 87963 159 1176
internal_value=-3.69965e-05 0.000265051 -0.00120116 -0.000308498 -4.86243e-05 -0.00194106 -0.0010021 0.000591629 -0.0101162 0.00267278 -0.00588146 0.00387694 0.00118929 5.22462e-05 -0.0118896 0.00916704 0.0313134 0.0637248 -0.00810491 0.0060275 -0.0149646 -0.00944738 0.0182562 0.00234446 0.00894099 0.00169176 0.00088754 0.00180517 -0.016081 0.00765023
internal_weight=16728.4 16312.6 9566.91 8696.16 8610.23 5078.62 4737.09 3868.97 870.749 3531.61 435.792 3095.82 3742.63 3275.75 415.704 466.884 57.9691 22.3959 868.119 408.915 341.529 251.816 33.0616 6745.74 607.364 6138.37 5408.4 4944.24 106.957 729.979
internal_count=360279 350984 230294 210659 208008 133325 119891 96409 19635 74683 8723 65960 92745 81184 9295 11561 1409 543 23482 10152 13434 8983 1364 120690 10932 109758 98536 89515 1552 11222
is_linear=0
shrinkage=0.05


Tree=48
num_leaves=31
num_cat=0
split_feature=12 5 7 11 11 14 9 14 15 0 0 13 0 0 19 19 14 8 19 9 1 1 2 19 4 15 12 14 0 0
split_gain=22.3372 28.2922 20.9892 15.1679 14.451 11.1951 10.8876 11.3001 23.5104 21.7783 17.6014 16.9468 22.1063 18.4119 24.7859 18.3329 17.1293 16.5637 14.5022 14.2776 13.9345 15.829 13.5577 15.2334 12.6629 12.6288 12.3268 12.0334 11.5113 12.4479
threshold=0.00041364631033502525 7.3825252911774455e-05 0.0004156708018854261 6.9279334545135507 0.52584874629974376 0.0030797714134678249 2.8655604124069218 0.0015430353232659402 0.0012603111099451782 -0.0024459849810227747 0.0025649288436397914 0.0011555126984603705 0.0012883796007372441 0.0010742100421339276 0.0022082385839894418 0.00032831737189553683 0.00061590460245497536 0.00042799058428499853 -0.013684561941772698 0.84588232636451732 0.0015601177001371982 -0.0015219809138216076 0.00047011811693664646 0.0020993964280933146 -0.010415487457066773 0.00052897224668413411 0.0012363241403363647 0.0012583124334923925 -0.0016805892228148875 0.00064352990011684607
decision_type=2 2 2 2 2 2 2 2 2 2 2 2 2 2 2 2 2 2 2 2 2 2 2 2 2 2 2 2 2 2
left_child=1 5 4 6 -3 -1 7 8 9 -2 11 12 13 15 16 17 -15 -11 -19 -12 21 25 23 -23 26 -17 -10 -26 -13 -30
right_child=3 2 -4 -5 -6 -7 -8 -9 24 10 19 28 -14 14 -16 20 -18 18 -20 -21 -22 22 -24 -25 27 -27 -28 -29 29 -31
leaf_value=-0.018701246570302792 -0.031688414224399129 0.0021647903158658476 -0.02313221419429437 -0.013890674634327298 -0.0049479748340789083 0.030475564778741922 -0.0083067430472706285 0.0041087603646662542 -0.014622707900746683 0.0043387812299174426 0.024276529710330993 0.020179603084431716 -0.011593419036424133 -0.042028382001625154 0.02767671796824947 0.041664830729497435 0.0060634347783892588 0.054754584521626626 -0.0085537971311410062 -0.040177770899460855 -0.012361552453343555 -0.0028870379661303097 -0.0042300801185707467 0.0081629321321749718 -0.012515729658343539 -0.015369607641022857 0.050781029572535046 -0.0026192417543387659 0.001435436646573178 0.011411340368045402
leaf_weight=340.14233151450753 49.104620765894651 1507.2144217547029 113.46118889003992 169.96603188104928 1357.0749307554215 11.980615001171826 298.02138074673712 2899.0521248001605 11.557247821241619 3200.212391063571 10.792026108130811 144.59100528806448 338.57889104634523 19.927764657884836 152.73035390302539 10.122020326554773 261.27259388938546 9.2834188379347307 353.52932949922979 42.146038869395852 302.25905369594693 526.3233947660774 940.5499442499131 765.59093099832535 492.8525792658329 236.00603953190148 19.127119241282344 815.25489275157452 803.73562782630324 511.84134837053716
leaf_count=12996 991 36894 3760 4515 35191 226 6082 48573 213 70923 150 1970 6339 541 2166 261 3405 201 9398 829 7209 12680 22878 17897 10098 5064 329 14713 16301 7228
internal_value=3.907e-05 -0.00362553 -0.00204066 0.000950775 -0.00120517 -0.0170281 0.00114167 0.00135967 0.000564079 0.00151546 0.0017044 0.00188181 0.000875044 0.00149789 0.0114621 0.000816328 0.00265532 0.00319092 -0.0069339 -0.027038 -0.00222616 -0.000990174 0.000336556 0.0036612 -0.00560316 -0.0130241 0.0261468 -0.00634792 0.00678846 0.00531668
internal_weight=16714.3 3329.87 2977.75 13384.4 2864.29 352.123 13214.5 12916.4 10017.4 8678.6 8629.49 8576.55 7116.39 6777.81 433.931 6343.88 281.2 3563.03 362.813 52.9381 2780.85 2478.59 2232.46 1291.91 1338.79 246.128 30.6844 1308.11 1460.17 1315.58
internal_count=360021 89067 75845 270954 72085 13222 266439 260357 211784 186431 185440 184461 158962 152623 6112 146511 3946 80522 9599 979 65989 58780 53455 30577 25353 5325 542 24811 25499 23529
is_linear=0
shrinkage=0.05


Tree=49
num_leaves=31
num_cat=0
split_feature=9 14 15 5 14 5 9 6 15 5 14 15 0 0 14 15 7 7 0 0 15 7 14 4 11 0 13 24 2 24
split_gain=19.4857 20.3907 21.5417 14.4393 15.6217 14.1188 13.159 13.0431 12.8003 15.1593 14.6455 22.2638 23.7402 16.3895 15.467 19.1146 19.1975 18.859 12.7574 23.7825 15.1323 14.9762 16.353 14.5516 13.5288 16.4139 17.6703 13.3996 13.1251 12.6788
threshold=2.8655604124069218 0.00072014605393633257 0.00062052876455709349 0.0019087005639448764 0.00056204470456577848 0.00097360977088101219 1.0000000180025095e-35 0.00053564732661470782 0.00078187731560319673 0.0024176001315936451 0.0015430353232659402 0.0013882431085221472 -0.0024459849810227747 0.0025649288436397914 0.0011719683534465732 0.0011800826760008933 0.0011404281831346454 0.0010958361090160908 -0.0002756178291747346 4.7425690354430123e-05 0.00042292266152799135 0.00031196381314657634 0.00044802988122683024 -0.0038787252269685264 0.18951071798801425 0.000330269176629372 0.00055821030400693427 0.0019941083155572419 -0.00060757697792723764 0.0034339196281507616
decision_type=2 2 2 2 2 2 2 2 2 2 2 2 2 2 2 2 2 2 2 2 2 2 2 2 2 2 2 2 2 2
left_child=1 2 3 4 5 7 -3 18 9 29 11 12 -10 14 15 16 17 -14 20 -20 21 22 27 -21 25 26 -25 -1 -24 -8
right_child=-2 6 -4 -5 -6 -7 8 -9 10 -11 -12 -13 13 -15 -16 -17 -18 -19 19 23 -22 -23 28 24 -26 -27 -28 -29 -30 -31
leaf_value=0.00511185613740665 -0.010908331045775117 -0.0080340067180850409 -0.0076651883373263577 -0.037904659148707873 0.0065702587803439976 -0.015042661552439952 0.003946559846241887 0.011066266482167799 -0.028901368063157885 -0.038018944164558137 0.0042095139659259822 -0.0087351970032397454 0.0011381867387711471 -0.022613494754527674 0.005857675623171279 -0.0099310835642091345 -0.025353736883865774 0.028809785627301611 -0.0092859090707038457 0.0587823673952408 -0.0051741942158303059 0.030831044636661115 0.0030156468137333982 0.015255568447614765 -0.0021049754734116066 -0.011719231502869285 0.08564440877443126 -0.031625610416106141 0.073181555203046492 0.015974229273224814
leaf_weight=484.84305093064904 406.60518295317888 352.51239292137325 1386.3467989973724 25.640469942241907 697.92175170406699 185.43781703151762 647.72086608968675 214.26136993430555 66.080549003556371 18.216617902740836 2832.0384725499898 669.55364487878978 3557.7096823919564 71.111333422362804 1517.3014760538936 437.24050867930055 67.202121678739786 62.657453173771501 1035.9184210877866 10.830041933804749 344.87919068709016 63.97427798807621 11.68927062675357 163.94043314643204 940.62504377216101 57.622236859053373 9.4289437979459745 26.159881265833974 15.505702462047337 331.11200714111328
leaf_count=7744 9292 9793 37803 939 17341 5249 13412 4617 1304 606 46719 12913 69894 1302 26896 9139 1729 1213 37411 300 8340 769 253 3519 22051 1320 238 592 338 7008
internal_value=-9.66523e-05 0.000172955 -0.00224702 -0.000495563 -0.000270562 -0.00160975 0.00146485 -0.000872706 0.00179064 0.00717412 0.00121229 -0.000103945 0.000896017 0.00124066 0.00154131 -4.64533e-05 0.00112558 0.0016171 -0.00168083 -0.00375482 0.00317726 0.00796035 0.00524177 0.00109085 0.000557571 0.0113998 0.0190838 0.00323115 0.043022 0.00801519
internal_weight=16712.1 16305.5 5675.02 4288.68 4263.04 3565.12 10630.5 3379.68 10277.9 997.049 9280.9 6448.86 5779.3 5713.22 5642.11 4124.81 3687.57 3620.37 3165.42 2218.37 947.051 602.172 538.198 1182.45 1171.62 230.992 173.369 511.003 27.195 978.833
internal_count=360044 350752 148824 111021 110082 92741 201928 87492 192135 21026 171109 124390 111477 110173 108871 81975 72836 71107 82875 64839 18036 9696 8927 27428 27128 5077 3757 8336 591 20420
is_linear=0
shrinkage=0.05


Tree=50
num_leaves=31
num_cat=0
split_feature=12 11 14 15 7 0 6 0 0 22 2 14 0 0 15 5 4 8 1 1 15 10 0 3 15 19 24 1 1 0
split_gain=18.6496 15.1083 14.434 22.7625 23.0108 17.688 16.8376 14.272 19.9698 30.9549 20.5796 19.3956 16.6637 36.8774 14.5816 14.2875 14.1393 14.0359 13.6574 14.1788 12.6997 12.4785 12.4367 14.5119 13.7218 12.213 15.632 15.2273 12.6498 13.0346
threshold=0.00019197195797460156 9.0494503974914569 0.0012686201953329148 0.0011962562566623094 0.0011527381138876083 0.0025649288436397914 0.002043666318058968 0.0013929292908869686 0.0010742100421339276 0.0020921673858538274 0.00039975553227122878 0.00061590460245497536 -0.00010664960063877514 0.00010970325092785062 0.00024135704006766903 0.00040051303221844142 -0.00021897810074733568 0.001134079182520509 0.00063261110335588466 0.0006179833144415171 0.001084194809664041 4.25469994544983 -0.0024459849810227747 -0.00658911233767867 0.0010134909534826877 0.0028654874768108134 0.0050894902087748059 -0.0028484233189374204 0.0028824377804994587 0.0017762723728083076
decision_type=2 2 2 2 2 2 2 2 2 2 2 2 2 2 2 2 2 2 2 2 2 2 2 2 2 2 2 2 2 2
left_child=-1 2 3 4 5 6 7 8 12 11 -11 -10 14 15 -2 -14 21 -13 19 -18 -12 -15 -16 24 -24 27 -27 -4 29 -29
right_child=1 -3 25 -5 -6 -7 -8 -9 9 10 20 17 13 16 22 -17 18 -19 -20 -21 -22 -23 23 -25 -26 26 -28 28 -30 -31
leaf_value=-0.008595981856351527 0.021290285718737031 -0.019226594059561817 -0.002936553616747991 -0.008209359792049736 -0.025913239781991716 -0.036249434966968884 0.024267632208537539 -0.0092998495401122299 -0.038575319217927222 0.072268943540507918 0.027522643427889976 0.0038853037197805989 -0.0034265758083805494 -0.0017340764026655964 -0.029013283549288935 -0.011856343942579381 0.0071455646255857447 0.052132928515075797 -0.00042017050135791431 0.045574025697658345 -0.024702811516437273 -0.042007886057565468 0.0054848746592762202 0.0020865075524843105 0.060199356570395705 -0.008432036299296123 0.002471346533754552 0.0061836319059571619 -0.0036115084067927677 0.016455576262444198
leaf_weight=586.17262754961848 102.13293935358524 96.64249575138092 489.27196531184018 850.50859266892076 83.124100171029568 32.646799311041832 74.683684047311544 362.90299541130662 26.187627546489239 24.244377704337239 103.05636268109083 347.12427747622132 1284.5543634984642 1253.0729807745665 31.739393152296543 825.77859299257398 1114.1349740065634 15.758288118988274 843.7142629455775 24.531942624598742 13.122669972479342 19.533185148611665 25.311733247712255 4016.5748917702585 20.937984332442284 439.5339943934232 1303.9053939860314 1636.464698785916 259.21247694268823 380.6822552382946
leaf_count=19192 1186 2681 8024 17562 2374 680 1240 6188 754 288 1621 4519 40700 27338 746 29618 23122 182 18126 384 163 521 430 82327 303 7760 22824 30239 4334 4170
internal_value=0.000164476 0.000483407 0.000602425 -0.000338003 0.000290906 0.000497141 0.000611078 0.000442082 0.000792413 0.0102444 0.0303677 0.0029815 0.000269013 -0.00157701 0.00262909 -0.00672517 0.00176073 0.00598047 0.00440109 0.00797348 0.0216237 -0.00235224 0.00216361 0.00240717 0.030255 0.00299994 -0.000277477 0.00506601 0.00678605 0.00812219
internal_weight=16687.3 16101.1 16004.4 11495.4 10644.9 10561.7 10529.1 10454.4 10091.5 529.494 140.423 389.07 9562.02 5365.32 4196.7 2110.33 3254.99 362.883 1982.38 1138.67 116.179 1272.61 4094.56 4062.82 46.2497 4509.07 1743.44 2765.63 2276.36 2017.15
internal_count=359596 340404 337723 260372 242810 240436 239756 238516 232328 7527 2072 5455 224801 139809 84992 70318 69491 4701 41632 23506 1784 27859 83806 83060 733 77351 30584 46767 38743 34409
is_linear=0
shrinkage=0.05


Tree=51
num_leaves=31
num_cat=0
split_feature=12 5 5 13 7 5 7 0 24 3 14 10 4 7 10 10 13 1 23 21 3 0 4 2 0 13 24 2 19 13
split_gain=18.4181 21.3685 33.834 13.7997 13.6953 14.5613 12.8897 25.216 13.4825 12.6202 12.6001 11.9154 13.6328 11.7699 10.5024 10.3021 10.1289 10.5439 9.86853 9.64948 12.9445 17.6512 17.8696 13.7492 12.3735 13.9348 12.2142 13.6191 12.5302 11.2463
threshold=0.00041364631033502525 0.00029652584635186946 0.00032884889515116816 0.00025428921799175447 0.00063354629673995088 0.00036285787064116454 0.00049125391524285089 -0.00099922739900648572 -0.00054093592916615296 -0.0014213378890417514 0.0034113650908693676 0.22855458408594134 -0.0064921893645077935 0.0029881892260164027 2.8436614274978642 1.0000000180025095e-35 0.0013756621046923103 0.0037327365716919307 -0.015708861872553822 -0.0045460921246558419 -0.0026689916849136348 -0.00042011361801996822 -0.0041017658077180377 -0.0016977027989923952 -0.0035506469430401917 0.0022949589183554058 0.0022190931485965852 -0.001596126763615757 -0.0044640486594289533 0.00083503688802011322
decision_type=2 2 2 2 2 2 2 2 2 2 2 2 2 2 2 2 2 2 2 2 2 2 2 2 2 2 2 2 2 2
left_child=1 3 -3 -1 5 -4 8 18 -2 -5 15 -7 -13 16 -11 -10 -9 -18 -8 26 21 22 23 -21 25 -22 27 28 -17 -24
right_child=6 2 4 9 -6 11 7 13 10 14 -12 12 -14 -15 -16 19 17 -19 -20 20 24 -23 29 -25 -26 -27 -28 -29 -30 -31
leaf_value=-0.023331362989669254 -0.0092846726830854414 0.007113773885394927 -0.019291668531806729 -0.022964017618076756 -0.030521424427766859 0.0093916225320461611 -0.022291831013131855 -0.0098613287711636511 -0.0076301668584411453 -0.0030067392173048668 0.01519385260454313 0.060659134878854673 -0.0049791556908013995 -0.040501148231176023 -0.047857530483985944 0.01863472077749315 0.0024132237862831713 -0.020487647987363355 0.0065130689345394514 0.026094129414347807 -0.046508420915765042 -0.0081899282312377485 0.012539217793456013 0.0018075015604634391 0.0022739244321506253 -0.0037765519630758772 -0.0055538883205397648 0.049357523997090105 -0.010726849857329602 -0.0081517404281911572
leaf_weight=166.47399373911321 291.4245893266052 825.72416053153574 149.89276842214167 106.13142373971641 51.970719404518604 173.04302505776286 31.290589816868305 795.09138835780323 306.93268610350788 529.54004304669797 168.12299584597349 7.9594406578689805 1289.3254576399922 25.920873982831836 13.382239028811453 156.4578299112618 395.69023739174008 57.575341878458858 597.89258068799973 117.97805701754987 26.750229943543673 763.75299179553986 84.671168312430382 115.15575395524502 8942.9088410921395 66.519405607134104 88.757178138941526 27.406858945265412 47.327582104131579 292.69457156024873
leaf_count=7253 5671 15536 4307 3534 1844 4310 363 21889 8776 18336 2205 200 33256 835 470 2626 9758 1364 7779 1743 417 16782 1685 1605 180245 776 1358 427 825 4044
internal_value=-0.000123627 -0.00346153 -0.00116724 -0.0104888 -0.00525639 -0.00444598 0.000701721 -0.00310938 0.0013327 -0.00719483 0.00160883 -0.00293253 -0.00457643 -0.00715321 -0.00411225 0.0014019 -0.00646077 -0.000495723 0.00508054 0.00166026 0.0013974 -0.00312363 0.00321445 0.0140978 0.00208497 -0.0160323 0.010213 0.0162661 0.0118157 -0.00350922
internal_weight=16713.8 3313.44 2497.92 815.528 1672.19 1620.22 13400.3 1903.46 11496.9 649.054 11205.4 1470.33 1297.28 1274.28 542.922 11037.3 1248.36 453.266 629.183 10730.4 10410.4 1374.25 610.5 233.134 9036.18 93.2696 319.949 231.192 203.785 377.366
internal_count=360219 89046 59453 29593 43917 42073 271173 41988 229185 22340 223514 37766 33456 33846 18806 221309 33011 11122 8142 212533 207297 25859 9077 3348 181438 1193 5236 3878 3451 5729
is_linear=0
shrinkage=0.05


Tree=52
num_leaves=31
num_cat=0
split_feature=0 0 11 7 24 8 22 24 4 0 23 4 14 2 23 7 11 23 5 5 20 19 5 15 22 0 20 0 8 10
split_gain=15.7346 54.8835 18.1378 15.8866 15.7845 15.6871 15.7952 17.012 14.7993 19.8105 14.4947 20.7656 15.6966 15.8956 14.3986 13.0217 14.1657 12.6275 16.9877 11.8299 11.7357 11.4339 13.8096 23.7063 13.4972 11.5862 11.3028 12.8252 11.1858 11.1219
threshold=-0.00020941311959177253 4.7425690354430123e-05 1.6300079822540285 0.00073973878170363616 0.0009157831664197148 0.00042005776776932185 -6.7263066739542396e-05 -1.0000000180025095e-35 0.0021580794127658014 0.0002350866925553419 0.00016925184172578159 0.0023796788882464175 0.0010048995027318599 0.0060859189834445724 -0.010308746714144943 0.00098349910695105813 4.2471666336059579 -0.000355476135155186 0.00018428084149491045 0.00036497569817584013 -0.00062817527214065183 0.010666969232261183 0.0010021099587902429 0.00086002532043494295 0.0021814274368807678 0.003892657696269453 0.0044900579378008851 0.0050510982982814321 0.00040918623562902218 6.0940599441528329
decision_type=2 2 2 2 2 2 2 2 2 2 2 2 2 2 2 2 2 2 2 2 2 2 2 2 2 2 2 2 2 2
left_child=5 2 4 8 -2 6 7 -1 -3 17 21 -12 -13 -14 20 -5 -17 18 -10 -16 -6 22 24 -24 -11 -23 27 -26 -9 -7
right_child=1 3 -4 15 14 29 -8 28 9 10 11 12 13 -15 19 16 -18 -19 -20 -21 -22 25 23 -25 26 -27 -28 -29 -30 -31
leaf_value=-0.0036702279280914963 -0.010675481487895537 0.00070170318924767702 -0.015179700683757083 -0.016193071737524167 0.033048450446680505 -0.0036336862107899217 -0.00043048142645630996 0.0063408169508131513 0.10405798658583415 -0.0073271319661366921 0.048460831234964807 -0.016611258268139553 0.015329067889074325 -0.019596907383061996 -0.00038470660763001023 0.004607494684413794 -0.027302179179357879 0.0027610430524834489 0.028847965855283205 -0.0072037074528585382 -0.0097773512728722006 -0.0081055421317190856 0.034771425561837599 0.0094524026570599329 0.0091198831063753101 0.02245555464437534 0.049431604768479735 -0.038139979882933051 0.045569322477333883 -0.036713052682436874
leaf_weight=470.37164420820773 810.06191089004278 4251.1430564932525 454.9207697417587 215.31634939275682 49.411216922104359 694.97485233098269 2061.1714483778924 2836.2992509435862 8.3305506203323585 201.04303238540888 17.747009009122849 190.42329538799822 108.29876866191626 46.593769008293748 1476.1971651744097 245.47589522786438 40.521609114482999 42.15014536306262 76.035215890035033 1117.5299130044878 23.655382454395294 195.54770658165216 111.19669112190604 548.39841032773256 312.57976468466222 36.85845210775733 16.442941449582577 15.046541322022675 18.289212983101606 26.374368658289313
leaf_count=9511 27717 81112 16556 4826 1445 13848 38057 44973 234 3832 384 4487 1716 761 43275 4642 1208 1301 2098 38763 659 2767 1955 6643 5613 363 186 155 377 820
internal_value=5.93189e-05 -0.00110442 -0.00579126 0.00165456 -0.00456285 0.00208115 0.00300851 0.00514037 0.0023492 0.00598432 0.00464024 -0.00428606 -0.00699691 0.00482286 -0.00270609 -0.00690572 8.63667e-05 0.0251091 0.0362744 -0.00332273 0.0191836 0.00689532 0.00885418 0.0137208 0.00296553 -0.00325871 0.00897964 0.00694943 0.00659215 -0.00484315
internal_weight=16718.4 10610.9 3931.78 6679.15 3476.86 6107.48 5386.13 3324.96 6177.84 1926.69 1800.18 363.063 345.316 154.893 2666.79 501.314 285.998 126.516 84.3658 2593.73 73.0666 1437.11 1204.71 659.595 545.112 232.406 344.069 327.626 2854.59 721.349
internal_count=360284 252698 128415 124283 111859 107586 92918 54861 113607 32495 28862 7348 6964 2477 84142 10676 5850 3633 2332 82038 2104 21514 18384 8598 9786 3130 5954 5768 45350 14668
is_linear=0
shrinkage=0.05


Tree=53
num_leaves=31
num_cat=0
split_feature=14 5 10 3 7 0 23 6 0 7 12 13 21 19 3 12 21 3 19 10 14 2 0 0 0 24 13 13 12 23
split_gain=17.8728 16.7457 19.4874 12.9664 14.311 11.897 24.6582 13.9984 12.9077 11.4901 10.9614 11.2841 17.5335 11.0462 11.3627 13.2644 10.6683 12.253 12.5418 13.0735 10.7713 18.4737 10.6005 11.0223 15.1249 14.5976 12.7174 11.5372 10.7852 11.6972
threshold=0.00061590460245497536 7.3825252911774455e-05 0.59643074870109569 -0.000329362679622136 0.0004156708018854261 0.00039034574001561856 -0.0010320283472537992 0.00022796353005105632 0.00034450090606696909 0.00073973878170363616 0.00038511508319061255 0.0005674982094205917 0.00016544160462217408 -0.0052622926887124768 0.0022962511284276847 0.00083652531611733149 -0.00014591750368708742 0.0032441664952784781 0.01107701798900962 0.3839875608682633 0.0013786733616143467 -1.0000000180025095e-35 0.0011802311637438836 0.00022991148580331358 0.000330269176629372 0.00034030969254672533 0.00071922488859854649 0.00036776797787752008 0.0001671738282311708 -1.0000000180025095e-35
decision_type=2 2 2 2 2 2 2 2 2 2 2 2 2 2 2 2 2 2 2 2 2 2 2 2 2 2 2 2 2 2
left_child=1 -1 -3 -4 22 6 7 10 -8 -7 -2 12 -12 14 -13 -16 -15 18 -18 20 -20 -22 23 25 28 -5 -27 -26 -25 -30
right_child=5 2 3 4 -6 9 8 -9 -10 -11 11 13 -14 16 15 -17 17 -19 19 -21 21 -23 -24 24 27 26 -28 -29 29 -31
leaf_value=-0.01524707505329901 -0.0077508553820230131 0.0013756072528649781 -0.010412575811562552 0.014029723068197053 -0.022644497766330336 0.0038220937193171978 -0.010571140097507006 -0.0085812100343044036 0.028752233873780765 -0.0045698100670458633 0.0039834844912630153 0.0037830698123210924 0.034972216161396945 -0.0021618240187155423 0.06144925708797655 0.01250126344837077 0.003649537629067882 -0.0040968696528095828 0.0032643183834783389 0.008549226062619035 0.01707192691550553 0.10138323530326027 -0.034560597587492102 -0.021616811397250676 -0.013324777910474395 -0.008087974974244334 0.049146744436394413 0.0051909408369506735 0.0092832029393855632 0.036186857582813481
leaf_weight=257.76129757799208 335.69825678132474 2062.3358569219708 810.73180449008942 92.142625212669373 82.830647955648601 3825.0296128168702 672.07858811412007 398.83233272843063 21.536970583721995 456.57949940860271 168.960653193295 1426.2918778695166 62.541917596012354 2667.9571170825511 17.503755636513233 66.136611374095082 1424.2603278383613 506.34765102062374 10.69526952691376 67.78620833158493 11.974881058558822 14.20331166870892 23.426380170509219 16.928351696580648 127.18354959227145 644.65766079723835 9.8538624402135593 248.53886075876653 98.988720547407866 68.262672496959567
leaf_count=10842 10055 50587 22490 1822 2920 56798 20074 11845 483 9314 4416 26298 1667 52832 390 1216 31245 10500 231 1340 206 283 785 277 2840 19107 243 5940 1806 1000
internal_value=-0.000194162 -0.00286962 -0.00212522 -0.00537222 -0.00247986 0.000805995 -0.00034762 0.000522156 -0.00935014 0.0029272 0.00105763 0.00151646 0.0123553 0.0011126 0.00483343 0.0227448 -8.19349e-05 0.00264451 0.00487713 0.0215828 0.0455429 0.0628161 -0.00122402 -0.000626295 0.004677 -0.00460314 -0.00722629 -0.0010767 0.0164144 0.0202638
internal_weight=16698.1 4543.64 4285.88 2223.55 1412.81 12154.4 7872.81 7179.19 693.616 4281.61 6780.36 6444.66 231.503 6213.16 1509.93 83.6404 4703.22 2035.27 1528.92 104.66 36.8735 26.1782 1329.98 1306.56 559.902 746.654 654.512 375.722 184.18 167.251
internal_count=359852 120659 109817 59230 36740 239193 173081 152524 20557 66112 140679 130624 6083 124541 27904 1606 96637 43805 33305 2060 720 489 33820 33035 11863 21172 19350 8780 3083 2806
is_linear=0
shrinkage=0.05


Tree=54
num_leaves=31
num_cat=0
split_feature=12 11 13 7 2 1 19 13 22 19 22 0 8 15 0 1 1 6 0 3 1 0 3 12 3 15 5 19 0 0
split_gain=14.2211 12.5683 12.1834 16.2309 15.4035 16.8269 14.5867 10.7624 14.8686 18.5196 17.7482 12.9599 11.9893 11.6925 18.8824 15.3157 12.0924 12.5241 11.5497 13.1467 12.4775 11.5422 11.6125 10.947 10.6714 11.0707 10.6608 10.3124 10.0401 13.2404
threshold=0.00022418783919420096 9.0494503974914569 0.0014353514998219909 0.0011697772424668076 0.0035337581066414718 -0.00147987634409219 -0.010723328217864035 0.00086766580352559697 -0.0046801061835139981 -0.011907271575182675 -0.0060724641662091008 0.0015038401470519604 0.00037469554808922117 0.00079565838677808653 0.0006279982626438142 -0.00022480751067632807 -0.0010649060131981967 0.0018054302781820299 0.0026533020427450542 -0.00018180165352532637 0.00070427448372356604 -0.0011398392962291835 -0.0025183488614857192 0.0010684306616894903 -0.0012452387600205837 0.00098661665106192253 0.0017055549542419615 -0.012737566139549015 -0.0013519252534024415 -0.0010928298579528926
decision_type=2 2 2 2 2 2 2 2 2 2 2 2 2 2 2 2 2 2 2 2 2 2 2 2 2 2 2 2 2 2
left_child=-1 2 3 4 5 27 -5 8 9 -7 -11 12 28 14 -9 -16 21 26 19 -19 -21 -15 -23 -17 25 -12 -18 -2 -10 -30
right_child=1 -3 -4 6 -6 7 -8 13 11 10 24 -13 -14 16 15 23 17 18 -20 20 -22 22 -24 -25 -26 -27 -28 -29 29 -31
leaf_value=-0.0065402764678519883 0.015538691306560968 -0.018312938416851287 0.002818067270775763 0.043288010277162059 -0.010733864535512692 -0.026376066223780078 -0.021207177138843462 0.0038871252327519197 -0.026703749230941515 0.089454471045351591 0.021881225492858928 -0.021013227425967375 -0.0072859536814240573 0.03421705503836181 0.068273242496134728 0.03231049149848185 0.0015122177088267644 -0.0067725454774232186 -0.018074738012861791 0.075306647982324823 0.023760216372586879 -0.015177856156457489 0.012818614348696952 -0.00098872054018444319 0.064773880100430697 -0.041122324704736216 -0.0075302775733004498 -0.0058856733846706505 0.017183715446548894 5.6301586407589e-05
leaf_weight=825.21115390025079 58.546889493241906 91.229848233982921 3680.2137984223664 9.3695956952869874 341.3439361397177 16.928550949320197 136.27554661314934 286.78853422775865 34.393882017582655 11.245746059343217 36.896337248384953 77.429723100736737 582.031344730407 47.847040975466371 19.211113875731826 65.250010337680578 2264.2389811668545 28.324654180556536 20.802487531676888 14.230858985334633 67.074057279154658 46.235032353550196 186.21961742080748 39.697021778672934 11.040232652798293 8.5970786921679956 380.76457446813583 1381.9690254013985 115.07445662654936 5806.4397175665945
leaf_count=26253 1048 2609 61588 227 7185 356 3868 6043 719 251 861 1810 16584 653 294 964 42515 408 327 215 966 807 3204 648 234 201 7002 28135 1864 141958
internal_value=-0.000140817 0.000192033 0.000299054 -0.000467466 -0.000265238 4.26204e-05 -0.0170581 0.000759218 -0.000410955 0.0204042 0.032088 -0.000677487 -0.000436648 0.00302082 0.0109391 0.0272283 0.00195593 0.000956355 0.0160815 0.0225627 0.0327824 0.0118533 0.00725014 0.0197148 0.0206766 0.00997518 0.000210495 -0.00501492 0.000232689 0.000389143
internal_weight=16690.9 15865.7 15774.5 12094.3 11948.6 11607.3 145.645 10166.8 6700.08 84.7079 67.7794 6615.37 6537.94 3466.68 410.947 124.158 3055.74 2775.44 130.432 109.63 81.3049 280.302 232.455 104.947 56.5336 45.4934 2645 1440.52 5955.91 5921.51
internal_count=359797 333544 330935 269347 265252 258067 4095 228884 164838 1903 1547 162935 161125 64046 7949 1906 56097 51433 1916 1589 1181 4664 4011 1612 1296 1062 49517 29183 144541 143822
is_linear=0
shrinkage=0.05


Tree=55
num_leaves=31
num_cat=0
split_feature=14 15 15 0 6 0 0 0 4 7 11 5 20 0 6 7 6 14 6 6 24 23 0 6 5 15 22 13 5 13
split_gain=14.9209 21.9243 15.8737 14.7369 12.9377 25.6947 15.3417 13.0505 12.6522 12.143 11.7833 12.204 11.3861 11.0274 21.4943 15.4688 17.8769 13.9793 12.3359 15.7703 11.1443 13.2001 17.4483 17.3606 11.4671 11.106 10.7681 10.6746 10.4316 10.376
threshold=0.00079290950088761758 0.00074302425491623591 0.0010025408701039853 -0.0013519252534024415 -0.00028089889383409167 4.7425690354430123e-05 0.0011490731267258527 -0.00010664960063877514 0.0013504124362953009 0.00067455251701176177 2.0994188785552983 0.00034354107629042124 -0.00019123879610560832 -0.00054767512483522285 -0.00032912781171035016 0.00011980722047155724 -0.00053425307851284732 0.00036362891842145478 -0.00061313359765335907 -0.00036067567998543376 -0.00036672575515694911 -0.0027289626887068148 -0.0007644425204489379 -0.00074849568773061026 0.00063106964807957422 0.00038119367673061794 0.0045345462858676919 0.00068033786374144267 0.00078314112033694993 0.0008921742846723647
decision_type=2 2 2 2 2 2 2 2 2 2 2 2 2 2 2 2 2 2 2 2 2 2 2 2 2 2 2 2 2 2
left_child=2 10 3 -1 8 7 9 -6 13 26 11 -2 -9 15 17 16 20 -15 -19 -20 -5 -22 27 -24 25 -25 -7 -23 -17 -8
right_child=1 -3 -4 4 5 6 29 12 -10 -11 -12 -13 -14 14 -16 28 -18 18 19 -21 21 22 23 24 -26 -27 -28 -29 -30 -31
leaf_value=-0.023191182906724644 -0.0057922875472900754 0.00079897737855214165 -0.019216518028730402 -0.010263982209338296 -0.0022867633635360136 0.002215413631497905 -0.022210690243291448 -0.01778793273653716 -0.0068789446559961278 -0.022725841026866894 -0.014888394963084013 0.022816046381963773 -0.0070118516669422917 -0.024043105426187331 0.01013231782718093 0.056686041207403649 -0.019870804107670885 -0.027460122719272208 0.0063681559842668203 -0.019650975293049849 0.022345371623409327 -0.022544155738760327 0.082673515336258774 0.064588317044010843 -0.00087848058716427473 0.001377917219637345 -0.026099236098703894 0.010585812360648657 0.018516142167249311 0.017788815578347911
leaf_weight=77.40949217043817 44.852249708026648 9768.6140202116221 129.02437837049365 64.162886336445808 832.79601694457233 2507.9080962184817 110.00284983590245 365.9714903626591 302.97487720102072 51.335435256361961 30.376594812609255 220.764099791646 742.36617641896009 89.604923399165273 343.87153565138578 21.751256056129932 61.083752363920212 42.961796630173922 278.17969273403287 73.656089683994651 174.54879747331142 66.985756983980536 9.6192914228886348 16.432981286197904 58.061803672462702 12.040461175143717 34.033722603693604 38.166804460808635 101.0899093914777 19.015458872541785
leaf_count=2069 1012 182140 3616 1582 22460 57620 3052 14302 7212 1545 708 4217 27776 2114 5760 388 1347 1352 6581 1859 3493 1567 220 251 1297 259 780 653 2243 379
internal_value=-7.74928e-06 0.00120519 -0.00185042 -0.0015055 -0.00124396 -0.00262113 0.000512869 -0.00701634 0.00241508 0.00135009 0.0146115 0.0179852 -0.0105701 0.00435409 0.000572488 0.0093741 0.00547617 -0.00621392 -0.00216733 0.000921105 0.00899485 0.0122826 0.00355732 0.018951 0.0118676 0.0378588 0.00183631 -0.0105191 0.0252748 -0.0163153
internal_weight=16689.7 10064.6 6625.06 6496.03 6418.62 4663.43 2722.3 1941.13 1755.19 2593.28 295.993 265.616 1108.34 1452.22 828.274 623.944 501.103 484.403 394.798 351.836 440.019 375.856 201.307 96.1545 86.5352 28.4734 2541.94 105.153 122.841 129.018
internal_count=359854 188077 171777 168161 166092 127914 63376 64538 38178 59945 5937 5229 42078 30966 17666 13300 10669 11906 9792 8440 9322 7740 4247 2027 1807 510 58400 2220 2631 3431
is_linear=0
shrinkage=0.05


Tree=56
num_leaves=31
num_cat=0
split_feature=11 14 0 0 24 23 5 14 5 1 3 2 15 15 24 19 15 14 7 6 5 0 6 10 0 1 1 12 15 13
split_gain=13.1113 13.9283 12.8302 45.0903 16.9183 14.5437 17.0382 11.7754 15.3378 11.6767 11.1155 11.6219 11.0097 9.94921 10.467 9.6038 9.66143 16.6327 16.1518 11.0038 13.0261 13.3866 11.3789 9.4535 10.9814 9.4016 9.39446 9.83477 12.4848 13.8437
threshold=9.0494503974914569 0.0032240003347396855 -0.00020941311959177253 4.7425690354430123e-05 0.0009157831664197148 -0.0010320283472537992 0.0027176990406587724 0.0013142979587428274 0.0011274354183115067 -0.0011613788665272293 0.0080271144397556799 0.0055879496503621348 0.00024135704006766903 0.0018060186994262042 0.0053824209608137616 -0.0052622926887124768 0.00032766973890829837 0.00035880939685739582 0.00031196381314657634 -0.00030335204792208964 0.00065641922992654156 -0.0005612590757664292 -0.00032912781171035016 0.18644119799137118 -0.00031425130146089936 0.001692136866040528 -0.0028484233189374204 0.0015746731660328808 0.00094069508486427378 0.0008178801799658687
decision_type=2 2 2 2 2 2 2 2 2 2 2 2 2 2 2 2 2 2 2 2 2 2 2 2 2 2 2 2 2 2
left_child=1 2 10 4 -4 6 7 8 9 -6 11 15 -7 -9 -15 25 18 -18 19 20 21 -17 -23 -24 -25 26 -1 28 -28 -30
right_child=-2 -3 3 -5 5 12 -8 13 -10 -11 -12 -13 -14 14 -16 16 17 -19 -20 -21 -22 22 23 24 -26 -27 27 -29 29 -31
leaf_value=-0.0019554721207854365 -0.018379731288858382 0.010843937679116171 -0.011487872778882711 0.0014017212077386033 -0.015631565631441916 0.016015775479491446 -0.019131465696999028 0.011978277767522996 -0.017827024446875488 0.00069336710601786437 -0.020222838653543154 0.045834723520700546 -0.010669368591129156 -0.0091130141489162222 0.012831879497577076 0.049544232877369872 -0.016690087166862752 0.00076937414334391548 0.032503262290380593 -0.010322111135826059 -0.023508597209023346 -0.015175943882718472 -0.0065620922073984372 0.045136725996274558 0.012791986733311384 -0.022074095380592816 0.01430446318556259 0.0188891029110652 -0.022916449340314463 0.0042750610458778373
leaf_weight=242.00579284504056 95.958839925006032 299.31143644079566 889.01553268823773 6553.1039737025276 121.145826946944 40.715667266398668 127.22624507732689 305.35980496555567 149.10043924488127 1143.0128049403429 56.726520631462336 15.093543015420435 762.71934934239835 158.80628726258874 82.598361179232597 22.53389910236001 141.01006109640002 4179.6781899612397 58.289159005507827 96.723600661382079 27.437690358608961 39.744249865412712 42.610279563814402 33.947241436690092 115.60662275180221 29.012531479820609 280.64128266461194 200.7251323312521 54.442284872755408 333.82857426814735
leaf_count=3619 2824 4077 31654 122047 3460 1454 5333 8388 5902 35586 943 262 26936 4614 2385 297 3825 77066 607 1908 596 816 405 360 1189 391 5220 2273 1021 4605
internal_value=4.91609e-05 0.000155678 -4.05525e-05 -0.00110674 -0.00545582 -0.0036007 -0.00140033 -0.000249393 -0.00265994 -0.000871071 0.00180478 0.00201609 -0.00931705 0.00598132 -0.00160441 0.00190396 0.000916054 0.000199567 0.00800182 0.00422962 0.00922286 0.0127524 0.00917749 0.0142144 0.0201339 0.00602442 0.00675776 0.00918251 0.00626979 0.000462341
internal_weight=16698.1 16602.2 16302.9 10332.8 3779.7 2890.68 2087.25 1960.02 1413.26 1264.16 5970.06 5913.33 803.435 546.764 241.405 5898.24 4757.58 4320.69 436.893 378.604 281.88 254.442 231.908 192.164 149.554 1140.66 1111.64 869.637 668.912 388.271
internal_count=360063 357239 353162 247759 125712 94058 65668 60335 44948 39046 105403 104460 28390 15387 6999 104198 87069 80891 6178 5571 3663 3067 2770 1954 1549 17129 16738 13119 10846 5626
is_linear=0
shrinkage=0.05


Tree=57
num_leaves=31
num_cat=0
split_feature=0 0 5 24 11 3 21 21 23 1 8 19 0 21 19 4 4 22 15 1 15 23 23 14 14 8 5 15 24 6
split_gain=12.123 34.5124 26.9893 19.9171 13.8308 11.4783 13.5185 13.2452 11.4604 11.6094 10.2071 11.6264 10.9066 15.6705 11.252 12.8236 16.4675 10.7322 16.2331 13.5009 10.4006 10.3047 12.6202 9.98685 9.93998 9.83012 9.97332 15.5732 13.217 13.222
threshold=0.00046406403998844331 -0.00010664960063877514 0.00066336215240880858 0.0009157831664197148 0.99749243259429943 0.0032441664952784781 0.0007185292779468001 0.0037990219425410037 -0.0071428110823035231 -0.0012564869830384848 0.0015216069878078999 -0.0052622926887124768 -0.0001210795307997614 0.00120770261855796 0.014778590761125089 0.0053329486399889001 0.0029241415904834871 0.0017006609705276789 0.0032281965250149374 -0.0035077466163784261 0.0011197225539945068 -0.0079360310919582826 -0.0019587766146287318 0.0018327785073779526 0.002635703189298511 0.00042005776776932185 0.0010571383172646167 0.0013882431085221472 0.0035648164339363579 -0.00063168976339511562
decision_type=2 2 2 2 2 2 2 2 2 2 2 2 2 2 2 2 2 2 2 2 2 2 2 2 2 2 2 2 2 2
left_child=1 10 3 -3 8 7 -7 -5 -4 -10 11 -1 14 -14 17 16 -16 18 19 -13 -12 -19 -23 -17 -8 26 27 28 -21 -30
right_child=-2 2 4 5 -6 6 24 -9 9 -11 20 12 13 -15 15 23 -18 21 -20 25 -22 22 -24 -25 -26 -27 -28 -29 29 -31
leaf_value=0.0064171178036492435 0.0021654113841532113 -0.0073053305464835065 0.0061055150466506483 0.0016192038983335656 -0.015623845318361827 0.03990509454870933 -0.01615964012007309 0.068333904319868063 -0.023426610622431031 -0.0060562400624963398 -0.049187390532782108 -0.012553250450482063 0.0096509940301295564 0.069888814703440355 0.010830370737556539 -0.01641712905716089 0.084680877644823502 -0.034014772594724872 0.042545438456754264 0.00032711521039840074 -0.0067805186805634347 0.0017255661053231207 -0.010282647882922463 0.019414309896503178 0.0078774865847576012 -0.0076711751354879443 0.0062814669688495244 -0.02006238848493213 -0.0061708599207904707 0.023816196170545513
leaf_weight=1180.8188563613221 4682.0667853318155 1051.2566602127627 169.25571745634079 2536.8540684487671 538.49538712017238 13.53717954829335 213.21463447622955 7.4615648984909049 108.26939435862005 862.21814191527665 16.474248038604856 172.6001345962286 70.929393896833062 12.735007535666226 16.862383250147108 31.096534268930554 13.666222557425497 28.897606847807765 23.796043176203966 2169.8175857178867 118.17186031863093 486.68451966065913 397.51475164666772 51.906646220013499 53.877043722197413 258.60489269997925 1140.5013127317652 87.778746575117111 52.888201519846916 120.53788627870381
leaf_count=17730 75667 31246 5317 69807 19843 320 5887 187 3788 28474 462 2527 2341 388 256 548 203 390 208 45682 2111 8305 8865 702 1244 5928 16890 1206 917 2480
internal_value=7.3899e-06 -0.000834139 -0.00372337 -0.00143003 -0.00902027 0.000756372 -0.00884034 0.00181485 -0.00590027 -0.00799411 0.00165305 0.00194338 0.000914982 0.0188201 0.000618529 0.0161815 0.0438898 0.000260832 0.00137067 0.00112589 -0.0119691 -0.00463329 -0.00367304 0.00599032 -0.0113109 0.00174233 0.00242393 0.000614193 0.00138875 0.0146713
internal_weight=16688.8 12006.7 5554.44 3876.2 1678.24 2824.94 280.629 2544.32 1139.74 970.488 6452.28 6317.64 5136.82 83.6644 5053.15 113.532 30.5286 4939.62 4026.52 4002.73 134.646 913.097 884.199 83.0032 267.092 3830.13 3571.52 2431.02 2343.24 173.426
internal_count=359919 284252 166113 108691 57422 77445 7451 69994 37579 32262 118139 115566 97836 2729 95107 1709 459 93398 75838 75630 2573 17560 17170 1250 7131 73103 67175 50285 49079 3397
is_linear=0
shrinkage=0.05


Tree=58
num_leaves=31
num_cat=0
split_feature=9 11 9 0 0 5 12 11 23 10 19 20 4 11 4 14 11 22 9 15 7 8 14 1 19 0 21 8 19 4
split_gain=14.715 16.722 14.426 11.1985 38.6997 22.5422 17.8154 17.08 14.541 11.1541 15.47 11.1233 12.6821 13.3625 16.6401 19.9848 23.7426 13.9019 24.2793 13.8763 10.1885 10.9996 9.84346 9.46865 9.36714 9.95973 16.9384 9.59639 10.6359 17.528
threshold=1.0000000180025095e-35 0.0044123295228928336 2.7984946966171269 -0.00010664960063877514 4.7425690354430123e-05 1.0000000180025095e-35 0.00052416586549952637 0.45437045395374304 -0.010069642215967177 4.6972055435180673 0.0012527980725280943 0.0009110590908676387 -0.00343692151363939 0.09868697822093965 -0.0018239354831166563 0.00089000255684368323 0.45437045395374304 0.0018120504682883622 0.14164265245199206 0.0011720672482624652 0.00017634734103921804 0.00010570266022114085 0.002635703189298511 -0.0011890271562151609 -0.0031103364890441294 -0.0001210795307997614 0.00120770261855796 0.00019933837029384452 0.014778590761125089 0.0086976429447531717
decision_type=2 2 2 2 2 2 2 2 2 2 2 2 2 2 2 2 2 2 2 2 2 2 2 2 2 2 2 2 2 2
left_child=22 -2 3 24 5 6 -5 -7 -9 23 20 12 -8 17 15 16 -15 -14 19 -19 21 -11 -1 -6 -3 27 -27 -26 -29 -30
right_child=1 2 -4 4 9 7 11 8 -10 10 -12 -13 13 14 -16 -17 -18 18 -20 -21 -22 -23 -24 -25 25 26 -28 28 29 -31
leaf_value=-0.013882246388983339 0.011438638560220666 0.0046922692849906307 -0.0084776274297847804 -0.01304938639369045 -0.0068072020346388248 -0.0045479518622968647 -0.005892189265404967 0.016282098959904377 -0.015192747449240622 0.044950732139598645 -0.031732146307778791 -0.006691263095036426 -0.0058402867654717069 0.032480076010153305 0.01377330659491123 0.022331541422702949 0.16214298768699587 0.10675943536396403 -0.021932863815798044 0.022223972119095478 -0.024524606747156532 -0.014176861579082151 0.004813591061154995 0.0018655584002475322 0.0013163277186116586 0.0076355866251443935 0.06999672487048357 -0.0060239230247299321 0.053120637993557498 -0.0052065708943294601
leaf_weight=312.06944449804723 313.76450585387647 1844.0318494774401 511.58822417352349 188.35238933376968 332.26598962210119 1067.2568514775485 130.4215714354068 38.305981766432524 872.61339948326349 20.354575103148818 60.222567564807832 177.02042921073735 137.03434379957616 7.1123485136777145 210.01100683398545 24.803154021501541 7.0103910230100155 10.06564222276211 13.171096989884971 9.3764577843248826 18.11326302587986 12.81967021524906 90.914858743548393 5956.9242873201147 3375.3546507330611 64.060120657086372 13.118833189830182 811.44139919895679 20.635950433090329 34.272479670122266
leaf_count=10366 5361 30082 11821 7045 5910 37163 3201 1326 33908 394 1594 4562 3512 208 5377 604 211 254 320 216 522 270 2137 110502 61664 2107 373 18020 356 611
internal_value=-0.000226018 7.591e-06 -0.000217028 5.63923e-05 -0.0010396 -0.00583928 0.000652986 -0.00884023 -0.0138692 0.00112944 -0.0145458 0.00420778 0.00772205 0.0119639 0.0193388 0.0493653 0.0968435 0.00114228 0.0304817 0.06599 0.0056347 0.0221018 -0.00966439 0.00140737 0.00170907 0.000435339 0.0182357 0.000111456 -0.0045828 0.0167142
internal_weight=16684.5 16281.5 15967.8 15456.2 9293.26 2892.56 914.379 1978.18 910.919 6400.7 111.51 726.026 549.006 418.584 248.937 38.9259 14.1227 169.648 32.6132 19.4421 51.2875 33.1742 402.984 6289.19 6162.92 4318.88 77.179 4241.7 866.35 54.9084
internal_count=359997 347494 342133 330312 217099 97907 25510 72397 35234 119192 2780 18465 13903 10702 6400 1023 419 4302 790 470 1186 664 12503 116412 113213 83131 2480 80651 18987 967
is_linear=0
shrinkage=0.05


Tree=59
num_leaves=31
num_cat=0
split_feature=14 15 5 21 13 9 1 15 14 19 5 0 0 3 24 18 3 24 0 5 19 23 0 21 2 13 15 6 1 0
split_gain=12.2852 26.187 19.1651 14.3815 13.1656 15.9872 13.1321 12.9191 17.8222 14.9939 13.4994 11.9778 11.7287 11.6396 18.5161 15.1885 21.6674 13.5946 17.2862 12.6988 13.4002 17.2082 15.6983 17.2707 13.7943 17.1512 11.0312 10.9922 10.818 11.2984
threshold=0.0010234205401502552 0.0010025408701039853 0.0025363086024299268 -0.0031526945531368251 0.00063274294370785366 2.3030649423599248 -0.0016582831158302722 0.0011962562566623094 0.0012583124334923925 -0.0082369181327521784 0.0035590204643085603 0.0016084712697193029 -0.00018429561168886718 -0.000329362679622136 0.0028819508152082567 -0.0018593530403450129 0.0022482280619442467 0.00034030969254672533 -0.00031425130146089936 0.00021032337099313739 -0.00098776275990530827 -0.0029215670656412836 -0.00017663233302300793 -0.00041511810559313739 0.00053603973356075596 0.00053980894153937708 0.00091625159257091593 0.002043666318058968 0.0011112140491604807 0.00015028554480522874
decision_type=2 2 2 2 2 2 2 2 2 2 2 2 2 2 2 2 2 2 2 2 2 2 2 2 2 2 2 2 2 2
left_child=1 2 4 -3 5 13 12 10 -9 -10 -2 -8 -6 14 -1 16 19 18 -17 -15 21 24 -23 -24 -21 -26 -4 -13 29 -19
right_child=7 3 26 -5 6 -7 11 8 9 -11 -12 27 -14 15 -16 17 -18 28 -20 20 -22 22 23 -25 25 -27 -28 -29 -30 -31
leaf_value=-0.0056056253043946826 0.0053150032179988052 0.012251654139697997 -0.040489726728894268 -0.011440499853853149 -0.0021277748194977321 -0.012410612041192157 0.0035427690806038355 -0.0078377455485715408 0.007872203114977697 -5.9747289492898331e-05 -0.026820336465343198 -0.019986889538406646 -0.023390418438845942 -0.024797686919930374 0.019694460568985116 0.043776050654080377 0.098126428675364738 -0.0030671532827859049 0.0056727608964722582 -0.0059937370946527542 -0.01020626760385332 0.010869924772226071 0.13906639959583669 0.046818799553762523 0.08590301747700102 -0.0072393704475231836 0.014911043112337236 0.025973848513700167 -0.010823524476239329 0.0039597440245535799
leaf_weight=1610.0227799778804 2055.0121415369213 69.652828520163894 45.190388568677008 796.60125211626291 290.27152004279196 338.25283685140312 3250.2886518426239 616.79070025496185 713.26823849231005 3617.4754895959049 33.208669372834265 91.723532177507877 83.517466980963945 20.476086305454373 75.718820184469223 35.550898274406791 7.6341500896960488 1327.6632070932537 182.91391043644398 39.88615826703608 32.180086465552449 12.525163786485789 8.0831280983984453 13.628837859258057 11.21204222366214 8.8385780416429025 11.215269627049564 15.159214381128548 258.30707370862365 1005.1085753701627
leaf_count=44606 36939 1486 1736 18565 5260 9656 69583 12462 11690 63885 842 1777 2403 708 1926 451 178 40237 3495 992 868 270 208 360 278 208 341 300 6718 21431
internal_value=-8.25412e-05 -0.00124179 -0.000423088 -0.00953549 -0.000235147 -0.00191552 0.00201137 0.00150607 0.000114119 0.00124664 0.00480396 0.00300119 -0.00687859 -0.00115203 -0.00446922 0.00073457 0.0159994 -0.000104665 0.0118733 0.0117294 0.0176487 0.027167 0.0554464 0.0811616 0.0110132 0.0448446 -0.0294743 -0.0134683 -0.00111458 -3.95126e-05
internal_weight=16677.4 9641.62 8775.37 866.254 8718.96 4988 3730.96 7035.76 4947.53 4330.74 2088.22 3357.17 373.789 4649.75 1685.74 2964.01 154.464 2809.54 218.465 146.83 126.354 94.1739 34.2371 21.712 59.9368 20.0506 56.4057 106.883 2591.08 2332.77
internal_count=359859 234041 213990 20051 211913 132590 79323 125818 88037 75575 37781 71660 7663 122934 46532 76402 4070 72332 3946 3892 3184 2316 838 568 1478 486 2077 2077 68386 61668
is_linear=0
shrinkage=0.05


Tree=60
num_leaves=31
num_cat=0
split_feature=9 19 4 16 14 21 3 23 0 4 0 9 20 21 4 13 8 11 19 4 23 13 0 3 4 22 0 23 24 20
split_gain=12.1526 11.6734 14.9169 20.9563 15.8867 14.4269 15.8619 9.87603 13.1523 10.5594 10.6949 10.3653 10.5409 10.2319 13.8472 12.3663 9.71311 9.59985 11.8115 14.9325 9.69698 9.51936 9.08405 22.4204 15.9615 14.0452 12.4203 12.0299 11.8129 11.5583
threshold=2.8655604124069218 1.0000000180025095e-35 0.00090424090740270923 0.00031781343568582093 0.0023283793125301604 0.00035734190896619117 0.0044806215446442374 0.00088606006465852271 0.00034450090606696909 0.0015169173711910846 -0.00017663233302300793 1.8910747766494753 0.0013449571561068299 0.0013169844169169667 0.001182164123747498 0.00057229402591474365 0.0010942915105260911 1.3152984380722048 0.021390889771282676 0.00497555104084313 -0.000862766260979697 0.00031270370527636265 -0.00024015369854168964 -0.0012452387600205837 -0.0020316728623583909 0.00029301251925062394 0.0020189105998724703 -0.0025857413420453663 -1.0000000180025095e-35 0.0004210674087516964
decision_type=2 2 2 2 2 2 2 2 2 2 2 2 2 2 2 2 2 2 2 2 2 2 2 2 2 2 2 2 2 2
left_child=1 22 -3 5 7 -4 -7 8 9 10 13 12 -12 14 -5 -16 -9 18 19 -6 -21 -10 25 26 27 28 -24 -25 -1 -29
right_child=-2 2 3 4 17 6 -8 16 21 -11 11 -13 -14 -15 15 -17 -18 -19 -20 20 -22 -23 23 24 -26 -27 -28 29 -30 -31
leaf_value=-0.0031270543090601817 -0.0087832875511126562 -0.0041288582540713629 -0.0014607794880971657 0.01034501870376873 0.046260265127514633 0.0096435049186305126 -0.0076688905136635182 -0.017768092716050791 -0.02756136990101481 -0.0081540854126847927 0.0068226306116671298 -0.048296747429770581 -0.046853725332430922 -0.013551277114591318 0.028858979046660144 0.10886699466495192 0.030084170760748208 -0.007291344545095526 0.045849114067000596 -0.016089692445433016 0.01601177698154704 0.0019086193303684358 -0.0061000590793147506 0.0067400198420282179 0.00043787479143577736 -0.0072617068941745813 0.0099129567986772638 0.013495705734519643 0.0055212678951225228 0.059815867650420164
leaf_weight=461.4274195805192 394.97085003182292 2936.1272522518411 681.42728459462523 26.751399610191584 23.530473474413157 1106.6854441361502 150.27212783694267 168.43290430307388 28.08053707703948 1036.5018134014681 87.918543767184019 11.834367293864487 10.208456018939613 15.254600482061504 10.459390578791501 8.9727633278816921 11.317098164930938 52.201450990512967 29.682176599279046 42.250238003209233 53.07922862842679 1134.6109320474789 1507.8188278954476 747.00475512910634 2738.7470612609759 287.61960248462856 131.66916111111641 37.030794826336205 2736.6885819565505 21.165231486782432
leaf_count=9495 9253 66923 14670 556 367 23658 2724 3702 653 27811 2603 348 329 325 267 191 192 911 455 669 802 19678 39362 16979 67334 5059 1507 1021 41725 420
internal_value=-0.000117231 9.28265e-05 -0.00133408 0.000415759 -0.00238989 0.00439773 0.00757377 -0.00345589 -0.00259911 -0.00625303 0.00524319 -0.00409262 0.00123851 0.0219523 0.0336793 0.0658025 -0.0147553 0.0111531 0.0176349 0.0105891 0.00178433 0.00119688 0.00134797 2.06958e-05 0.00225732 0.00332167 -0.00481404 0.00844584 0.00427348 0.0303418
internal_weight=16689.7 16294.8 7625.6 4689.47 2751.09 1938.38 1256.96 2550.34 2370.59 1207.9 171.4 109.961 98.127 61.4382 46.1836 19.4322 179.75 200.744 148.542 118.86 95.3295 1162.69 8669.17 5183.44 3543.95 3485.74 1639.49 805.201 3198.12 58.196
internal_count=359989 350736 167834 100911 59859 41052 26382 56655 52761 32430 4619 3280 2932 1339 1014 458 3894 3204 2293 1838 1471 20331 182902 126623 85754 56279 40869 18420 51220 1441
is_linear=0
shrinkage=0.05


Tree=61
num_leaves=31
num_cat=0
split_feature=14 15 5 13 5 11 0 0 3 7 13 19 1 15 0 14 0 19 15 5 14 24 15 14 3 10 10 5 20 21
split_gain=12.3902 22.8079 16.1346 13.8906 18.3489 13.6223 13.1682 17.6337 12.939 10.6949 9.82583 9.76141 12.0613 9.34208 14.0042 11.4998 11.0624 10.5306 9.87658 16.2713 15.6279 10.9135 10.8568 12.4248 12.8351 13.7471 10.9158 10.7029 11.646 13.6118
threshold=0.0010234205401502552 0.0010025408701039853 0.0025363086024299268 0.00063785092788748454 0.00010644526264513844 1.1297353506088259 0.00028028884844388818 -0.00010450959234731271 -0.00658911233767867 0.00031438301084563142 0.00027435040101408964 -0.0024162405170500274 -0.0015491009689867494 0.0011962562566623094 -0.0028803079621866341 0.0012583124334923925 0.0032908273860812192 -0.0082369181327521784 0.0013882431085221472 0.0024176001315936451 0.0032240003347396855 0.019753580912947658 0.0019135127658955755 0.0015430353232659402 -0.00090644482406787563 1.7129096388816836 2.4075441360473637 0.0011148807243444028 0.00033404931309632962 0.00019509969570208344
decision_type=2 2 2 2 2 2 2 2 2 2 2 2 2 2 2 2 2 2 2 2 2 2 2 2 2 2 2 2 2 2
left_child=1 2 3 4 10 -6 7 -7 -3 -8 -1 -5 -13 14 -2 -15 -16 -17 27 20 21 22 23 -20 -25 -26 -27 28 29 -19
right_child=13 8 -4 11 5 6 9 -9 -10 -11 -12 12 -14 15 16 17 -18 18 19 -21 -22 -23 -24 24 25 26 -28 -29 -30 -31
leaf_value=-0.033233909240373886 -0.036108203019724054 0.047978596765663822 -0.027650398765660625 0.00600263853346749 0.00039971555391713929 -0.0045801498020900449 0.0046712321751546972 -0.021025486092779232 -0.0096454306541544077 -0.016759125515775641 -0.0095301115465253727 -0.010334910323743118 0.0014451052685749734 -0.0060934570995779744 0.0050358973621525902 0.0067840521686135863 -0.037019486966381486 0.012447442437278206 -0.011055883008437271 0.0025764616116297333 0.011462250008602452 0.03385759039230251 -0.012574582919205397 0.012949577245518496 -0.0080584188879543987 0.056988391829555202 -0.00099947085064902466 -0.00035992281002573164 0.0016647494338786796 0.043748879962542182
leaf_weight=50.877225697040558 21.21790536865592 9.854077246040104 54.274464264512062 1087.6577820274979 3482.4835569467396 513.79087789170444 358.27002668380737 238.74914349429309 854.05564614478499 69.513599700294435 310.74959767609835 239.27176775597036 2365.4379124902189 610.22812939621508 2071.6290989480913 714.71775363571942 15.755716385319827 134.77923139929771 309.32623470574617 1468.5662002153695 132.84375743195415 16.518603360280395 527.69838410615921 167.4949750918895 267.65550365298986 15.35808461345732 17.209535220637918 371.26455582119524 149.36288918741047 46.78919349052012
leaf_count=2924 488 189 2052 22325 86505 13233 8068 9396 19982 2016 11677 5116 50724 12424 37162 11617 353 2450 5858 24218 1825 298 11095 2890 4750 275 340 6443 2740 858
internal_value=-7.08543e-05 -0.00123676 -0.000473288 -0.000304072 -0.00201511 -0.00117364 -0.00581576 -0.00979756 -0.00898815 0.00118886 -0.012865 0.00202425 0.000362979 0.00152065 0.00430764 0.000333405 0.00471846 0.00123714 0.000143456 -0.00113583 -0.00488503 -0.00652864 -0.00703995 -0.00328132 0.0018604 -0.00432628 0.0263462 0.00546807 0.0120064 0.0205137
internal_weight=16693.4 9634.99 8771.08 8716.8 5024.43 4662.81 1180.32 752.54 863.91 427.784 361.627 3692.37 2604.71 7058.42 2108.6 4949.81 2087.38 4339.58 3624.87 2922.67 1454.11 1321.26 1304.74 777.044 467.718 300.223 32.5676 702.196 330.931 181.568
internal_count=360291 234207 214036 211984 133819 119218 32713 22629 20171 10084 14601 78165 55840 126084 38003 88081 37515 75657 64040 51549 27331 25506 25208 14113 8255 5365 615 12491 6048 3308
is_linear=0
shrinkage=0.05


Tree=62
num_leaves=31
num_cat=0
split_feature=0 0 8 5 12 3 10 20 24 13 1 5 14 13 24 23 2 13 14 5 22 14 5 21 24 6 21 10 22 9
split_gain=10.7764 31.5888 13.8235 12.9997 13.8668 12.8341 12.6956 11.4738 11.3564 12.5484 11.1135 10.3136 16.2523 15.885 14.8356 10.418 17.596 12.1743 15.2743 13.9433 10.2877 10.2866 10.6348 15.8372 10.3996 9.56449 9.51057 9.69315 11.543 11.365
threshold=-0.00020941311959177253 4.7425690354430123e-05 0.0015216069878078999 0.00040051303221844142 0.00041364631033502525 -0.0013682050048373637 2.9175393581390385 0.0029126015724614267 0.0019678003154695038 0.00010449874025653118 -0.0049721028190106145 0.0028410253580659632 0.002030034083873034 0.0018150450196117165 0.0055425008758902558 -0.009631521534174679 -0.0017525667790323494 0.001042674412019551 0.00095230268198065471 0.00053136618225835275 -0.0076056546531617633 0.0030797714134678249 0.00010644526264513844 -0.0011206401395611463 0.0009157831664197148 0.00021671847207471731 -0.00060715252766385664 1.4412714838981631 0.00061648312839679431 1.5092642903327944
decision_type=2 2 2 2 2 2 2 2 2 2 2 2 2 2 2 2 2 2 2 2 2 2 2 2 2 2 2 2 2 2
left_child=2 3 -1 4 5 -2 21 10 9 -5 -6 12 15 14 -14 16 -10 18 -17 -20 -12 22 -7 -24 -25 -22 27 28 29 -11
right_child=1 -3 -4 8 7 6 -8 -9 11 26 20 -13 13 -15 -16 17 -18 -19 19 -21 25 -23 23 24 -26 -27 -28 -29 -30 -31
leaf_value=0.0018755824005465853 -0.024984468166749717 0.00095857689309558841 -0.014428817975237622 0.051747848894188667 -0.019407048737967839 -0.014801067485724391 -0.045971642961312065 -0.019229849188619821 0.09540032479732756 -0.011859327879492404 0.036957615478759968 -0.018907928020537437 0.0097980435439226285 0.007087381624796248 0.10682733670167588 -0.0072548695293563475 -0.0034040040081895749 -0.01405581500825236 0.086423089545847737 0.0092377813945295744 0.00237045009650116 0.051751292811242022 0.066949999173641542 -0.010931444912631989 0.0041165635232568616 -0.034729793549222808 -0.025859154165650312 -0.025205464879189711 0.057594633073666017 0.017946320019639677
leaf_weight=6012.0475105019286 94.259198655374348 6702.1237001568079 132.87460482399911 7.1227568928152314 60.876953179016709 193.27012495417148 18.706815559417009 70.103426618501544 6.788969615474346 245.87019970268011 21.236447772011161 120.31178983673453 7.3331749476492396 79.298619713634253 8.5125094875693303 323.7158109722659 13.400722503662108 319.49472300335765 6.1272749714553347 129.80938078090549 1317.5440083071589 8.1110748052597028 8.4455502834171039 196.25426728837192 276.68066743202507 17.604043040424585 147.06663611810654 90.087536063045263 6.8737472109496585 36.764857256785035
leaf_count=104951 3529 123990 2556 152 1528 8580 784 1956 196 8896 478 5300 253 2771 269 12417 385 10838 148 4417 36218 151 317 7365 9745 549 5866 3783 249 1418
internal_value=-0.000141002 -0.00111172 0.00152302 -0.00473295 -0.00233441 -0.0076619 -0.00533419 0.000515755 -0.00826916 -0.0141729 0.00149245 -0.00516375 -0.0033151 0.01622 0.0619235 -0.00564034 0.0298199 -0.0065592 -0.00134847 0.0127169 0.00243046 -0.00422078 -0.00489371 -0.00091599 -0.00212792 0.00188128 -0.0150644 -0.0108823 -0.00642526 -0.00798224
internal_weight=16678.7 10533.8 6144.92 3831.67 2283.09 795.728 701.469 1487.36 1548.58 533.786 1417.26 1014.79 894.481 95.1443 15.8457 799.337 20.1897 779.147 459.652 135.937 1356.38 682.762 674.651 481.38 472.935 1335.15 526.663 379.596 289.509 282.635
internal_count=360055 252548 107507 128558 71200 30471 26942 40729 57358 20364 38773 36994 31694 3293 522 28401 581 27820 16982 4565 37245 26158 26007 17427 17110 36767 20212 14346 10563 10314
is_linear=0
shrinkage=0.05


Tree=63
num_leaves=31
num_cat=0
split_feature=19 4 2 14 21 3 4 3 13 0 3 23 21 24 5 5 3 13 0 21 21 13 23 24 5 4 22 10 6 0
split_gain=10.4084 11.928 12.7284 15.5021 15.4489 13.6246 11.7651 16.8739 11.1462 10.7712 23.6573 22.0012 13.8304 13.1273 13.9033 12.2468 15.1201 14.2365 13.272 23.1475 14.4066 14.1426 11.8622 11.511 11.4791 10.6316 10.5843 13.8406 13.4842 18.309
threshold=0.00032831737189553683 0.00090424090740270923 0.00031781343568582093 0.0022899983450770382 0.00034244463313370948 0.00060921744443476211 0.00044987630099058157 0.0023831983562558894 0.00054933776846155535 -0.00060941546689718951 -0.0011441556271165607 -0.0011476224754005668 0.0010590751771815123 0.0020143156871199612 0.0028573129093274478 0.00067251970176585029 -0.0010598442167975006 0.00086174777243286382 0.00040583903319202369 -0.0013891595299355684 -0.001711676246486604 0.00095021180459298204 -0.0032361368648707862 0.0022864448837935929 0.00030121616146061575 -0.00039285015373025084 0.0014584917807951572 2.0463333129882817 -0.0011024548439308999 -0.0016805892228148875
decision_type=2 2 2 2 2 2 2 2 2 2 2 2 2 2 2 2 2 2 2 2 2 2 2 2 2 2 2 2 2 2
left_child=6 26 4 -4 -3 -6 7 9 -9 11 -11 -1 13 14 15 16 17 -12 19 20 -17 25 -23 -15 -18 -20 27 -2 29 -28
right_child=1 2 3 -5 5 -7 -8 8 -10 10 12 -13 -14 23 -16 18 24 -19 21 -21 -22 22 -24 -25 -26 -27 28 -29 -30 -31
leaf_value=0.003593963442779072 -0.0013831291845281743 -0.0030123228468782451 -0.0032575568946555198 0.010250029569600673 0.013897959387925669 0.0028406654462645874 -0.0024822644403861231 0.052214385958488624 0.01043399187602405 -0.0041969878023363572 0.017604014949007731 0.041757540002733226 -0.012124712281980046 0.019592711569969834 0.065208416496288599 -0.0045229689170680166 -0.00490071351002798 0.087097539183605618 -0.013861063442988137 -0.024401002065973051 0.066608876617232346 0.0065541175479403276 0.064539451895505404 0.0057867261202079511 0.0051967343628259305 0.019898908421978737 -0.01068782151776919 -0.013269321273075358 -0.014174365254039228 0.064990084500222686
leaf_weight=2197.6408635033295 2080.6073250724003 668.44405230227858 2529.4087577573955 231.88210642337799 408.73484911862761 874.95248136855662 1882.2366066183895 16.711012773215771 356.76356149092317 1940.0277961138636 42.375275346450508 38.425218211486936 143.15260132029653 191.06044801604003 8.4544392954558116 17.885508121922616 410.92007563076913 8.921318316832183 89.671791719272733 154.62459670938551 11.824132094159721 21.395231157541275 15.006093092262743 719.70983679965138 893.43198259174824 31.51647275313735 20.445852141827345 277.58650037739426 377.66631652694196 13.121197458356617
leaf_count=32951 47935 14361 56474 3734 8567 18273 41371 395 6391 47745 1282 586 2828 4290 248 530 13636 191 1878 4943 391 321 189 15191 19043 648 276 6998 8092 286
internal_value=-8.42412e-05 -0.00146876 6.14339e-05 -0.00212324 0.00315166 0.00636138 0.00104287 0.00195061 0.0123034 0.00139316 3.40931e-05 0.00424978 0.00300821 0.00383606 0.00124854 0.000929997 0.00306283 0.0296901 -0.00752621 -0.0166344 0.0237868 0.0031278 0.030458 0.00868293 0.00201566 -0.00508137 -0.00407308 -0.00278227 -0.0114751 0.0188943
internal_weight=16674.6 7482.85 4713.42 2761.29 1952.13 1283.69 9191.75 7309.52 373.475 6936.04 4699.98 2236.07 2759.95 2616.8 1706.03 1697.57 1355.65 51.2966 341.924 184.334 29.7096 157.59 36.4013 910.77 1304.35 121.188 2769.43 2358.19 411.233 33.567
internal_count=360044 164996 101409 60208 41201 26840 195048 153677 6786 146891 113354 33537 65609 62781 43300 43052 34152 1473 8900 5864 921 3036 510 19481 32679 2526 63587 54933 8654 562
is_linear=0
shrinkage=0.05


Tree=64
num_leaves=31
num_cat=0
split_feature=14 7 0 15 0 6 0 0 22 8 23 19 9 1 13 8 5 8 0 15 6 15 21 20 14 21 13 23 23 15
split_gain=10.7781 24.2125 17.2189 15.7939 15.6633 12.0473 13.2461 19.5115 23.5046 14.3492 13.6455 13.4502 14.849 14.931 13.4491 12.9992 10.1306 11.4149 14.4884 11.1774 10.9869 13.0502 13.7547 26.3571 10.9119 10.206 10.4666 9.83219 9.559 9.25149
threshold=0.0011719683534465732 0.0011697772424668076 -0.0022654333151876922 0.0011962562566623094 0.0024106070632115011 0.002043666318058968 0.0012883796007372441 0.0010742100421339276 0.0020921673858538274 0.0015216069878078999 -0.0010880800546146927 0.00032831737189553683 2.7984946966171269 0.0015601177001371982 0.00060938391834497463 0.001134079182520509 0.0018298698123544457 0.00042005776776932185 0.0010604829294607045 0.00068609733716584753 0.00098238722421228907 0.0010025408701039853 0.00012257791240699592 0.00089298040256835531 0.0010234205401502552 -0.00035247343475930387 0.00092604500241577636 -0.010069642215967177 0.00039743658271618193 0.0009504435001872481
decision_type=2 2 2 2 2 2 2 2 2 2 2 2 2 2 2 2 2 2 2 2 2 2 2 2 2 2 2 2 2 2
left_child=1 2 -1 4 5 6 7 9 14 11 -10 16 13 28 -9 -16 17 20 24 -18 -4 22 25 -24 -19 26 -22 -5 -13 -15
right_child=-2 -3 3 27 -6 -7 -8 8 10 -11 -12 12 -14 29 15 -17 19 18 -20 -21 21 -23 23 -25 -26 -27 -28 -29 -30 -31
leaf_value=-0.027861778890204775 0.0018551745157501739 -0.028258457695741951 0.0013214621816854928 0.033480715008952104 -0.033875585821386188 0.021936051395537153 -0.0097413821966788362 -0.032157822171785262 0.056891379704221472 -0.034170780301167339 0.018992598896553858 -0.0007839442036338284 -0.025368664631948701 -0.0071390541211841275 0.0039825740999793391 0.050200183169870898 -0.024713583872636519 -0.013310400635412063 0.056687377043845334 0.016182273527677146 0.04905835888900955 -0.013992737461484373 0.096859531794817877 0.010379386625733365 0.01180301808485637 -0.031773853353753517 -0.011863260413172509 -0.010118651466764989 -0.025600872647292855 -0.026368009902443201
leaf_weight=57.852176726795733 5472.8644512239844 80.012528795748949 4801.648020000197 13.268711967393754 34.199426343664527 62.318256714381278 345.43291443586349 24.523201369680464 32.24998052790761 31.119260458275676 90.122922511771321 3726.908050660044 68.646840794943273 231.14741467684507 314.2290200162679 15.987976130098103 18.380862982943654 281.2303695268929 8.4928428530693036 183.570969899185 17.173317885026339 24.092562077566981 16.625472063198686 18.743790650740266 51.116055924445391 11.389189209789036 11.960365774109958 507.95969584770501 39.21041889116168 85.759724007919431
leaf_count=1323 96056 2683 112806 269 805 1006 6332 619 348 1108 1340 93328 1962 5528 4028 179 596 8424 104 3503 416 536 369 360 1173 239 230 11459 946 2081
internal_value=3.64304e-05 -0.00085187 -0.000654765 -0.000512548 -9.26401e-05 1.72675e-05 -0.000113447 0.000215699 0.0100853 -0.000273428 0.0289804 -0.000163502 -0.00230714 -0.00191941 0.00356719 0.00622027 0.00147114 0.00104782 -0.00779995 0.0124601 0.00166306 0.0180677 0.0282455 0.0510297 -0.00944787 0.00835892 0.024048 -0.00900876 -0.00104232 -0.0123427
internal_weight=16678.2 11205.4 11125.4 11067.5 10546.3 10512.1 10449.8 10104.3 477.113 9627.22 122.373 9596.1 4151.67 4083.03 354.74 330.217 5444.42 5242.47 340.839 201.952 4901.63 99.9847 75.8921 35.3693 332.346 40.5229 29.1337 521.228 3766.12 316.907
internal_count=360156 264100 261417 260094 248366 247561 246555 240223 6514 233709 1688 232601 103845 101883 4826 4207 128756 124657 9701 4099 114956 2150 1614 729 9597 885 646 11728 94274 7609
is_linear=0
shrinkage=0.05


Tree=65
num_leaves=31
num_cat=0
split_feature=23 3 0 13 11 12 9 10 24 24 19 3 24 2 15 13 24 23 0 3 5 13 10 15 5 9 24 24 4 15
split_gain=10.6393 11.5763 20.0528 12.8127 11.5426 12.389 10.4056 9.94131 9.60334 9.10392 9.24367 8.82554 8.80202 10.5116 8.53772 14.0819 19.5636 22.709 17.128 15.3163 13.6037 14.5881 19.548 11.3131 15.8943 11.8561 11.8086 11.0434 16.8654 17.8921
threshold=-0.010069642215967177 -0.0032496153144165869 -0.00042011361801996822 0.0036898811813443903 0.3274283260107041 0.00023258379223989325 1.0000000180025095e-35 6.0940599441528329 0.0056503198575228461 0.00098817719845101259 0.0026550141628831629 -0.005024606827646493 0.0049824421294033536 0.0016441284096799793 0.00044260345748625701 0.00060469110030680906 0.0028819508152082567 -0.0017104737926274536 -0.00035819827462546522 -0.0014757229946553705 0.0010571383172646167 0.00057229402591474365 0.93243864178657543 0.00078632260556332778 0.0022350648650899534 1.694128215312958 0.0010718687553890052 0.0053479557391256103 0.0027985540218651299 0.00078187731560319673
decision_type=2 2 2 2 2 2 2 2 2 2 2 2 2 2 2 2 2 2 2 2 2 2 2 2 2 2 2 2 2 2
left_child=12 2 3 -2 6 -6 9 14 11 -3 -11 -4 13 -1 20 16 18 19 -16 -18 21 -7 -23 24 26 -25 -17 28 29 -21
right_child=1 4 8 -5 5 7 -8 -9 -10 10 -12 -13 -14 -15 15 23 17 -19 -20 27 -22 22 -24 25 -26 -27 -28 -29 -30 -31
leaf_value=0.0069098337578344278 0.00012989639160475771 -0.024911573849848836 -0.02042302925611339 0.048594033616270495 -0.0088430724697371576 0.0036198279489009265 0.0022542021399687812 -0.013475661668753769 0.016699924626295569 0.0039646285670332316 -0.015711958655041866 -0.0080847881094966816 -0.0048286531140822077 0.042788666297953845 0.00012867319839209997 -0.004870389354420873 -0.027838367279766366 -0.0017743736311955248 -0.013935189172085373 0.073493362692075043 -0.02436753670309863 0.010502137260341826 0.091105893276412067 -0.0028362928596763915 -0.033352906304952676 0.0028538576583090882 0.0080669481915433116 0.092078689945886125 -0.016844206405929537 0.0040872013767106535
leaf_weight=627.48540664929897 724.25873247161508 58.244426644407213 213.49810956511647 13.899391088634728 492.56654493976384 1054.8190053561702 5469.0831296117976 148.95843582320958 30.379628231748939 167.57972497772425 92.707985582761467 451.31644849479198 165.91217347048223 21.100747061893344 319.5243083126843 220.89761725626886 10.166902974247931 358.56820178590715 671.37109623476863 24.230774896219373 41.908960329368711 23.066369105130434 11.161908200010656 3011.1736761899665 27.028213345445693 1315.331398894079 875.1898939628154 8.292234428226946 14.103533899411557 15.054521141573785
leaf_count=10378 11345 2251 5288 110 15342 24945 112516 4186 567 5265 2860 11000 2556 353 7813 5207 244 9868 20235 597 1311 561 284 57344 946 25979 19828 189 361 380
internal_value=-0.000125062 -0.000411202 -0.00469684 0.00104247 1.44671e-05 -0.00114266 0.00174255 -0.00067731 -0.0107909 -0.00704228 -0.00304368 -0.0120471 0.00544821 0.0080771 -0.000439063 -0.00110168 -0.00553399 0.00336661 -0.00940015 0.0290235 0.00358653 0.00466226 0.0367872 5.43126e-05 0.00452561 -0.00110639 0.00545965 0.038396 0.0300581 0.0468962
internal_weight=16678.9 15864.4 1433.35 738.158 14431 8643.41 5787.62 8150.85 695.194 318.532 260.288 664.815 814.498 648.586 8001.89 6870.93 1421.31 430.416 990.895 71.848 1130.96 1089.05 34.2283 5449.62 1123.12 4326.51 1096.09 61.6811 53.3888 39.2853
internal_count=360109 346822 28310 11455 318512 195620 122892 180278 16855 10376 8125 16288 13287 10731 176092 148991 39687 11639 28048 1771 27101 25790 845 109304 25981 83323 25035 1527 1338 977
is_linear=0
shrinkage=0.05


Tree=66
num_leaves=31
num_cat=0
split_feature=9 19 4 2 21 14 15 6 3 23 19 2 15 1 20 7 15 14 10 0 9 0 5 21 15 9 7 10 9 9
split_gain=11.972 10.78 11.0562 13.4736 16.7775 13.031 12.926 22.2183 10.1549 10.9818 13.9393 15.0077 20.7627 14.6038 12.2911 9.92401 9.82903 9.61268 9.45306 9.2696 10.7316 8.90863 8.49214 8.44236 9.79371 8.38449 9.07119 10.9584 9.69732 9.15019
threshold=2.8655604124069218 1.0000000180025095e-35 0.00030427506135310983 0.00031382395536638802 0.0004522699309745804 0.0022899983450770382 0.0011127752368338408 0.0016368398210033777 0.00060921744443476211 -0.0033725951798260208 0.0021368790185078983 -0.00041627768951002503 0.00078632260556332778 -0.00034456024877727026 -0.00026940708630718285 0.0004546660056803376 0.00024831699556671088 0.0036979215219616894 1.7710125446319582 -0.00089601273066364218 2.5025138854980473 -0.0014720829785801468 0.00030534510733559733 0.00094414805062115203 0.000827305397251621 1.4562923908233645 0.00011882835315191188 0.95624777674674999 0.7570210099220277 0.871147781610489
decision_type=2 2 2 2 2 2 2 2 2 2 2 2 2 2 2 2 2 2 2 2 2 2 2 2 2 2 2 2 2 2
left_child=1 -1 19 4 16 15 7 8 9 -6 -11 12 13 -12 -13 -5 22 -2 25 20 21 -3 -4 -16 -25 26 28 -28 -10 -30
right_child=17 2 3 5 6 -7 -8 -9 18 10 11 14 -14 -15 23 -17 -18 -19 -20 -21 -22 -23 -24 24 -26 -27 27 -29 29 -31
leaf_value=0.0013460971943100664 -0.010031085770642595 -0.0061247594588555157 -0.02038383815765767 -0.0019028408965873567 -0.01953338861344539 0.0095083142689457237 0.00067986346525579196 0.08508193362752893 0.0050925877393392313 0.0048690951673837288 0.042983139756091221 0.069765276148055541 0.022139643088802036 0.12668721173601921 -0.001449593294235696 -0.010420245837684212 -0.0031224846731755492 0.039880472917697307 0.027078905676463705 -0.0056725334919957866 0.034327254378404656 0.0088382314108708115 0.020613508790391546 0.069927733903038081 0.0015215295294425202 -0.010943996029367988 -0.014582133191201092 0.036205878826854762 0.052145119819142841 0.015827338638246081
leaf_weight=8694.4856791291386 377.11242192983627 223.93103472329676 15.095385191962121 2374.4135391460732 16.369241466745734 220.1588190048933 504.76618572697043 10.001894995570181 215.45815882179886 65.958731112070382 8.9142353013157862 10.593077411875127 21.1928615514189 12.543010698631404 41.801303081214428 399.53497167583555 992.36904617957771 9.9000276532024127 50.135864458046854 1854.9569629840553 24.929486225359142 178.98345006071031 77.378753934055567 11.010538052767517 9.9704054370522481 76.237889436073601 73.587957430630922 12.412456652149556 22.321879109367728 77.760125790722668
leaf_count=182964 9117 3104 408 52118 318 3472 9065 141 4793 1634 220 230 425 289 1000 10577 22415 129 1257 45614 429 2748 1387 260 197 1740 1769 325 481 1740
internal_value=-6.28049e-05 0.000143593 -0.00123158 1.74292e-05 0.00287236 -0.00220034 0.00684273 0.0110678 0.0100485 0.019694 0.0232224 0.033656 0.0572426 0.091913 0.019946 -0.00312961 -0.00166965 -0.00875432 0.00642446 -0.00414235 0.00249188 0.000522129 0.0139211 0.0115402 0.0374203 0.00425708 0.00714321 -0.00725189 0.0110666 0.0239275
internal_weight=16684.3 16297.3 7602.79 5319.99 2325.88 2994.11 1241.04 736.27 726.268 198.353 181.984 116.025 42.6501 21.4572 73.3753 2773.95 1084.84 387.012 527.914 2282.8 427.844 402.914 92.4741 62.7822 20.9809 477.778 401.541 86.0004 315.54 100.082
internal_count=360366 351120 168156 116261 50094 66167 25884 16819 16678 4573 4255 2621 934 509 1687 62695 24210 9246 12105 51895 6281 5852 1795 1457 457 10848 9108 2094 7014 2221
is_linear=0
shrinkage=0.05


Tree=67
num_leaves=31
num_cat=0
split_feature=0 0 11 4 21 23 19 17 10 0 22 8 24 23 24 19 19 19 17 7 20 20 22 23 9 13 20 14 6 15
split_gain=10.9065 23.9693 11.7719 10.8297 12.1755 10.8782 11.9555 10.7224 11.385 10.2246 11.426 10.1561 9.6756 11.9702 10.0802 25.784 9.60919 11.077 15.3652 9.16852 9.14211 13.4925 12.7614 11.0255 10.982 17.2801 28.5792 11.2117 9.16309 8.97365
threshold=-0.00020941311959177253 4.7425690354430123e-05 1.6592513322830202 0.00090424090740270923 0.001157312421128154 0.00016925184172578159 0.010666969232261183 0.00077463084016926597 0.17296347022056582 0.0002981225989060477 0.0018514469848014416 0.0015216069878078999 0.001028844388201833 -0.00090556839131750156 0.0011003655963577332 -0.0053924855310469857 -0.0052622926887124768 0.013826876413077118 0.0074744168668985375 0.00030651342240162199 9.053052781382577e-05 0.00010107646448886955 0.0020921673858538274 -0.010308746714144943 1.3903255462646487 0.00066991039784625183 0.00027589449018705642 0.00092007280909456323 -0.00034291592601221049 0.001084194809664041
decision_type=2 2 2 2 2 2 2 2 2 2 2 2 2 2 2 2 2 2 2 2 2 2 2 2 2 2 2 2 2 2
left_child=11 2 12 4 7 6 -5 8 -3 -10 -11 16 -2 14 15 -14 -1 -18 -19 -9 22 -22 23 -16 -23 26 -26 -27 -29 -13
right_child=1 3 -4 5 -6 -7 -8 19 9 10 -12 29 13 -15 20 -17 17 18 -20 -21 21 24 -24 -25 25 27 -28 28 -30 -31
leaf_value=0.0060037264694095807 -0.0078158071192163444 0.0051387733748302685 -0.012113203200305246 0.0055754742438194563 -0.0093118437124943138 -0.0035801716648727806 -0.0047845810474831992 0.0086545109886460407 -0.010950450158376004 -0.00096996042485340622 -0.032145707439452519 -0.051948681542446223 0.084701261124095248 -0.0077800711743626133 0.015559875420934226 0.0059277182685375865 0.00055926816786830088 0.024009839533869495 -0.015805693667641646 -0.0099985548910151954 0.060148432315901473 0.00016344668919317232 0.010454221054877665 -0.0076579660245092848 0.13808207517773496 -0.025525102583394049 0.019382178373511704 -0.037960749684740502 0.020458637729274417 -0.0078134968358847274
leaf_weight=1177.2678622910753 848.83080019149929 531.10584430396557 415.33248083014041 2262.5192219726741 398.35829710867256 527.4348256951198 317.55939939431846 494.58070760406554 343.12183997035027 1709.0285146841779 29.904298022389412 12.753674383275209 12.090397905558346 606.15496037621051 54.707136755809188 73.772567333653569 4711.6397840725258 106.39956855028868 31.376769183203578 76.001069329679012 10.278759351000188 736.01556705310941 134.45057702437043 782.50310865230858 7.119935508817437 21.063060622662306 17.620778236538172 7.3621511235833159 76.037054774351418 118.77266945131123
leaf_count=16932 30685 8641 16239 39566 6422 11670 4781 9080 10969 30482 505 415 384 21543 1524 2469 85878 1554 493 1691 336 22466 3878 24754 259 722 632 262 2357 2155
internal_value=-1.87177e-05 -0.000999039 -0.00416837 0.000802862 -0.0010709 0.00296279 0.00430035 -3.97763e-05 -0.00139566 -0.00306251 -0.00150609 0.00165165 -0.00319442 -0.00164951 0.000272902 0.0170199 0.00195162 0.000967905 0.0149424 0.00616994 -0.00050556 0.00320015 -0.00384452 -0.00614081 0.0025236 0.0159684 0.0535419 0.00706959 0.0153016 -0.0120931
internal_weight=16651.2 10493 3803.34 6689.61 3582.1 3107.51 2580.08 3183.74 2613.16 2082.05 1738.93 6158.21 3388.01 2539.18 1933.02 85.863 6026.68 4849.42 137.776 570.582 1847.16 875.497 971.661 837.21 865.219 129.203 24.7407 104.462 83.3992 131.526
internal_count=359744 252317 128510 123807 67790 56017 44347 61368 50597 41956 30987 107427 112271 81586 60043 2853 104857 87925 2047 10771 57190 27034 30156 26278 26698 4232 891 3341 2619 2570
is_linear=0
shrinkage=0.05


Tree=68
num_leaves=31
num_cat=0
split_feature=9 13 9 14 11 15 14 11 1 24 22 13 14 15 15 24 5 3 8 20 15 8 22 10 3 0 7 9 24 8
split_gain=8.97993 11.4599 8.83262 12.2057 11.5556 10.2649 9.05861 7.89167 7.52035 8.16294 6.96879 7.62923 6.8915 18.3946 13.0816 12.9687 12.0843 10.3863 12.4286 14.3845 18.9721 20.6497 10.8519 10.2313 10.2284 9.94162 9.20472 9.17476 8.51593 8.49614
threshold=2.8655604124069218 0.0032908808207139377 1.0000000180025095e-35 0.002635703189298511 0.0044123295228928336 0.0018060186994262042 0.00086499197641387593 11.273856163024904 -0.0050744253676384679 0.0053196367807686338 -0.0027342402609065171 0.0031245829304680233 0.0010234205401502552 0.0010025408701039853 0.00099712720839306734 0.0075159897096455106 0.0025363086024299268 -0.0045163768809288731 0.00035840152122545993 -0.00075455577461980272 0.0009207873372361065 0.00074559301720000814 0.00045913080975878989 2.2116857767105107 -0.00658911233767867 0.0011099806288257243 0.00039940090209711348 0.017550128512084488 0.0011003655963577332 0.00042799058428499853
decision_type=2 2 2 2 2 2 2 2 2 2 2 2 2 2 2 2 2 2 2 2 2 2 2 2 2 2 2 2 2 2
left_child=2 -2 3 5 -4 6 -1 12 -5 10 11 -10 13 16 17 24 29 28 25 -20 21 -21 -22 26 -15 -19 -18 -26 -14 -6
right_child=1 -3 4 8 7 -7 -8 -9 9 -11 -12 -13 14 15 -16 -17 23 18 19 20 22 -23 -24 -25 27 -27 -28 -29 -30 -31
leaf_value=-0.019180662694293693 -0.010573938360099202 0.018126196477681055 0.0098011474385071382 -0.032261673793763081 0.00043072084707840378 -0.028252783586303572 0.0012685919659187756 -0.029720335274108119 0.032523052949155251 -0.0069442953906569049 0.040699085097490262 -0.030636735953351077 0.0043433061042703934 0.042960711845654288 0.00059449398779542063 -0.032689605508846933 -0.025691629441395854 0.0099947792332356466 -0.004903642747943953 0.11287305948704381 0.049569817784866785 0.020935183839871155 0.00063364870355159253 -0.042983825967355602 0.031053707551428847 -0.010399616225026533 0.050451260765833977 -0.0079473572104668874 -0.038706846267474053 -0.0059891651387559931
leaf_weight=90.26654458232224 347.16915752738714 38.654546454548836 307.4552340246737 9.9429738670587522 7851.880844171159 75.101906695403159 135.3751106839627 22.285002292133868 10.019715586677195 29.697532039135695 31.16855907253921 9.1451067309826595 26.65038937702775 10.335940560325978 5716.4754595169798 50.198172082193196 9.4616481363773364 377.25105592329055 26.985517766326666 14.165734287351372 18.393225856125355 10.736522157676516 29.496821849606931 29.928578436374664 15.402942770160733 71.001579223200679 6.8373065134510389 717.71302467118949 20.190272718667984 551.55682432185858
leaf_count=3865 8740 555 5123 233 187102 2622 3872 711 245 697 749 204 473 188 99026 1243 266 6603 561 289 350 215 597 1303 336 983 211 16720 363 15528
internal_value=-0.000159374 -0.00769856 1.93529e-05 -0.00740753 0.000202036 -0.0122412 -0.00691201 1.25704e-05 0.00874945 0.0138446 0.0261105 0.00238434 5.51684e-05 -0.00081448 0.00132882 -0.00809239 -0.00013089 0.00838537 0.0103169 0.0262765 0.0378356 0.0732344 0.0194287 -0.025625 -0.00643157 0.00676438 0.00624982 -0.00712794 -0.0142131 9.35377e-06
internal_weight=16660.9 385.824 16275.1 390.717 15884.4 300.744 225.642 15576.9 89.9739 80.0309 50.3334 19.1648 15554.7 9243.32 6311.35 793.65 8449.67 594.871 548.03 99.7778 72.7923 24.9023 47.89 46.2275 743.452 448.253 16.299 733.116 46.8407 8403.44
internal_count=359973 9295 350678 12487 338191 10359 7737 333068 2128 1895 1198 449 332357 222897 109460 18487 204410 10434 9598 2012 1451 504 947 1780 17244 7586 477 17056 836 202630
is_linear=0
shrinkage=0.05


Tree=69
num_leaves=31
num_cat=0
split_feature=12 11 0 15 6 14 15 5 13 5 15 7 2 9 1 13 1 0 3 1 0 9 9 23 10 5 5 14 15 5
split_gain=12.0783 7.87878 13.4453 9.30311 7.98067 7.87478 29.9939 16.6544 17.5437 16.0392 14.6237 13.8489 15.6143 11.7773 9.75911 13.3446 17.1595 15.8253 13.2377 12.7448 14.173 12.4736 11.2902 9.96873 9.68419 9.48171 20.12 13.4605 14.3227 12.2834
threshold=0.00019197195797460156 0.22830730676651004 4.7425690354430123e-05 0.00031078836764208978 0.00029878990608267492 0.00061590460245497536 0.00047131103929132229 0.00095934321871027361 0.00057676533469930302 0.00028386666963342583 0.00052897224668413411 1.0000000180025095e-35 -0.00018390805053059009 2.7984946966171269 -0.00147987634409219 0.0013903234503231945 -0.0027050459757447238 -0.0022654333151876922 -0.0010012910352088509 -0.0010649060131981967 -0.0010928298579528926 0.7179609239101411 1.0120082497596743 -0.0010880800546146927 0.001237374672200531 0.00032218224077951168 0.00053987908177077781 0.00032379610638599848 0.00040279104723595088 0.00066336215240880858
decision_type=2 2 2 2 2 2 2 2 2 2 2 2 2 2 2 2 2 2 2 2 2 2 2 2 2 2 2 2 2 2
left_child=1 2 4 -4 -1 6 7 8 9 -2 -7 -10 -13 24 15 17 -17 -12 -19 20 21 -16 -23 -22 -8 -11 27 -27 -29 -28
right_child=5 -3 3 -5 -6 10 13 -9 11 25 14 12 -14 -15 19 16 -18 18 -20 -21 23 22 -24 -25 -26 26 29 28 -30 -31
leaf_value=-0.0071142040602427004 -0.0075201261376986947 -0.012351678148238045 0.076621926404676688 0.012903748222827933 0.036041330538970365 0.028034593123260277 -0.040977399844119515 -0.018809105227969067 0.0082997103730250345 0.0083661049445560229 -0.027702198690686283 0.084817970978275731 0.017843549100711089 -0.041253129138051341 0.0030874444546146376 -0.0030192624654202436 0.0092410732912055517 -0.00054744495839809755 -0.011604549135688959 0.00089966796907308257 0.0020482618983923618 0.062627596506045255 0.022501066130305714 0.039273720137353078 -0.0057507408291371754 -0.021345357223910122 0.012733561593195964 0.0092580988311102945 -0.011893830679406123 -0.0017818686764109852
leaf_weight=186.54747205413878 367.99972812086344 326.8529501799494 8.4605081286281365 17.740137118846178 11.365573497489093 48.997219366021454 19.73037120141089 92.324608427472413 50.213839469477534 720.94460692815483 76.551271113567054 16.406498262658715 18.53297109156847 24.213303023949265 68.128377582877874 748.21678333356977 461.37241865880787 805.68708162195981 407.64506180491298 8803.6275028977543 447.06454012542963 21.65328660607338 92.053002623841166 18.738372649997473 1747.9594192504883 121.68927755206823 359.28384851291776 152.87274896167219 167.96704011783004 245.22320248372853
leaf_count=6825 13763 11296 224 546 369 1135 946 2892 1186 12382 1627 412 465 873 802 12364 7478 16061 8265 173926 9247 276 1308 348 49519 3368 7297 3986 4605 6092
internal_value=-0.000121082 -0.00740066 -0.000179961 0.0334791 -0.00463591 0.000127957 -0.00176229 0.00199901 0.00286392 0.00197668 0.000774649 0.0251196 0.0492927 -0.00661835 0.000662885 -0.00211554 0.00165719 -0.00565341 -0.00426232 0.00139766 0.00816716 0.0200057 0.0301424 0.00354577 -0.00614393 0.00395341 0.000915007 -0.00718588 -0.00181542 0.00684526
internal_weight=16656.1 550.967 224.114 26.2006 197.913 16105.1 4105.36 2313.46 2221.13 2135.98 11999.7 85.1533 34.9395 1791.9 11950.7 2499.47 1209.59 1289.88 1213.33 9451.27 647.638 181.835 113.706 465.803 1767.69 1767.98 1047.04 442.529 320.84 604.507
internal_count=359883 19260 7964 770 7194 340623 107786 56448 53556 51493 232837 2063 877 51338 231702 45795 19842 25953 24326 185907 11981 2386 1584 9595 50465 37730 25348 11959 8591 13389
is_linear=0
shrinkage=0.05


Tree=70
num_leaves=31
num_cat=0
split_feature=12 11 5 14 9 8 12 1 14 6 14 9 11 3 4 7 13 19 19 10 20 7 4 24 5 14 13 9 4 19
split_gain=9.59084 11.6103 10.2591 12.4245 8.87843 11.5029 11.158 8.31892 17.5861 9.36465 10.2412 9.77719 8.3179 8.30864 8.01687 7.89627 7.71861 15.5174 12.7662 13.2738 19.438 10.4263 8.86601 9.35 8.67496 8.52429 9.12432 12.8671 15.2981 8.47412
threshold=0.00022418783919420096 0.19355718791484836 0.00010644526264513844 0.0030797714134678249 0.1164783574640751 0.0001093912396754604 0.00020816850883420559 0.0035100040258839731 0.0025731227360665803 0.001046052551828325 0.00049415999092161666 2.6253339052200322 0.0072180586867034444 0.0096550988964736479 0.0010548920254223051 0.00023417832562699917 0.0015462503652088346 0.0030123837059363727 0.0032952090259641413 0.16407696902751925 0.0017327885725535455 0.0012341234833002093 0.0026112096384167676 0.0053479557391256103 0.0046098497696220883 0.00093626603484153758 0.0013327492051757874 1.4562923908233645 0.0021580794127658014 -0.0015910476795397697
decision_type=2 2 2 2 2 2 2 2 2 2 2 2 2 2 2 2 2 2 2 2 2 2 2 2 2 2 2 2 2 2
left_child=1 2 3 -1 5 -4 -6 9 12 11 -11 13 -9 -2 -12 -14 18 22 25 20 -20 24 -18 -24 -19 -16 27 29 -29 -27
right_child=7 -3 4 -5 6 -7 -8 8 -10 10 14 -13 15 -15 16 -17 17 21 19 -21 -22 -23 23 -25 -26 26 -28 28 -30 -31
leaf_value=-0.012019068535549488 0.0003344615858225769 -0.0097161491675410144 0.018651616746465351 0.047735759577359392 0.011452939993212763 0.094907541504781756 -0.042463768888009921 -0.039272859058217702 0.0061816052138800315 -0.037912751672526744 0.00064225785686000377 -0.0063298247206646221 -0.0053248081009055681 -0.018130336930994143 -0.0069661364366101642 -0.021921491601840287 -0.016366880966426755 -0.016047612854563457 0.0648090152053796 0.01307172617452506 -0.0029028722461359345 0.029140560155946384 0.056844428879337383 0.01496542022179174 0.01412963874327211 -0.018259984661407856 -0.011984736396268686 0.06955476603085757 0.014012591800361155 0.014170378927767716
leaf_weight=113.21272113081068 12782.028176297434 529.02314702607691 18.174380041658882 9.4231134206056577 104.85457245446742 6.7941423989832392 10.562382614240049 26.1019032523036 203.58651368319988 14.618016309104858 869.83315623365343 591.20607387181371 253.17451426573098 61.214685589075089 126.62230439390987 99.96418846398592 16.623569425195456 149.13241297751665 31.02031116001308 291.58552462328225 16.099892945960164 17.578750226646662 16.8624915946275 63.581506678834558 28.34053654037416 28.561160517856479 38.184784648939967 20.142694250680506 32.241311487741768 68.34483178332448
leaf_count=4824 278581 17296 513 174 2895 213 317 737 2981 525 13659 13848 4411 1206 2453 2599 216 2012 416 4997 216 348 249 889 351 400 525 304 522 927
internal_value=-7.81728e-05 -0.00544766 0.00313769 -0.00742762 0.0123672 0.0394015 0.00651875 0.000190204 -0.00567248 0.000414062 0.00377022 -4.29475e-05 -0.0120361 0.000246453 0.00410598 -0.0100229 0.00729446 0.000539039 0.0103174 0.0170507 0.0416734 -0.00759041 0.0168747 0.023744 -0.0112286 0.00305653 0.00982594 0.0154046 0.0353697 0.00461216
internal_weight=16638.7 792.044 263.021 122.636 140.385 24.9685 115.417 15846.6 582.827 15263.8 1829.37 13434.4 379.241 12843.2 1814.76 353.139 944.922 292.119 652.803 338.706 47.1202 195.052 97.0676 80.444 177.473 314.097 187.475 149.29 52.384 96.906
internal_count=359604 26232 8936 4998 3938 726 3212 333372 10728 322644 29009 293635 7747 279787 28484 7010 14825 4065 10760 5629 632 2711 1354 1138 2363 5131 2678 2153 826 1327
is_linear=0
shrinkage=0.05


Tree=71
num_leaves=31
num_cat=0
split_feature=10 11 12 5 8 8 19 7 11 11 12 12 19 23 5 2 10 21 19 11 21 20 3 21 3 20 11 8 6 20
split_gain=7.85374 10.7201 10.1357 9.16854 13.0913 12.4039 12.5941 10.6323 10.092 12.5023 12.3664 11.2252 11.2456 11.1738 10.7694 10.1087 11.3294 10.1041 9.38276 10.299 10.7256 9.54156 13.4436 9.25873 11.9296 18.452 10.6382 9.21463 16.1059 8.84987
threshold=1.0000000180025095e-35 0.24204964935779574 0.00022418783919420096 0.0010341796441935005 0.00045549440255854284 0.00018163654749514538 -0.00037164358946029091 0.00024338302318938079 0.0032151562627404933 0.17725129425525668 0.0011951276101171973 0.00077762058936059486 -0.0014588778722099958 -0.00080448901280760754 0.00030351419991347944 -0.00022724690643372011 0.40683798491954809 0.00034244463313370948 -0.0005508428148459642 0.1853994354605675 -6.8968372943345444e-05 0.00031997355108615016 0.00024163344642147425 -0.0021269082790240641 -0.00031444893102161581 0.00060843257233500491 0.21092243492603305 0.00024551928800065076 -0.00021131968969712031 -0.000172500847838819
decision_type=2 2 2 2 2 2 2 2 2 2 2 2 2 2 2 2 2 2 2 2 2 2 2 2 2 2 2 2 2 2
left_child=-1 3 -3 4 5 8 7 -7 -2 -10 11 12 -11 23 17 16 -16 -14 -17 -20 -21 22 -22 -13 26 -26 -25 28 -8 -30
right_child=1 2 -4 -5 -6 6 27 -9 9 10 -12 13 14 -15 15 18 -18 -19 19 20 21 -23 -24 24 25 -27 -28 -29 29 -31
leaf_value=-0.0070138118322928466 0.010537866248926893 -0.0076973926732519923 -0.00032526608271032215 0.0051424660766680487 -0.022476339665164727 0.017792062627541919 0.077270424049302275 0.071003270461552109 -0.0024212859703776129 -0.0084398125787144666 -0.013655060662124394 -0.010575622589047932 -0.020079563410856691 -0.024976017387530001 -0.0061632896704454463 0.059937390978602248 0.050064667144346479 0.015208303349374201 0.063567388025112262 -0.023790909625278515 0.0033188574562039354 0.0067611779994037145 0.077147280188448131 0.030002819093232783 -0.01006694760997455 0.052550190799080736 0.085627013257374124 -0.0038530505724596029 -0.026405484549473907 0.021881993493724626
leaf_weight=383.97615148872137 211.79951570089906 487.5274956272915 10678.295662418939 1681.1848648227751 60.199493480846286 128.21650651469827 10.017331978306173 10.129341730847953 2259.6647569807246 111.98486710898578 69.724587704986334 12.909247482195495 45.717874297872186 10.768147118389605 58.110339527949691 18.053039552643895 10.591540882363914 36.466050493530929 11.98624970205128 15.268391367048023 10.529242647811772 37.002041375264525 14.879999589174984 17.448820108547807 25.595424734055996 21.773493424057961 16.941355936229229 157.30317659303546 13.663310324773191 31.056333953514695
leaf_count=12423 3471 16106 230061 26637 1566 3050 231 260 49228 2698 1243 251 1550 233 1186 360 207 1096 252 333 215 826 285 346 515 431 332 3492 391 831
internal_value=5.41198e-05 0.000220876 -0.000647151 0.00211797 0.00063459 0.00104772 0.00995242 0.0216881 1.36306e-05 -0.000780914 0.006011 0.00889153 0.0047961 0.0232862 0.0105277 0.0174918 0.00250519 -0.00442189 0.0270501 0.0204287 0.0137723 0.0229618 0.0465538 0.0287758 0.0349892 0.0187155 0.0574045 0.00229548 0.0199651 0.00712859
internal_weight=16658.8 16274.8 11165.8 5108.99 3427.8 3367.6 350.386 138.346 3017.21 2805.42 545.751 476.026 370.59 105.436 258.605 176.421 68.7019 82.1839 107.719 89.6659 77.6797 62.4113 25.4092 94.6683 81.7591 47.3689 34.3902 212.04 54.737 44.7196
internal_count=360106 347683 246167 101516 74879 73313 8255 3310 65058 61587 12359 11116 9008 2108 6310 3664 1393 2646 2271 1911 1659 1326 500 1875 1624 946 678 4945 1453 1222
is_linear=0
shrinkage=0.05


Tree=72
num_leaves=31
num_cat=0
split_feature=15 9 19 9 9 11 21 14 15 15 13 13 13 23 15 3 23 13 14 15 0 6 0 7 13 0 0 0 3 9
split_gain=9.64345 9.29071 9.33961 8.83304 8.02781 7.58261 7.38243 7.25399 12.0187 13.1425 10.9728 9.00847 8.31725 7.41514 8.79613 7.19577 7.71924 7.04408 7.93654 18.0789 16.3027 9.08293 9.69912 9.02483 9.75109 13.3495 14.7208 13.1366 9.95357 9.80259
threshold=0.002972217160277069 0.48083996772766119 -0.010071486700326203 2.8655604124069218 1.0000000180025095e-35 9.0494503974914569 0.0028942027129232888 0.00086499197641387593 0.00150385859888047 0.0013749990030191841 0.0022151885787025098 0.0014353514998219909 0.00085066043538972746 -0.0042370841838419429 0.0010249934275634589 -0.0042505916208028785 -0.0059164734557270995 0.0036898811813443903 0.0015649400884285571 0.0013882431085221472 -0.0024459849810227747 -0.001666207972448319 -0.0027318258071318264 0.0017671518726274373 0.0010797232971526685 -0.0013519252534024415 -0.0010928298579528926 0.0012883796007372441 -0.0010407529189251361 2.3299387693405156
decision_type=2 2 2 2 2 2 2 2 2 2 2 2 2 2 2 2 2 2 2 2 2 2 2 2 2 2 2 2 2 2
left_child=3 2 -2 4 7 17 15 -1 9 11 -10 12 13 -9 -15 16 -5 18 19 20 -6 22 -21 24 25 28 -27 -28 -22 -26
right_child=1 -3 -4 6 5 -7 -8 8 10 -11 -12 -13 -14 14 -16 -17 -18 -19 -20 21 23 -23 -24 -25 29 26 27 -29 -30 -31
leaf_value=-0.019999355997843138 0.042393170149570877 0.0010582984179602806 0.011358761700804833 -0.00725443188043161 -0.024818470129079673 -0.019136109701223442 0.011771573588286089 -0.017366665449396825 -0.029632802942374623 0.059844166208133612 -0.00076041004913329421 0.045189601649472749 -0.0099886022761371644 0.076037498988006769 0.00038628459440973175 -0.013863180298748083 0.037149231435531331 -0.016661688276731337 0.003021369895324923 -0.024790616435994142 -0.0036246691908644285 -0.0098618969875969228 0.017669422096356101 -0.024961217102779647 0.0025650648508082417 0.010767683647512287 0.00016476990507537461 -0.01038019686414174 -0.022853204992534779 0.015676536956199399
leaf_weight=86.367948772385716 29.398006832227111 212.5379900643602 138.24521150905639 28.132372132502496 63.931525750085711 50.117688081227243 41.541549762710929 7.2669903058558729 59.147542392835021 11.183074455708264 74.174774857237935 11.310536788776515 75.101094765588641 8.99443203024566 6.7080025151371947 258.66942987963557 15.009678741917012 60.659539237618446 2449.831946618855 17.287724632769823 182.0827443273738 627.77050126250833 60.581121571362019 34.715511980466545 2328.2300020605326 317.28561359085143 8846.1039734762162 305.54812397062778 106.76416635047644 151.85105635691434
leaf_count=3848 431 3043 2104 601 1378 1651 920 227 2059 317 2113 300 2123 270 206 6750 387 689 40594 282 3475 12555 999 1099 40207 4694 215967 6140 1980 2743
internal_value=0.000128214 0.00800013 0.016801 -5.55444e-05 0.000115338 0.000281024 -0.0079902 -0.00748236 -0.00322429 0.00821561 -0.0135695 0.00293712 -0.00193588 0.0243934 0.0437197 -0.0107102 0.00819418 0.000343595 0.00041018 -8.03052e-05 0.000364916 -0.007864 0.00824284 0.000496104 0.00056832 -0.000143223 0.000179783 -0.000187297 -0.010732 0.00336786
internal_weight=16666.5 380.181 167.643 16286.4 15943 15602.8 343.353 340.254 253.886 120.564 133.322 109.381 98.0705 22.9694 15.7024 301.811 43.1421 15552.6 15492 13042.2 12336.5 705.639 77.8688 12272.6 12237.9 9757.78 9468.94 9151.65 288.847 2480.08
internal_count=360152 5578 2535 354574 345916 334453 8658 11463 7615 3443 4172 3126 2826 703 476 7738 988 332802 332113 291519 277683 13836 1281 276305 275206 232256 226801 222107 5455 42950
is_linear=0
shrinkage=0.05


Tree=73
num_leaves=31
num_cat=0
split_feature=7 7 14 9 21 7 14 15 0 15 8 23 21 17 4 6 17 23 22 10 11 5 8 0 10 19 23 5 20 0
split_gain=9.43521 18.8214 10.6092 10.2905 11.3783 10.1435 19.0436 9.52925 10.7738 9.43498 9.29395 8.83655 8.70272 21.5606 17.4921 13.146 11.8151 10.9492 9.86124 9.66309 11.6008 9.02207 9.0307 8.85273 8.63103 11.0074 8.06334 20.2282 15.43 12.4835
threshold=0.00049125391524285089 0.00098349910695105813 0.00020775100711034614 2.9999421834945683 -0.0035647791810333724 0.0011527381138876083 0.0012795133516192438 0.002972217160277069 -0.0035506469430401917 0.0014669355005025866 0.0027564490446820859 1.0000000180025095e-35 -0.00057149183703586448 -0.001704989233985543 -0.0050397480372339478 -0.0010536852641962466 -0.0046433794777840367 -0.0053094581235200158 0.00037690892349928623 1.3614711165428164 1.6592513322830202 0.0031516744056716566 0.0018379538087174299 0.0018658993067219856 3.0919106006622319 0.0011671892716549339 -0.00090556839131750156 1.0000000180025095e-35 0.0044900579378008851 0.00030338655051309621
decision_type=2 2 2 2 2 2 2 2 2 2 2 2 2 2 2 2 2 2 2 2 2 2 2 2 2 2 2 2 2 2
left_child=2 -2 -1 7 -5 11 -7 8 9 -4 -8 24 14 17 15 -10 23 -14 19 20 -16 22 -18 -17 -3 -26 -15 28 -28 -29
right_child=1 5 3 4 -6 6 10 -9 12 -11 -12 -13 13 26 18 16 21 -19 -20 -21 -22 -23 -24 -25 25 -27 27 29 -30 -31
leaf_value=-0.012045489602059541 -0.0094454201382147308 0.003087464808470631 -0.046793100832421136 0.028899290132358386 -0.021784242707435248 -0.021540780923920238 0.001858516758817803 0.0090303374474830708 0.012058849106883159 -0.0082921797612567315 -0.029879469525168536 0.052670344209070602 -0.0070897280774619214 0.0020433542670860562 -0.0011858533357256246 -0.010587730337913263 0.0049334178716195498 0.02054139420826542 -0.011503628530100484 -0.007322358311407636 0.029336793738835343 0.049758454790577493 -0.040982705055567586 0.017884867692999431 0.047216074242009499 -0.0074752781857508298 -0.013848605761612877 -0.0035560527230651877 0.02408230005770693 0.003206577293704293
leaf_weight=175.66634134575725 796.20540005899966 418.49261611886322 17.827228855341673 12.639003371819852 89.399355188012123 118.6625709887594 538.8169072503224 314.91414725221694 352.72522278502584 148.15627453662455 24.098126493394375 10.019767644815145 43.350892551243305 5581.2265968844295 2610.7541804388165 259.84218392334878 516.92456496041268 207.29003217630088 313.18093587178737 729.55284308455884 31.506065634079278 10.987866805866359 10.935087712481616 30.504998300224543 25.441429340280592 14.411313446238635 395.13676210492849 1155.1593296825886 28.763127330690622 1667.4756549196318
leaf_count=4452 20042 8395 447 223 2166 3761 10463 4520 5344 1814 648 286 699 118696 57623 5245 10437 4003 6575 17516 683 162 208 333 624 383 11055 33719 476 28874
internal_value=-0.000264505 -0.00353615 0.000168516 0.0003162 -0.0155063 0.000555348 -0.00333744 0.000428114 0.000236143 -0.0124273 0.000499829 0.00622024 0.00038687 0.00130142 -0.00131906 0.00397378 0.000534535 0.0157623 -0.00301668 -0.0022284 -0.000821904 0.00491567 0.00398222 -0.00759629 0.0052048 0.0274389 0.000890837 -0.00109049 -0.0112749 0.000438981
internal_weight=16650.1 1946.15 14703.9 14528.3 102.038 1149.94 681.578 14426.2 14111.3 165.984 562.915 468.365 13945.3 9078.4 4866.91 1181.92 829.195 250.641 3684.99 3371.81 2642.26 538.848 527.86 290.347 458.345 39.8527 8827.76 3246.53 423.9 2822.63
internal_count=359872 44602 315270 310818 2389 24560 14872 308429 303909 2261 11111 9688 301648 197522 104126 21729 16385 4702 82397 75822 58306 10807 10645 5578 9402 1007 192820 74124 11531 62593
is_linear=0
shrinkage=0.05


Tree=74
num_leaves=31
num_cat=0
split_feature=24 24 11 0 0 5 13 11 8 3 3 15 15 21 20 7 3 15 0 4 11 15 1 1 10 9 20 21 4 5
split_gain=8.35377 12.9436 10.6116 7.81581 31.2716 15.2467 15.1224 12.7545 11.7173 9.50476 24.8422 15.1172 9.4862 9.01812 25.8936 15.2855 12.1084 9.47583 9.83698 10.6311 8.34622 11.3134 8.85406 9.85982 10.8594 9.0884 9.24605 8.51356 8.28936 8.64271
threshold=0.019753580912947658 0.016964559443295005 1.8220827579498293 -0.00010664960063877514 4.7425690354430123e-05 1.0000000180025095e-35 0.00058580751647241424 0.44801813364028936 0.0015216069878078999 0.0010091948788613083 0.0015777136432006957 0.00071467296220362197 0.0032281965250149374 -0.00049875941476784636 -0.001602328731678426 0.00053119909716770064 -0.0016812687972560523 0.00062052876455709349 0.0032908273860812192 0.013009641319513323 0.070127494633197798 0.00093563282280229043 0.00089931429829448472 0.0015601177001371982 0.77379482984542858 0.12293457239866258 0.0015779140521772208 0.00042109789501409983 0.014692774973809721 0.0005358823691494764
decision_type=2 2 2 2 2 2 2 2 2 2 2 2 2 2 2 2 2 2 2 2 2 2 2 2 2 2 2 2 2 2
left_child=1 3 -3 8 5 6 9 -7 -1 -5 11 -11 -9 -6 -15 16 -16 -17 19 -19 -8 -22 25 27 -25 -23 -27 -24 29 -18
right_child=-2 2 -4 4 13 7 20 12 -10 10 -12 -13 -14 14 15 17 28 18 -20 -21 21 22 23 24 -26 26 -28 -29 -30 -31
leaf_value=0.0014351902050795788 0.017036714681552236 -0.032039620059548558 0.019335349168480367 -0.020693211006242905 -0.0024367088553598473 -0.004094023994393097 -0.0028245760242394278 -0.012522360815204529 -0.014134081447512376 0.017785547713629054 -0.022463523931876853 0.12225688501459936 0.05564263393921666 0.073858531329731567 0.018338761057146474 -0.035603731419495015 -0.0010821515798419496 -0.0051274051996785287 -0.039864500943622323 0.045588042397050312 0.017497928922056368 0.028157023551628337 0.080881756967131291 -0.008779472436014471 0.028669100003309279 -0.0021188752962906453 -0.032349003879687969 0.011971296236814402 0.039907346598559941 0.0035548964749075197
leaf_weight=6339.4260271098465 69.723777966573834 53.612260334193707 12.370384956710039 141.02423215750605 1540.2705810358748 1064.3671496324241 693.29514883086085 911.401502286084 123.19404468685389 8.7055473774671537 25.926836371421814 5.7497004121541968 5.1327310074120751 12.481432842090724 118.42181954905391 28.162929210811853 1500.1601861938834 340.19217128958553 19.737616705708206 10.657022148370741 143.27847103960812 22.394266795367002 9.3891919888556021 46.031817145645618 33.408808058127761 282.58436820097268 27.780530478805304 8.5759947896003705 14.485875297337769 3043.5319377398118
leaf_count=115263 1169 905 253 6760 29793 37390 19029 36947 2469 423 1047 195 195 193 1637 1064 30549 7662 513 219 4097 565 232 1161 877 7286 744 221 175 50893
internal_value=-0.000233987 -0.00030659 -0.0224079 -0.000218314 -0.00109012 -0.00496641 -0.00106702 -0.00781707 0.0011384 -0.0145688 0.006819 0.0593399 -0.0121406 0.000915271 0.00193004 0.00175315 0.00255439 -0.00764391 -0.00551909 -0.00358693 0.00086654 0.00532911 0.00127595 0.0145345 0.00696955 -0.00260512 -0.00482475 0.0479861 0.00214431 0.00202391
internal_weight=16655.5 16585.8 65.9826 16519.8 10057.1 3429.05 1448.14 1980.9 6462.62 181.406 40.3821 14.4552 916.534 6628.1 5087.83 5075.35 4676.6 398.75 370.587 350.849 1266.74 573.443 430.165 97.4058 79.4406 332.759 310.365 17.9652 4558.18 4543.69
internal_count=359926 358757 1158 357599 239867 117169 42637 74532 117732 8425 1665 618 37142 122698 92905 92712 83254 9458 8394 7881 34212 15183 11086 2491 2038 8595 8030 453 81617 81442
is_linear=0
shrinkage=0.05


Tree=75
num_leaves=31
num_cat=0
split_feature=11 1 14 2 9 9 13 15 19 15 20 9 15 7 7 7 9 1 20 11 14 11 2 4 23 12 1 1 5 4
split_gain=7.91179 9.81037 9.51406 12.2283 8.99015 9.0732 7.94895 15.4293 11.2073 15.3291 18.005 11.987 10.5301 10.5072 17.9272 22.702 20.9072 12.9756 11.9672 11.6393 12.2117 9.84464 9.64766 11.3205 13.1093 12.2128 9.44718 11.588 11.8984 10.1135
threshold=0.31230723857879644 -0.0050744253676384679 0.002635703189298511 0.0043070227839052686 2.5025138854980473 0.0024048829218372707 0.00040329666808247572 0.00036458822432905441 -0.0050249625928699962 0.00067659732303582143 -0.00065917195752263058 2.4138758182525639 0.0009504435001872481 0.00029463977261912083 1.329637413505225e-07 1.3662561741512038e-05 1.5092642903327944 0.00058054176042787742 0.0020893339533358817 1.8220827579498293 0.001738327613566071 1.7538250088691714 0.0033340682275593285 0.0048788448330014953 -0.00073364880518056441 0.0013062859652563932 -0.00060090285842306901 -0.00065829171217046667 0.00031803653109818702 -0.0033740878570824857
decision_type=2 2 2 2 2 2 2 2 2 2 2 2 2 2 2 2 2 2 2 2 2 2 2 2 2 2 2 2 2 2
left_child=1 -1 3 4 5 -3 7 -2 9 10 -9 12 -10 14 -8 16 17 -16 19 21 -21 -15 26 24 -24 -25 27 28 -17 -30
right_child=6 2 -4 -5 -6 -7 13 8 11 -11 -12 -13 -14 18 15 22 -18 -19 -20 20 -22 -23 23 25 -26 -27 -28 -29 29 -31
leaf_value=-0.014733681184406195 -5.323129058400823e-05 -0.0065710993497348699 0.0088736068936157257 -0.012510113370131701 -0.01465995829058328 0.0021676433702579024 -0.00050319238970751611 -0.0021970303084656037 -0.010150012841536549 -0.032503364426832104 0.10935503192612184 -0.035649114036339899 0.047623867515699358 -0.0035349816874710237 0.040759679693390408 0.066023738884868899 0.10652808292451277 -0.024031039664502485 -0.012005065446930635 0.0012747644345131102 0.022368156372903278 -0.036159422906424626 0.014523666306151534 -0.02958299723033225 0.091456399473063013 0.042124338327368956 0.00082543008606703614 0.05513173073828366 0.02194026324785996 0.0011417398174391742
leaf_weight=93.538391692563891 939.14361143205315 314.38203775882721 417.49372517876327 161.38305192999542 85.385031666606665 5382.0593826584518 5371.46339114476 7.0404408359900126 570.7660423303023 7.6179545829072586 7.43952107615769 46.840678429231048 7.9974767025560132 1289.3894145814702 29.478061147034168 8.9123527854680997 9.4350385386496765 10.473055899143217 336.6060883635655 376.42387720290571 83.91097838524729 23.545771159231663 11.054856060072781 12.893206778913738 11.094336901791392 11.00698330067098 727.36935121845454 14.386383267119525 83.249535496346653 196.19996630772948
leaf_count=1617 21964 10305 6251 3229 1999 110712 106674 214 17981 238 227 1699 247 29236 695 278 237 234 8578 10285 1703 546 208 288 254 211 17224 341 1742 4556
internal_value=-2.86479e-05 0.0013412 0.00157759 0.00106506 0.00144397 0.00168536 -0.000895974 -0.0041477 -0.0100845 0.0249106 0.0551162 -0.0113206 -0.00935168 -0.000296456 0.000699089 0.00643672 0.0395847 0.023775 -0.00336208 -0.00172144 0.00511972 -0.00412006 0.00491554 0.0273065 0.0530586 0.00344107 0.00391459 0.0113365 0.00915153 0.00733773
internal_weight=16648 6454.24 6360.7 5943.21 5781.83 5696.44 10193.7 1586.85 647.702 22.0979 14.48 625.604 578.764 8606.89 6497.02 1125.55 49.3862 39.9511 2109.88 1773.27 460.335 1312.94 1076.17 46.0494 22.1492 23.9002 1030.12 302.748 288.362 279.45
internal_count=359973 134113 132496 126245 123016 121017 225860 42570 20606 679 441 19927 18228 183290 132942 26268 1166 929 50348 41770 11988 29782 25102 961 462 499 24141 6917 6576 6298
is_linear=0
shrinkage=0.05


Tree=76
num_leaves=31
num_cat=0
split_feature=19 4 6 6 10 22 7 6 3 6 8 1 3 21 13 21 4 15 1 5 1 19 19 19 1 0 0 2 0 9
split_gain=7.98795 13.1681 10.2207 18.9375 13.8425 14.992 9.97823 8.81835 12.7955 9.67584 8.92913 8.81321 9.82334 19.2537 26.3015 15.4795 9.17488 8.94352 8.75669 8.84916 11.8039 8.59662 9.15227 17.363 8.32418 8.26821 11.7893 16.9633 12.4409 11.7316
threshold=0.00032831737189553683 0.00090424090740270923 -0.0010916368337348101 -0.0014641972375102339 1.6043108701705935 0.0018120504682883622 0.0028420630842447285 0.0017669795779511335 0.0035651247017085557 0.0011416709749028089 0.00089144217781722556 0.0050272317603230485 0.0023831983562558894 0.00080024386988952767 0.00079182960325852047 0.00062554454780183743 0.0015549902454949918 0.0030819254461675887 -0.00065829171217046667 0.002017691964283586 0.0016078606713563206 0.0076170917600393304 0.0027495818212628369 0.0024606010410934691 0.0031475410796701912 4.7425690354430123e-05 0.00028028884844388818 -0.0012213205336593089 0.00030338655051309621 0.28980793058872228
decision_type=2 2 2 2 2 2 2 2 2 2 2 2 2 2 2 2 2 2 2 2 2 2 2 2 2 2 2 2 2 2
left_child=7 2 3 21 5 -4 25 9 10 11 18 12 16 14 -14 -16 -1 -18 -9 20 -20 22 23 -2 -11 -3 27 -27 -28 -29
right_child=1 6 4 -5 -6 -7 -8 8 -10 24 -12 -13 13 -15 15 -17 17 -19 19 -21 -22 -23 -24 -25 -26 26 28 29 -30 -31
leaf_value=0.0010735504520765409 -0.0084372422326113514 -0.0017050857969752396 -0.002003305237114973 0.028196998208330062 -0.013628629771370377 -0.016003951409031984 -0.029074074377272215 -0.01594929540160361 -0.012471815372069149 -0.010884394309290647 0.039709083489561273 -0.017976785430762945 0.083118392499341873 0.0028623109976666588 0.0071430430140795578 0.062304956205022854 -0.0057326360170597912 0.035005404649778353 0.068922019281744615 0.0090768610516765349 0.011054983247489172 0.019375427320563802 -0.018411903730613615 0.051697507577808367 0.016059807293402326 0.070941606705018312 -0.033067825041407116 0.037559307544540482 0.0018135631711798 0.0049821980828280198
leaf_weight=7146.858190828003 48.666813637129962 2263.1340214936063 1875.7537251384929 67.360749468207359 395.80021854676306 212.91056384332478 28.764419412240386 29.48355901800096 61.491721366532147 278.35579380299896 27.454779331572354 61.5249291844666 16.927697168663144 499.59049502387643 82.796751683577895 15.026005389168857 684.61147925443947 13.742941904813049 15.399853324517606 221.13216602895409 20.60204729065299 35.711543377488852 87.600904451683164 15.933656784705816 31.955709429457784 12.178835794329641 25.867612278088927 32.91425534337759 2166.9894396048039 172.32849082536995
leaf_count=155303 899 57137 44719 1139 10293 4420 734 430 907 4615 387 1148 369 10400 1412 275 15367 204 247 3251 314 525 1452 252 483 311 628 909 36378 5210
internal_value=-0.00010266 -0.00132084 -0.00407624 0.00545107 -0.00505515 -0.00343048 0.000284602 0.000881984 0.00838573 0.00056288 0.0124694 0.000878708 0.00101584 0.00710453 0.0255739 0.0156162 0.00053905 -0.00493095 0.00986013 0.0128195 0.0358077 -0.00270262 -0.00788286 0.00639495 -0.0081097 0.000465302 0.00250319 0.0136086 0.00140209 0.0102065
internal_weight=16648.9 7441.92 2739.74 255.274 2484.46 2088.66 4702.18 9206.95 375.564 8831.39 314.072 8521.08 8459.55 614.341 114.75 97.8228 7845.21 698.354 286.618 257.134 36.0019 187.913 152.201 64.6005 310.312 4673.41 2410.28 217.422 2192.86 205.243
internal_count=360118 165006 63699 4267 59432 49139 101307 195112 5536 189576 4629 184478 183330 12456 2056 1687 170874 15571 4242 3812 561 3128 2603 1151 5098 100573 43436 6430 37006 6119
is_linear=0
shrinkage=0.05


Tree=77
num_leaves=31
num_cat=0
split_feature=23 24 11 3 3 14 9 21 11 13 24 21 23 1 24 20 13 1 1 4 19 14 3 3 8 14 4 4 14 14
split_gain=9.42151 12.4422 7.55086 9.91462 9.87685 8.2895 7.49888 7.76055 10.9586 9.36789 7.26638 10.9878 7.22785 9.71115 18.4911 11.7574 11.3746 10.1223 14.7876 17.4144 9.09269 8.87617 8.57619 7.4624 7.23103 7.18627 7.37677 8.39082 8.21237 9.51277
threshold=-0.010069642215967177 0.0048846532590687284 0.3274283260107041 -0.0027593515114858742 0.010526881553232672 0.00021763713448308411 0.38122409582138067 -0.0016458764439448712 0.6216440498828889 0.0018555687274783852 0.0056503198575228461 -0.00014591750368708742 -0.014296762645244597 -0.0037867467617616053 1.0000000180025095e-35 -0.0021731881424784656 0.0015274236211553218 -0.0010775281698442993 -0.0001859600160969421 -0.0087855271995067579 -0.0052622926887124768 0.0019632889889180665 -0.00658911233767867 -0.011205689515918492 0.00058222468942403804 0.0032240003347396855 -0.00030418251117225731 -0.00110491132363677 0.00060661244788207125 0.00065973435994237672
decision_type=2 2 2 2 2 2 2 2 2 2 2 2 2 2 2 2 2 2 2 2 2 2 2 2 2 2 2 2 2 2
left_child=1 12 3 10 -5 -4 7 8 9 -7 25 -12 20 -14 15 16 22 -16 19 -19 23 -18 -15 24 -1 26 27 28 -2 -30
right_child=2 -3 5 4 -6 6 -8 -9 -10 -11 11 -13 13 14 17 -17 21 18 -20 -21 -22 -23 -24 -25 -26 -27 -28 -29 29 -31
leaf_value=0.0056924762784739645 -0.0343510349120957 -0.0064533680202434251 -0.012085907328671455 0.002210068607773839 -0.031233732198919385 -0.011774571595876422 -0.00026768875905903403 -0.0030082579442270389 -0.035151856022235022 0.038040605149382289 0.040000665297011129 -0.013570323480182223 -0.0015211451682222454 0.046180499412369957 -0.0057553482023949727 0.00088600429537602607 0.087585425599572678 0.015361051164004587 0.0075377144453484916 0.088342297192333469 -0.020841885299199683 0.041543595010369291 0.0034908319427903907 0.013656838239291862 -0.034690316473538943 0.021836724492613781 -0.015891740088265559 0.023176786891852777 0.039466951908909254 -0.0046846771696783321
leaf_weight=27.510031590238214 22.609081238508224 171.20571868307889 161.69044300355017 5600.9850854268298 22.163710946217179 79.425702212378383 8621.9931219732389 541.88597678206861 49.422584963962436 10.710130847990511 22.175935817882419 16.840621525421739 102.08163771033287 21.924678348004818 85.433478197082877 23.630381792783737 16.488381905481219 20.232334742322564 122.07892218790948 13.714427212253211 39.606397522613406 28.668775336816907 25.388588590547442 102.20515558682382 18.566930681467056 23.563827399164438 153.1362539883703 28.096771948039532 12.538932008668779 451.10435530170798
leaf_count=348 658 2616 4021 118979 362 1623 194417 11892 1020 160 367 270 1718 361 1411 482 250 354 2059 239 634 401 467 1585 332 318 3086 576 333 8529
internal_value=0.000303856 0.00553384 3.31593e-05 0.00136654 0.00207825 -0.000861837 -0.000666767 -0.00571611 -0.0162303 -0.00585543 -0.00411522 0.016878 0.00870324 0.0120807 0.0159639 0.0323616 0.040405 0.00807942 0.0156548 0.0448453 0.000440872 0.058355 0.023273 0.00612553 -0.01058 -0.00530049 -0.0062585 -0.00339042 -0.00492553 -0.00349062
internal_weight=16637.1 818.736 15818.3 6353.21 5623.15 9465.13 9303.44 681.444 139.558 90.1358 730.066 39.0166 647.53 459.642 357.56 116.101 92.4704 241.459 156.026 33.9468 187.889 45.1572 47.3133 148.282 46.077 691.049 667.485 514.349 486.252 463.643
internal_count=359868 13257 346611 133478 119341 213133 209112 14695 2803 1783 14137 637 10641 7742 6024 1961 1479 4063 2652 593 2899 651 828 2265 680 13500 13182 10096 9520 8862
is_linear=0
shrinkage=0.05


Tree=78
num_leaves=31
num_cat=0
split_feature=11 9 21 6 0 0 11 12 6 5 23 0 14 15 5 14 10 3 23 8 4 1 1 5 10 3 13 24 20 1
split_gain=6.7656 7.60453 10.9956 7.62265 17.2878 11.0443 15.824 10.6907 16.9979 16.5525 13.5215 12.3094 14.5617 13.1491 12.2165 8.67859 10.6927 17.072 9.12708 8.4535 8.44111 9.36648 12.8838 10.7128 8.06965 7.94621 8.88549 7.89602 9.91091 13.63
threshold=9.0494503974914569 2.9999421834945683 -0.0030715004540979858 -0.0010372248943895099 -0.00090494006872177113 -0.0015278005157597361 0.095067046582698836 0.0028378507122397427 -0.0014641972375102339 0.0016695096273906531 -0.0031006338540464635 -0.0027318258071318264 0.0018327785073779526 0.00072878203354775916 0.0053215087391436109 0.00053949884022586058 2.5798944234848027 -0.0021824911236762996 -0.002958432305604219 0.0010743447346612813 0.0098068960942327994 -0.0052209587302058926 -0.0025124312378466125 0.0029765448998659854 0.84352403879165661 -0.0046433794777840367 0.00058151708799414348 0.011768779717385771 0.00095221953233703982 0.00010958303755614908
decision_type=2 2 2 2 2 2 2 2 2 2 2 2 2 2 2 2 2 2 2 2 2 2 2 2 2 2 2 2 2 2
left_child=1 3 -3 4 7 6 -5 8 9 -1 11 12 -11 -13 27 -10 19 -18 -19 25 21 -9 24 -24 -23 -17 -27 28 29 -15
right_child=-2 2 -4 5 -6 -7 -8 20 15 10 -12 13 -14 14 -16 16 17 18 -20 -21 -22 22 23 -25 -26 26 -28 -29 -30 -31
leaf_value=-0.016207846764663709 -0.014110726448487904 0.022648031889013136 -0.021727334011655098 0.0034512767234169844 -0.010456379284097435 -5.1814938694783683e-05 -0.01322280641239168 -0.00089730593221615392 -0.019916164167786608 -0.02061007108950574 -0.013294172577608614 -0.036404404018667007 0.0056769778486031441 0.012912107526461644 -0.034987451646268687 0.027790062232832004 -0.0035942771363776937 0.072882202366956986 0.026224116386212477 -0.020261714759957292 -0.012735433227762641 0.025892429108322526 0.038830537613542077 -0.003621151088551944 0.064621510997373288 0.042855842472378163 0.0063333907233372264 -0.024448197312019526 0.051086947567291735 -0.032212499383832249
leaf_weight=152.04783198982477 85.530985831283033 16.912239970639348 79.958771298639476 228.15206346660852 218.28723000641912 13744.099699402228 378.08764966204762 39.763725519180298 24.92438798956573 92.844384635798633 127.76681543886662 15.740736166015266 121.79112200438976 430.38582000136375 14.631558798253534 52.826010415330529 25.02976901922375 20.116999335587025 21.882684636861086 25.249656835570931 22.376881711184978 26.979242138564587 23.507986836135387 40.402905743569136 26.820997294038534 17.194269241765141 529.35908512398601 14.888963412493466 16.099333629012108 17.411406388506293
leaf_count=2204 2802 301 2026 2448 7171 313543 5249 450 694 1759 1951 458 1363 5976 180 633 474 338 383 390 283 250 230 422 288 334 6834 200 226 215
internal_value=-8.44237e-05 -1.20033e-05 -0.0139801 7.01588e-05 0.00286997 -0.000343136 -0.00694769 0.00440097 0.00318825 -0.00101157 0.00170176 0.0043489 -0.00569395 0.00858246 0.0100176 0.00907029 0.0101148 0.0290926 0.0485724 0.00807831 0.016 0.0200833 0.0271707 0.0119936 0.0452 0.00927218 0.00748237 0.011393 0.0125433 0.0111576
internal_weight=16651.1 16565.5 96.871 16468.7 2118.33 14350.3 606.24 1900.04 1720.19 1003.61 851.56 723.793 214.636 509.158 493.417 716.583 691.658 67.0295 41.9997 624.629 179.852 157.475 117.711 63.9109 53.8002 599.379 546.553 478.786 463.897 447.797
internal_count=360075 357273 2327 354946 33706 321240 7697 26535 24612 14532 12328 10377 3122 7255 6797 10080 9386 1195 721 8191 1923 1640 1190 652 538 7801 7168 6617 6417 6191
is_linear=0
shrinkage=0.05


Tree=79
num_leaves=31
num_cat=0
split_feature=14 15 5 15 14 5 13 15 5 8 11 14 5 5 5 20 13 14 16 9 13 14 14 5 1 11 21 5 3 5
split_gain=7.97062 22.8466 17.7882 11.2982 18.48 15.9196 9.48069 14.6159 20.167 17.3248 22.3181 12.9557 15.1199 23.073 17.7646 27.8707 13.7487 21.7326 12.2961 12.0942 11.4527 11.2677 11.2539 10.614 10.3295 10.2501 17.2096 10.2019 11.0317 13.988
threshold=0.00057530554477125417 0.00060524785658344637 0.0012174426228739323 0.00078187731560319673 0.00092007280909456323 0.0023513903142884378 0.00047812552656978374 0.0003863784513669089 0.00030121616146061575 0.00018163654749514538 0.17725129425525668 0.00035430694697424775 0.00032218224077951168 0.00060575467068701993 0.00066336215240880858 0.00065502038341946911 0.00030834450444672262 0.00027594492712523794 -0.0010845399228855965 0.51657697558403026 0.00030360018718056386 0.00029270534287206834 0.00021763713448308411 0.0003146728413412348 0.00030498260457534348 0.6216440498828889 9.2381193098844974e-05 0.00017523491260362792 0.00021246082178549844 0.00012152883573435248
decision_type=2 2 2 2 2 2 2 2 2 2 2 2 2 2 2 2 2 2 2 2 2 2 2 2 2 2 2 2 2 2
left_child=1 2 6 5 -5 -2 7 8 9 20 -11 12 16 18 15 22 17 23 -14 -19 -1 -20 -15 -10 -18 26 -25 28 29 -22
right_child=3 -3 -4 4 -6 -7 -8 -9 11 10 -12 -13 13 14 -16 -17 24 19 21 -21 27 -23 -24 25 -26 -27 -28 -29 -30 -31
leaf_value=-0.023344109263774931 0.0041276867747478451 -0.013149892518678281 -0.022415590940761079 -0.0044049761275159627 0.00087610505184480358 -0.033690868375409605 0.0048337201455106943 -0.0062554932717456303 0.0014649388702772798 0.11248716181387258 0.0022711796222163925 0.01507430188755552 0.027721822216489746 -0.022725804075815245 -0.014950491910371524 0.085047413573334479 -0.017834591402346382 0.0091809764917407787 -0.032154293101779551 0.040581105669889567 -0.025949035350240873 -0.0088109789832786431 0.013198375102857146 -0.012258407867458111 0.012975401131740573 0.052688343321158432 0.052996409668826495 -0.01328876375540811 0.047254731606259905 0.068661008835493725
leaf_weight=152.2532034702599 2303.2116223173216 414.3831677371636 92.278697854839265 2071.8618450099602 8263.3049463378266 28.166973530314863 743.41625150758773 1025.3208888871595 394.335230268538 6.0944632105529335 18.645100072026253 214.68626566138119 14.388300202786921 25.461163597181439 80.011925060302019 12.58227217197418 89.23495071940124 51.445026326924562 99.93751285225153 75.922875309363008 17.86947780568153 107.09000091068447 151.63355166837573 29.733144603669643 39.134625492617488 20.329808104783297 15.304609552025793 76.705753218382597 17.766360909678042 4.9999171774834386
leaf_count=7038 53646 12798 3194 47411 149838 1217 19575 31554 6953 215 763 5075 388 456 1976 207 1469 872 2827 1287 874 2874 2477 489 668 357 284 2505 785 200
internal_value=-8.7271e-05 -0.00203577 -0.000748092 0.000526662 -0.000182578 0.00367078 -0.000174247 -0.00153257 0.00129012 -0.0106223 0.0294223 0.00375716 0.00174344 -0.00501228 0.00480762 0.0131422 0.00638082 0.00962197 -0.0169731 0.0278983 -0.014297 -0.0200794 0.0080335 0.00455823 -0.00844189 0.0232187 0.00991631 -0.00255814 0.0176974 -0.00526452
internal_weight=16657.5 3990.96 3576.58 12666.5 10335.2 2331.38 3484.3 2740.89 1715.57 294.334 24.7396 1421.23 1206.54 491.105 269.689 189.677 715.44 587.071 221.416 127.368 269.595 207.028 177.095 459.703 128.37 65.3676 45.0378 117.342 40.6358 22.8694
internal_count=360272 108160 95362 252112 197249 54863 92168 72593 41039 12380 978 28659 23584 11205 5116 3140 12379 10242 6089 2159 11402 5701 2933 8083 2137 1130 773 4364 1859 1074
is_linear=0
shrinkage=0.05


Tree=80
num_leaves=31
num_cat=0
split_feature=14 1 6 11 9 11 22 13 21 23 20 0 7 0 0 5 13 11 9 12 11 4 0 14 1 20 15 19 23 4
split_gain=6.72851 13.7605 12.8848 10.9566 8.43225 7.93005 7.82969 8.32654 7.67089 6.85759 9.269 6.8061 22.3388 6.65117 26.2382 19.3944 13.2434 12.7335 10.1931 9.58724 10.8027 10.335 11.0972 15.3591 9.35321 9.58236 11.9116 9.18344 19.0682 8.99985
threshold=0.0028661498799920086 0.0035100040258839731 0.0034828042844310407 0.88410285115242015 2.8655604124069218 11.273856163024904 0.014090240467339756 0.0021796264918521051 -5.218467958911787e-05 -0.014296762645244597 -0.0026595407398417588 -0.0035506469430401917 0.0017305069486610594 -0.00010664960063877514 4.7425690354430123e-05 0.00021032337099313739 0.00054933776846155535 0.12489550933241846 0.82918047904968273 0.0028378507122397427 0.43621118366718298 0.00063393524033017467 -0.0001210795307997614 0.00046144044608809059 0.0001470956485718489 0.0009110590908676387 0.00094529910711571585 -0.0035486030392348762 -0.004877713741734623 0.00054857647046446811
decision_type=2 2 2 2 2 2 2 2 2 2 2 2 2 2 2 2 2 2 2 2 2 2 2 2 2 2 2 2 2 2
left_child=1 4 9 -4 5 11 8 -8 -3 10 -2 12 -1 19 15 16 -15 18 -18 21 -21 29 -23 -24 25 -19 -27 28 -26 -13
right_child=2 6 3 -5 -6 -7 7 -9 -10 -11 -12 13 -14 14 -16 -17 17 24 -20 20 -22 22 23 -25 27 26 -28 -29 -30 -31
leaf_value=-0.018557016120593434 0.00018821270621766409 0.012294170761468111 0.043792224980251142 0.0025617632206402308 -0.0084773525343960852 -0.034161611671441716 0.046992505243735889 -0.0088132626632071911 -0.012815884430678375 0.005149284691874134 -0.035586660702356249 0.0024503432419620062 0.040279551548989434 -0.010084062146477519 0.0013306168215080324 -0.0077782775997979406 -0.00015737973474941642 0.0079423506485884251 -0.025704622976354369 -0.0010539403382650199 0.032557389481422373 -0.0023097332799385598 -0.026733798615339727 0.045977133853799333 -0.0044951065582778827 0.035043071034090011 -0.033539195044797736 0.014480298076637489 0.088796719937631774 0.022402241929791424
leaf_weight=122.05459172092378 62.536196883767843 33.104728832840919 37.437083605676889 28.288631774485111 289.89106748998165 16.840317058376968 12.473435036838056 14.401516091078518 374.37038790341467 429.76363011263311 25.48400248028338 3971.8736047772691 18.589760951697826 253.05904851481318 6081.4902715859935 1756.9834625897929 609.702257335186 272.33228573203087 41.715898495167494 43.992777571082115 52.356303138658404 1828.616290490143 10.074432287365196 26.024290161207318 9.4028276726603526 8.0446644481271488 29.725420072674751 99.158672153949738 13.119511527940629 57.336487637832761
leaf_count=1783 780 578 396 365 7827 585 255 262 7653 6344 367 71301 189 12076 114140 65583 17304 7285 1125 439 668 36184 356 734 222 226 811 2662 332 1022
internal_value=-8.17774e-05 -0.000273561 0.00519233 0.0260465 -2.93418e-05 0.000130489 -0.00905182 0.0170878 -0.0107759 0.00254518 -0.0101695 0.000168219 -0.0107803 0.000269758 -0.000576347 -0.00432554 0.000214286 0.0026202 -0.00179339 0.00156566 0.0172105 0.00130991 -0.00176779 0.025685 0.00927885 0.00466911 -0.0189318 0.0210267 0.0498484 0.00273426
internal_weight=16630.2 16046.7 583.51 65.7257 15612.4 15322.5 434.35 26.875 407.475 517.784 88.0202 15305.7 140.644 15165 9174.73 3093.24 1336.26 1083.2 651.418 5990.27 96.3491 5893.93 1864.72 36.0987 431.783 310.102 37.7701 121.681 22.5223 4029.21
internal_count=359854 351602 8252 761 342854 335027 8748 517 8231 7491 1147 334442 1972 332470 221766 107626 42043 29967 18429 110704 1107 109597 37274 1090 11538 8322 1037 3216 554 72323
is_linear=0
shrinkage=0.05


Tree=81
num_leaves=31
num_cat=0
split_feature=9 14 15 4 4 22 13 0 13 24 20 11 12 7 24 22 7 9 2 3 11 11 5 2 24 4 12 12 6 3
split_gain=7.64303 6.76933 12.048 7.76248 7.65355 7.34319 7.1835 5.87648 12.289 11.4638 9.64379 7.86225 9.47391 8.05667 13.0211 7.72876 10.746 9.14223 7.95252 10.2098 7.80588 7.54608 7.50969 7.25432 7.18385 9.08127 7.50936 9.4702 9.71173 8.4515
threshold=2.6253339052200322 0.00065973435994237672 0.00035949464654549962 0.00036894241929985588 -0.00032947120780590916 -0.0010627019219100473 0.00046924283378757542 0.004809427075088025 0.0029121865518391137 0.007799991639330984 0.0026921170065179472 0.49838520586490637 0.0007708529883529992 0.0003949642123188824 0.019753580912947658 0.0070019173435866841 0.00011882835315191188 0.16114535927772525 0.0049281322862952956 0.0033488216577097778 0.31725116074085241 0.12096350267529489 0.0008193598478101195 0.0024458182742819194 0.0053196367807686338 0.0043399417772889146 0.00015846922178752723 0.00034305492590647196 0.00037736284139100468 -0.00079365016426891078
decision_type=2 2 2 2 2 2 2 2 2 2 2 2 2 2 2 2 2 2 2 2 2 2 2 2 2 2 2 2 2 2
left_child=7 2 3 4 5 -2 -3 10 23 -10 24 12 -12 14 22 16 17 18 19 -14 -18 -11 -13 -9 25 -1 -26 28 -28 -29
right_child=1 6 -4 -5 -6 -7 -8 8 9 21 11 13 15 -15 -16 -17 20 -19 -20 -21 -22 -23 -24 -25 26 -27 27 29 -30 -31
leaf_value=0.00018203793877884946 0.035820025164210088 0.037192142535272942 -0.025543609189058875 -0.023765852967401451 0.046317164142816974 -0.02924171824799935 -0.0032942061112701225 -0.031982759288201636 0.00027814943889440291 0.014529147093985112 -0.042326161534938858 -0.01811610612671739 0.058548295050966037 -0.010173510491809999 0.049608707485354564 -0.022592349249958878 0.062304253568987028 -0.019086640336803185 -0.010615190210328342 0.0041034838267607543 -0.00083287409153240681 0.047456616574296048 0.0038841230408727168 0.0029876456215670675 -0.024063855011943257 -0.010875879558267628 0.015073762579280567 0.010742613165981997 0.079931558913991965 0.0017592271779736882
leaf_weight=12324.726645511575 7.3615075862035146 11.145074764266608 90.206883493810892 15.375666208565233 14.538421482779087 10.555089319124816 646.40969593636692 21.078327476978302 48.626325082033873 32.983384527266026 23.08250936307013 44.698253318667412 11.84409826248884 174.81267059687525 14.347402729094027 75.55015872605145 9.9863982852548379 88.543236240744591 47.697177689522505 31.543464513495564 9.6028997655957919 36.827593883499503 293.39988803677261 50.025754822418094 25.252470252104104 188.50902223400772 24.557010740041733 302.50551516190171 7.5452189948409787 1946.3881868626922
leaf_count=274165 207 358 3329 380 339 278 14129 239 438 220 481 1015 191 4553 213 1386 232 1449 1112 576 216 380 5190 690 868 4157 684 5014 170 37201
internal_value=6.08875e-05 -0.00472114 -0.0147873 0.00549863 0.0193628 -0.00250938 -0.00260799 0.000301162 0.00905224 0.0189168 0.000195139 -0.00506592 -0.0115597 -0.00139753 0.00295535 -0.00897514 -0.00381102 -0.0076459 0.00347561 0.018966 0.0313537 0.0318995 0.000975583 -0.0073791 0.00048806 1.5453e-05 0.00305233 0.00335253 0.0303178 0.00296761
internal_weight=16629.7 795.592 138.038 47.8307 32.455 17.9166 657.555 15834.1 189.541 118.437 15644.6 825.108 297.85 527.258 352.446 274.767 199.217 179.628 91.0847 43.3876 19.5893 69.811 338.098 71.1041 14819.5 12513.2 2306.25 2281 32.1022 2248.89
internal_count=359860 19020 4533 1204 824 485 14487 340840 1967 1038 338873 16614 5643 10971 6418 5162 3776 3328 1879 767 448 600 6205 929 322259 278322 43937 43069 854 42215
is_linear=0
shrinkage=0.05


Tree=82
num_leaves=31
num_cat=0
split_feature=24 24 5 14 8 1 4 4 1 20 15 6 10 6 14 20 14 9 24 6 10 13 20 24 21 2 3 13 24 12
split_gain=9.24256 12.0006 8.20701 8.06461 9.02256 8.7235 10.6731 13.5036 7.99287 9.16336 17.2108 11.9351 11.1115 8.88449 13.6884 8.50443 8.26784 8.20074 8.12372 7.90014 7.86553 9.58298 10.0398 9.44793 8.00694 7.64916 7.45472 7.30116 12.0506 12.8768
threshold=0.019753580912947658 0.015349864028394224 0.001612289226613939 0.0032240003347396855 0.00031020576716400688 -0.0003045685298275202 -0.0093630058690905554 -0.0047388484235852948 0.0035100040258839731 0.0044900579378008851 0.0019785962067544465 0.00036437172093428677 1.578409790992737 0.00098238722421228907 0.00059346130001358699 0.0015779140521772208 0.0025731227360665803 2.6253339052200322 0.013441297225654127 1.0000000180025095e-35 1.8000793457031252 0.0041051974985748538 -0.00040073849959298963 0.010103865526616575 0.0024911712389439349 0.0053772870451211938 0.010526881553232672 0.001749591436237097 0.0068131375592201957 0.0031120569910854106
decision_type=2 2 2 2 2 2 2 2 2 2 2 2 2 2 2 2 2 2 2 2 2 2 2 2 2 2 2 2 2 2
left_child=1 3 -2 8 5 -5 -7 -8 13 11 19 -10 16 17 -15 -13 -12 26 25 -11 21 22 -9 24 -24 -16 27 -1 -29 -30
right_child=2 -3 -4 4 -6 6 7 20 9 10 12 15 -14 14 18 -17 -18 -19 -20 -21 -22 -23 23 -25 -26 -27 -28 28 29 -31
leaf_value=-0.00046788932081704966 0.055117556002591189 -0.015063553520820658 0.010228628175197393 -0.0018879132688248139 -0.017304517370042509 -0.012874895199135537 0.052324152975167439 -0.0030094403040181678 -0.022132412703766695 0.021511641743085175 -0.011943252097019371 0.02251975668398197 0.056884967140570168 -0.022590750094186398 0.0041280083313624339 -0.0075071297894618296 0.032835871725146355 -0.0061239907586784588 0.030717533152095911 -0.021334094003500489 -0.017333318749639778 -0.0046084294631263028 0.046844285347688197 0.071722775149889825 -0.0004823241046830757 -0.015913948118482481 -0.037875645885250692 0.00085809736768333467 0.016471588258722608 -0.010047004615639333
leaf_weight=11798.669170040637 12.271514402702449 132.42951214779168 59.808592675253749 81.367804082110524 30.339814661070704 23.971656544134021 31.132554544135928 17.207046333700418 141.32930679339916 13.444554473273454 21.177256552502513 28.449027692899108 18.052846692502499 49.704315723851323 1764.7849970515817 137.81327756494284 20.084316894412041 589.21710529178381 28.018644820898771 53.854723168537021 16.000131072476506 27.432001300156116 20.86003209464252 16.971245178952813 15.636045968160031 48.927145643159747 13.044164799153803 1116.0513892322779 263.98066143505275 55.380481712520123
leaf_count=273957 203 2373 972 957 483 311 407 255 3155 324 353 421 313 1665 27588 2490 259 15030 400 1241 241 293 285 217 198 757 285 18824 4794 841
internal_value=5.34648e-06 -7.23443e-05 0.0178709 4.83934e-05 0.00844744 0.0115655 0.0180347 0.0231364 -9.75939e-05 -0.00678966 0.00453165 -0.0114498 0.0241678 8.71576e-05 0.00330132 -0.00236925 0.00985325 -0.00035222 0.00400009 -0.0127747 0.0151728 0.0204743 0.03021 0.0409008 0.0265681 0.00358735 -9.5498e-05 -5.826e-05 0.00330877 0.011873
internal_weight=16647.4 16575.3 72.0801 16442.9 280.918 250.579 169.211 145.239 16162 434.205 126.614 307.592 59.3144 15727.8 1891.44 166.262 41.2616 13836.3 1841.73 67.2993 114.107 98.1064 70.6744 53.4673 36.4961 1813.71 13247.1 13234.1 1435.41 319.361
internal_count=359892 358717 1175 356344 3647 3164 2207 1896 352697 8556 2490 6066 925 344141 30410 2911 612 313731 28745 1565 1489 1248 955 700 483 28345 298701 298416 24459 5635
is_linear=0
shrinkage=0.05


Tree=83
num_leaves=31
num_cat=0
split_feature=24 13 15 13 5 19 13 8 5 13 0 8 19 2 7 12 7 0 10 22 23 5 1 0 4 6 3 4 15 0
split_gain=6.18831 7.45538 6.99496 15.9275 25.3009 13.2011 13.1656 18.2264 12.0101 13.4116 12.6454 11.8652 15.677 9.93227 10.2995 11.4203 13.6579 13.532 10.1692 9.81786 15.9958 10.5833 12.159 9.97268 9.76511 9.31651 10.1157 15.7767 13.4835 12.9234
threshold=-1.0000000180025095e-35 0.00022578804055228832 0.0003917356079909951 0.00035402766661718493 0.0048801500815898189 -0.0056809380184859029 0.00053552456665784131 1.3974986501352762e-07 0.00030121616146061575 0.00024841973208822315 0.00067954018595628451 0.00014240956807043406 -0.0012541057076305149 -0.0011958504328504203 1.0000000180025095e-35 0.00038511508319061255 0.00029463977261912083 0.00051273650024086248 0.53321662545204174 0.00061648312839679431 -0.00073364880518056441 0.00055653465096838783 0.00010415039650979453 0.00010454006041982213 0.0017574947560206058 -0.00032090891909319902 -0.0015185388037934897 -0.0012022391892969606 0.00025496851594652986 -0.0003169404662912711
decision_type=2 2 2 2 2 2 2 2 2 2 2 2 2 2 2 2 2 2 2 2 2 2 2 2 2 2 2 2 2 2
left_child=1 -1 6 4 5 -4 8 -8 9 -2 13 -11 -13 18 25 16 -16 -17 -10 -7 21 22 23 24 -21 -15 -27 28 -28 -29
right_child=2 -3 3 -5 -6 19 7 -9 10 11 -12 12 -14 14 15 17 -18 -19 -20 20 -22 -23 -24 -25 -26 26 27 29 -30 -31
leaf_value=-0.047494217082997649 -0.021951492938409475 -0.004197468753411298 0.045383461290021743 0.00023035676959899952 0.083849576086896693 -0.017796396586544912 0.082481067023223123 -0.0081145813765448778 0.061666373302978174 -0.0035827054542225513 -0.028055359115073116 0.095860530450407558 0.0079826277991627177 -0.0077525775403019664 -0.019967121933750654 0.0073879588421490398 0.0017093482749951415 0.073479694831537892 0.0077293240939386269 0.059887271774500331 -0.014596881140567812 -0.016208187858810619 -0.0053834797600740914 0.10199675748531239 -0.0024188793693545002 -0.0369294551070741 0.079710672192144061 0.052417804432962803 0.022065752575366263 0.0067406441350515919
leaf_weight=10.117832436226307 94.135000261478126 574.04532272275537 10.28991588577628 13823.346698945388 7.1995703894644967 274.47503274399787 12.225948897190394 10.169678249396382 15.598250627517698 185.73849003762007 28.954667979851365 7.124236602336171 17.644650235772133 92.954292107373476 118.28528192359954 69.808162843808532 188.43291488755494 8.7112167365849 19.872102098539472 14.369484717026355 107.76737162936479 18.131927851587534 17.246490819379687 6.4969618692994109 11.182499023154376 11.900527732446788 12.52713290043175 15.784905182197688 53.330106418579817 815.76143540628254
leaf_count=311 4636 12333 357 288442 95 9773 296 256 307 7269 755 265 655 1996 3413 1693 3638 182 512 573 3681 542 569 191 409 248 184 217 1057 15215
internal_value=0.000107788 -0.00494738 0.000291555 -7.65069e-05 -0.00915667 -0.0106125 0.00324822 0.0413423 0.00276254 -0.0062633 0.00465634 0.000752171 0.0332588 0.00532196 0.00465406 -0.00229438 -0.00665014 0.0147204 0.0314484 -0.0118938 -0.00264637 0.0164538 0.0284676 0.0466839 0.0326198 0.00732482 0.00886612 0.00947342 0.0330308 0.00760772
internal_weight=16653.6 584.163 16069.5 14290.5 467.159 459.96 1778.96 22.3956 1756.56 304.642 1451.92 210.507 24.7689 1422.97 1387.5 385.238 306.718 78.5194 35.4704 449.67 175.195 67.4274 49.2954 32.0489 25.552 1002.26 909.304 897.404 65.8572 831.546
internal_count=360070 12644 347426 304632 16190 16095 42794 552 42242 12825 29417 8189 920 28662 27843 8926 7051 1875 819 15738 5965 2284 1742 1173 982 18917 16921 16673 1241 15432
is_linear=0
shrinkage=0.05


Tree=84
num_leaves=31
num_cat=0
split_feature=10 15 14 15 20 9 21 0 3 24 19 24 14 0 8 14 15 0 15 3 2 9 15 9 6 6 10 8 8 22
split_gain=7.11101 8.34282 25.1987 9.28831 6.1683 5.80709 9.2716 6.64155 12.4401 11.8844 15.8104 12.6647 11.1971 13.9057 14.5546 10.6294 10.4343 9.67839 9.40554 8.90003 9.86556 8.83987 8.69747 13.267 11.3362 8.64545 7.69005 7.30818 8.18318 13.1164
threshold=6.0940599441528329 0.0013104511308483782 0.0016139618237502875 0.00025496851594652986 -0.0021731881424784656 2.9999421834945683 -0.0035647791810333724 0.001811690744943917 0.010526881553232672 0.013441297225654127 0.0053099223878234634 0.015349864028394224 0.00089000255684368323 0.0026533020427450542 0.00096251536160707485 0.0013786733616143467 0.0019135127658955755 0.0020189105998724703 0.002169517683796585 0.0096550988964736479 0.0099266781471669691 2.1729170083999638 0.0014840236981399359 0.94907656311988842 0.0027400923427194361 0.001046052551828325 0.29258041083812719 0.0026396837783977394 0.0024896282702684407 0.002761070267297328
decision_type=2 2 2 2 2 2 2 2 2 2 2 2 2 2 2 2 2 2 2 2 2 2 2 2 2 2 2 2 2 2
left_child=5 3 -3 -2 -5 7 -7 8 27 10 12 18 -9 14 15 25 -16 -12 -11 -13 -21 -19 23 -15 26 -14 -24 28 -1 -30
right_child=1 2 -4 4 -6 6 -8 9 -10 11 17 19 13 22 16 -17 -18 21 -20 20 -22 -23 24 -25 -26 -27 -28 -29 29 -31
leaf_value=0.00011664541326467985 0.037448246913417402 0.066849624133535068 -0.01064126298151113 -0.051770766402772034 -0.016746849230025784 0.029526056067931811 -0.018915699063697871 -0.024692331559763553 -0.021990315637233842 0.0089506183584575627 0.020022838282144448 -0.013222637545982151 -0.034785915688307717 0.019215376430327443 0.060973811218262279 0.022345450710299999 0.019243962743618129 -0.0065414282051036374 0.053894454294308725 0.03764609464544838 -0.010641311257349025 -0.031185486251467526 0.0052704242568959057 -0.035831830749908943 0.015122783454478343 0.0052193654397346793 -0.012565766849822722 -0.013259001967092605 0.0040297677666626449 0.071010674564957244
leaf_weight=14974.211576449685 7.1468045730143777 13.003659670241175 54.293288687244058 14.489973979070781 94.933166470378637 11.348189206793903 76.2278823107481 28.630816847085953 64.107273704372346 18.200556430965662 28.884278418496251 34.966925866901875 15.37527711316943 16.1917445063591 26.616852309554815 97.18545888364315 34.263285897672176 232.48038353025913 32.298421964049339 29.376183157786727 16.52982859686017 43.140745276585221 140.31105739623308 33.783362530171871 147.25090158730745 111.01931088045239 106.15062626823783 101.96068536583334 23.886572676710784 10.531376432627438
leaf_count=331659 147 378 1303 528 3170 196 1952 717 1413 291 451 429 224 208 322 1094 348 2842 323 381 243 723 1244 609 1489 1528 1267 3548 663 295
internal_value=9.31346e-05 -0.00968534 0.00433215 -0.0177778 -0.0213848 0.000202399 -0.0126386 0.000271107 -1.12599e-05 0.00386378 0.00210774 0.01805 0.00597887 0.00718486 0.0158143 0.0099126 0.0374883 -0.00751308 0.0376961 0.00578246 0.0202588 -0.0103988 0.00165226 -0.0179967 0.00414637 0.000352921 -0.00241159 8.19871e-05 0.000172619 0.0245249
internal_weight=16638.8 183.867 67.2969 116.57 109.423 16454.9 87.5761 16367.4 15174.7 1192.66 1061.28 131.372 756.779 728.148 284.46 223.58 60.8801 304.505 50.499 80.8729 45.906 275.621 443.688 49.9751 393.713 126.395 246.462 15110.6 15008.6 34.4179
internal_count=359985 5526 1681 3845 3698 354459 2148 352311 337578 14733 13066 1667 9050 8333 3516 2846 670 4016 614 1053 624 3565 4817 817 4000 1752 2511 336165 332617 958
is_linear=0
shrinkage=0.05


Tree=85
num_leaves=31
num_cat=0
split_feature=14 1 0 7 13 13 17 14 15 1 8 1 7 8 8 14 0 23 0 8 0 24 1 5 2 21 20 20 13 15
split_gain=6.67887 13.8578 8.01196 11.2523 15.062 10.2503 9.83929 7.65111 16.5693 13.5628 15.4291 13.3773 12.5763 13.1931 11.4315 11.2256 12.0499 10.6768 10.278 9.81624 9.78684 9.31384 11.7384 12.7543 10.078 8.95131 15.5814 8.60127 8.52032 13.0053
threshold=0.0027758685173466806 0.0035100040258839731 -0.0035506469430401917 0.0017671518726274373 0.0015462503652088346 0.002259147935546935 -0.003508585505187511 0.0013377767754718663 0.0012195566087029876 0.0024198215687647466 0.0026396837783977394 0.0026528013404458766 0.0011527381138876083 0.0015216069878078999 0.0026132423663511877 0.00093626603484153758 0.0016084712697193029 -0.0098995594307780248 0.00088192062685266148 0.00042799058428499853 0.0032908273860812192 0.0027724602259695534 0.0008606314950156958 0.0021575584542006259 -0.0043829686474055043 0.00081907815183512877 0.0016895096050575378 -0.0011063469573855398 0.0021448896732181315 0.0019470838014967742
decision_type=2 2 2 2 2 2 2 2 2 2 2 2 2 2 2 2 2 2 2 2 2 2 2 2 2 2 2 2 2 2
left_child=1 2 3 4 -1 -6 -7 8 12 10 14 25 13 15 20 16 19 -10 -15 -4 -9 24 -23 -24 -21 -11 -27 -19 29 -28
right_child=-2 -3 7 -5 5 6 -8 9 17 11 -12 -13 -14 18 -16 -17 -18 27 -20 21 -22 22 23 -25 -26 26 28 -29 -30 -31
leaf_value=0.036375689711207748 0.004812987125133286 -0.0092768226729258284 3.77949396541418e-05 0.024662882590630934 -0.040978842541793473 -0.027150173951264213 0.0077984486540422018 0.0020371789806143017 0.016308002971065813 0.006665663467309642 -0.015700051681347926 0.0058245244516127595 -0.019572356441298584 -0.038629529573959764 0.046401427547392599 0.0030201393566843091 -0.018472502470177146 -0.016698122638330249 0.0073857080539453668 0.0353882944169467 -0.020591165886707175 0.012292685043949389 -0.020389986114156169 0.041402964402975084 -0.01368355532970472 0.079168507351571604 0.0081093053382832112 -0.0052870390991804966 -0.0049714292175982262 0.07799428680523629
leaf_weight=12.351020512171088 674.26663080044091 415.69193191733211 7714.63496096991 19.103216543793678 43.847662938758731 43.487843232229352 37.510371971875429 2535.2118570404127 47.087426284328103 33.934085441753268 131.45645785331726 317.78778246697038 81.066853799857199 38.214245191775262 14.324137005954979 2853.0700773317367 93.395457223989069 219.85930839180946 17.781990686431527 10.814532056450842 48.701297506690025 110.77821343299001 69.345104394480586 9.493885634467004 321.76043486595154 17.108560958877206 14.407737255096437 663.50290978047997 16.861531147733331 12.375334165990351
leaf_count=306 9695 8543 189971 200 794 593 495 45416 843 534 2869 5239 2676 1440 267 51630 2218 4463 265 291 581 3276 1828 216 9989 272 246 14242 243 197
internal_value=-6.14355e-05 -0.000267303 -2.64434e-05 -0.0112897 -0.0162958 -0.0215066 -0.0109654 8.79241e-05 -0.000476627 0.00228902 0.00101207 0.0107396 5.0549e-05 0.000192085 0.00185761 0.000313304 -0.000613777 -0.00689054 -0.0240171 -0.000411281 0.00161068 -0.00704574 0.00179779 -0.0129488 -0.0120879 0.0272356 0.0387252 -0.00812713 0.0228715 0.0404002
internal_weight=16639.2 15965 15549.3 156.3 137.197 124.846 80.9982 15393 12250.8 3142.17 2729.69 412.475 11320.4 11239.3 2598.24 11183.3 8330.22 930.45 55.9962 8236.83 2583.91 522.192 189.617 78.839 332.575 94.6872 60.7532 883.362 43.6446 26.7831
internal_count=359838 350143 341600 2388 2188 1882 1088 339212 283348 55864 49133 6731 263800 261124 46264 259419 207789 19548 1705 205571 45997 15600 5320 2044 10280 1492 958 18705 686 443
is_linear=0
shrinkage=0.05


Tree=86
num_leaves=31
num_cat=0
split_feature=7 15 13 7 0 7 7 15 7 5 23 21 4 19 19 15 14 3 12 22 11 7 21 2 0 24 8 5 6 21
split_gain=5.9506 7.60078 7.58187 7.03352 19.0549 16.242 9.80112 14.5642 9.71573 9.15658 7.51335 7.37564 15.0103 11.5089 11.3259 10.7979 17.0072 10.9558 14.4989 11.3306 11.7385 11.5929 10.6101 16.8294 13.1566 11.9853 11.1942 28.9927 10.243 10.764
threshold=0.0027137092547491197 0.002972217160277069 0.0036898811813443903 0.0010344471666030588 -0.0018621010822243986 0.00072153791552409541 0.0011527381138876083 0.0019135127658955755 0.0015530733508057894 0.0024866049643605952 -0.00077386546763591457 -0.00068163650576025237 -0.00073919392889365543 0.0027036465471610431 0.0025246940786018972 0.0024772263132035737 0.0024672780418768529 -0.001704989233985543 0.00037564415833912795 -0.00059621551190502931 3.4459204673767094 0.00040066109795589005 -1.0000000180025095e-35 0.00031781343568582093 0.0027881064452230935 0.013441297225654127 0.0018379538087174299 0.0026290422538295393 -0.00077749506453983475 -0.00041511810559313739
decision_type=2 2 2 2 2 2 2 2 2 2 2 2 2 2 2 2 2 2 2 2 2 2 2 2 2 2 2 2 2 2
left_child=1 2 3 5 9 11 -6 -8 -9 -5 -7 12 13 14 -1 17 -17 18 -13 20 21 -19 -21 24 25 26 -24 -28 -20 -30
right_child=-2 -3 -4 4 6 10 7 8 -10 -11 -12 15 -14 -15 -16 16 -18 19 28 22 -22 -23 23 -25 -26 -27 27 -29 29 -31
leaf_value=0.00040873018477713343 -0.0082385717750198158 0.0073383188371905599 -0.016070200504811699 0.05520639955115722 0.0065126019972953772 -0.006113794842531938 -0.011887739641740436 0.053067300023475455 0.0052352912079203107 0.016638080443792211 -0.022767039847404712 -0.032544148522317642 -0.0074263236075734849 -0.010351043745337317 0.039993605937241293 -0.031822114564581401 -0.0015488289581726431 0.0050787322223081865 -0.0066489680624098896 -0.0039661234576931484 0.032044897757540984 -0.018949045140691838 0.0046659054557613806 -0.0010387252848484501 -0.018725591582329882 -0.029126998488333153 0.1074395215266179 0.0078702596310625296 0.0020942969433497311 0.025764118516391089
leaf_weight=3652.7030239300802 211.19864921551198 365.43413604423404 72.649496112018824 17.667746115475893 401.60369127430022 492.33156420383602 231.90655911806971 12.198794795200227 81.844055992551148 119.31799367815256 78.532837823964655 18.097089876420796 853.62174254003912 256.46602072566748 18.15970744099468 62.947300129570067 176.40921446122229 1394.5505141075701 50.534250115975738 1289.0431721424684 38.906004967167974 52.074793772771955 2404.436515419744 3951.2810124298558 61.162260435521603 25.835947649553418 9.5263580325990898 31.438796630129218 70.19922103267163 152.10039410367608
leaf_count=77053 4254 5172 900 217 8359 11955 6544 242 2128 1399 2373 569 18500 5484 376 1358 2937 29835 841 30593 1010 1286 53427 87306 648 418 177 763 1426 2689
internal_value=0.0001008 0.000207913 4.58431e-05 0.000118997 0.00450537 -0.000131472 0.00128441 -0.00515727 0.0114398 0.0216124 -0.00840475 0.000192693 -0.00141702 -0.000110877 0.000604556 0.000978916 -0.00951027 0.00124183 0.0107957 0.000941615 0.00494269 0.00421379 0.000176925 0.00100062 0.00418259 0.00474956 0.00510747 0.0310249 0.0136704 0.0182895
internal_weight=16654.2 16443 16077.5 16004.9 864.539 15140.4 727.553 325.949 94.0429 136.986 570.864 14569.5 4780.95 3927.33 3670.86 9788.54 239.357 9549.19 290.931 9258.26 1485.53 1446.63 7772.72 6483.68 2532.4 2471.24 2445.4 40.9652 272.834 222.3
internal_count=360239 355985 350813 349913 18889 331024 17273 8914 2370 1616 14328 316696 101413 82913 77429 215283 4295 210988 5525 205463 32131 31121 173332 142739 55433 54785 54367 940 4956 4115
is_linear=0
shrinkage=0.05


Tree=87
num_leaves=31
num_cat=0
split_feature=20 7 20 14 13 0 8 14 20 20 21 9 15 22 7 23 2 0 6 9 5 6 7 14 15 21 0 5 0 1
split_gain=5.32543 11.6966 9.52409 11.6833 9.26386 10.6015 9.11546 14.9049 9.28057 12.7575 12.6138 10.6971 9.97809 9.00611 9.81002 10.1377 8.69434 8.6823 8.65443 10.1898 8.19665 7.54934 7.369 12.4342 9.66945 8.86381 7.97908 8.37781 8.90201 10.0232
threshold=0.0011621486046351495 0.0028420630842447285 0.0010176124633289876 0.00047094799811020499 0.0034326193854212765 0.003892657696269453 0.00037469554808922117 0.00057530554477125417 0.00093119454686529945 0.00067008755286224197 0.0024314447073265914 2.386817574501038 0.00094069508486427378 0.0028810757212340836 0.00011662487668218092 -0.0012146810768172143 8.3318740507820635e-05 0.0050510982982814321 0.0018054302781820299 1.468886196613312 0.00035647585173137491 -0.00081580330152064551 0.00044632895151153212 0.00071508431574329745 0.0024282322265207772 0.0044355990830808887 0.0024106070632115011 0.0028410253580659632 0.0012241775402799251 0.0022835060954093937
decision_type=2 2 2 2 2 2 2 2 2 2 2 2 2 2 2 2 2 2 2 2 2 2 2 2 2 2 2 2 2 2
left_child=2 4 6 -4 20 -6 -1 -8 9 -9 11 13 -10 14 15 16 -11 -7 19 21 -2 -5 -22 -24 26 -26 27 -25 -29 -30
right_child=1 -3 3 18 5 17 7 8 12 10 -12 -13 -14 -15 -16 -17 -18 -19 -20 -21 22 -23 23 24 25 -27 -28 28 29 -31
leaf_value=0.00066664681271783586 -0.007615388034477151 -0.0374590449536275 -0.017032472996049566 -0.014364435018289044 -0.0066462764103227675 0.039954014197224809 -0.018642625445163302 -0.0025786794688401624 0.015147005752054616 0.054650366614852924 -0.026190077566010824 -0.030847365611740271 -0.043011620112630711 0.062520651605571603 0.057141534646322968 -0.018506919108616255 0.008659596227272125 0.0064499661775004342 0.041779150768352896 -0.0069754019594515486 0.00032595779311604906 0.01664177727466018 -0.033084458115173417 -0.0072215816409721897 -0.00031753161019366423 0.063555569386105723 -0.025462945305988929 -0.0038785362458560188 -0.0021442092539169927 0.053450249566132868
leaf_weight=11285.527133903466 562.75888105947524 22.921147505752742 41.283871521241963 21.488234153017402 48.478155894204974 38.613678500056267 144.15065081510693 1397.888819870539 10.243904924951492 15.510277759283772 16.494815879501402 9.1099552931264025 26.333035303279757 14.245145546272395 14.153001443482934 19.944953612983234 30.452313451096416 38.732892010360956 21.566543499007821 75.827612872235477 2088.6150630563498 227.18531517311931 40.470813932828605 290.16102973744273 12.161713583394887 9.8150775842368585 45.974033420905471 41.921931887976825 13.729582121595739 19.798957062885165
leaf_count=244919 12713 679 1173 380 908 268 5293 32428 241 279 356 253 528 334 387 468 625 314 313 1705 38121 4747 1513 7434 251 197 1141 1139 271 473
internal_value=-5.9376e-05 -0.00186671 0.000383171 0.00810901 -0.00161578 0.0116861 0.000152687 -0.00326222 -0.00183586 -0.0012361 0.0144153 0.0208919 -0.0267234 0.0258899 0.0193722 0.0112616 0.0241794 0.0231762 0.0111082 0.00906984 -0.00215129 0.0139625 -0.000951377 -0.00657938 -0.00410527 0.0282089 -0.0058307 -0.00336203 0.0114807 0.0306849
internal_weight=16645.6 3274.15 13371.4 387.352 3251.23 125.825 12984.1 1698.53 1554.38 1517.8 119.91 103.416 36.5769 94.3057 80.0605 65.9075 45.9626 77.3466 346.068 324.501 3125.41 248.674 2562.65 474.033 433.562 21.9768 411.586 365.612 75.4505 33.5285
internal_count=359851 65422 294429 8318 64743 1490 286111 41192 35899 35130 2702 2346 769 2093 1759 1372 904 582 7145 6832 63253 5127 50540 12419 10906 448 10458 9317 1883 744
is_linear=0
shrinkage=0.05


Tree=88
num_leaves=31
num_cat=0
split_feature=24 24 5 10 14 5 7 15 5 8 23 15 6 0 22 1 13 10 1 5 0 7 6 23 15 4 11 4 8 19
split_gain=6.68807 11.2575 8.51175 6.24774 6.08886 15.0897 12.0417 10.2884 12.5032 10.6209 9.56423 9.49033 8.65531 7.94666 8.32576 7.67632 7.826 8.10209 7.60963 7.99308 6.71269 10.067 9.39826 9.33332 11.1928 8.57791 16.2815 8.21207 8.10563 8.15724
threshold=0.019753580912947658 0.016964559443295005 0.0016234964132308962 1.3414461612701418 0.0012686201953329148 0.0023513903142884378 0.0011527381138876083 0.0011962562566623094 0.0021232496947050099 0.0011780298082157972 -0.01090756570920348 0.00074302425491623591 -0.00040024015470407898 -0.0028803079621866341 0.0046783629804849633 0.0050272317603230485 0.0015462503652088346 1.0488979220390322 -0.0050744253676384679 0.0016921315691433849 -0.0017458102665841577 0.0029881892260164027 -0.0014641972375102339 -0.0035211382200941439 0.0021373197669163351 0.013009641319513323 0.76461604237556469 0.0047501239459961661 0.0026396837783977394 0.014778590761125089
decision_type=2 2 2 2 2 2 2 2 2 2 2 2 2 2 2 2 2 2 2 2 2 2 2 2 2 2 2 2 2 2
left_child=1 4 -2 -3 5 6 7 8 9 -1 -9 -7 -12 -13 -15 18 17 -17 19 -6 23 22 27 28 -25 -24 -27 -22 29 -20
right_child=2 3 -4 -5 15 11 -8 10 -10 -11 12 13 -14 14 -16 16 -18 -19 20 -21 21 -23 25 24 -26 26 -28 -29 -30 -31
leaf_value=-0.00012522751309290687 0.052371695100293353 -0.030202802777233168 0.0071874523983071663 0.0059038930410628904 -0.019672038093089775 -0.044301920901511978 -0.021255434046440841 0.032814268940804303 0.0102819916788038 -0.026864804501037388 -0.015614244376797443 -0.043029746183072905 -0.0034735542845540941 -0.0024104740569438243 -0.027278780437358166 -0.009507395404697699 -0.01020258264604521 0.053273473713579628 0.0084502020484472865 -0.00039766102512996359 -0.0036294321838741235 -0.037225757142545411 0.0019823866764572744 -0.014775394768961997 0.014823971557580091 -0.0015783384005676 0.055086100329718571 -0.027776419728821014 -0.022844943366063963 0.034699810339190895
leaf_weight=10518.959443986416 12.569100458174942 47.840443670749664 61.038271147757769 15.983709254302083 79.628524715080857 21.822058111429214 69.163329659029841 15.563360616564749 291.25082769803703 37.267498056404293 202.03259428404272 16.708362486213446 537.01723629795015 173.51019864622504 41.756392448209226 10.209865011274816 214.40148427989334 10.347245091572402 658.01980218663812 165.75890559703112 196.10299827065319 16.802051810547709 2948.4646129403263 98.41575276479125 47.282804057002068 29.843900082632899 22.03806291334331 42.915453707799315 19.764680603519082 30.990199517458677
leaf_count=246498 203 852 985 323 1494 1136 2240 270 5122 1180 3795 497 12232 4170 1149 223 3741 227 7333 2517 4102 599 55064 1276 519 511 416 894 361 360
internal_value=-0.000135212 -0.000201975 0.0149031 -0.0211605 -0.000120984 -0.000716657 -0.000454377 -0.000330376 6.23363e-05 -0.000219628 -0.00597557 -0.012778 -0.00679243 -0.00981253 -0.00723431 0.00142627 -0.00737698 0.0220928 0.00190111 -0.00665222 0.00241171 0.00137666 0.00157688 0.00635598 -0.00516966 0.00233702 0.0224912 -0.00796499 0.00872524 0.00963085
internal_weight=16653.5 16579.9 73.6074 63.8242 16516 11925.1 11671.3 11602.1 10847.5 10556.2 754.613 253.797 739.05 231.975 215.267 4590.99 234.959 20.5571 4356.03 245.387 4110.64 3256.17 3239.37 854.473 145.699 3000.35 51.882 239.018 708.775 689.01
internal_count=360289 359101 1188 1175 357926 278289 271337 269097 252800 247678 16297 6952 16027 5816 5319 79637 4191 450 75446 4011 71435 61586 60987 9849 1795 55991 927 4996 8054 7693
is_linear=0
shrinkage=0.05


Tree=89
num_leaves=31
num_cat=0
split_feature=19 4 11 7 22 6 24 19 24 3 3 0 3 21 23 22 0 19 19 23 13 14 4 4 0 5 3 14 22 2
split_gain=6.0291 10.4735 8.87947 8.75633 8.73089 9.17202 8.94332 8.08705 7.2562 7.87238 7.1389 11.1655 11.4759 10.3352 10.1855 9.32517 9.44799 16.262 15.6608 12.7168 12.5838 11.8376 10.4228 13.9034 10.2984 14.3926 14.0152 9.82034 9.44981 13.1477
threshold=0.00032831737189553683 0.00030427506135310983 2.5416907072067265 0.0028420630842447285 0.0013300358550623061 -0.0011125312303192911 0.0032644813181832437 0.00083481165347620856 0.0011003655963577332 0.0053484875243157157 0.0043518987949937591 0.003892657696269453 0.0054633321706205615 0.0040837512351572522 0.00016925184172578159 0.0020091421902179722 4.7425690354430123e-05 0.013826876413077118 0.010666969232261183 -0.006430672947317361 0.0016382950125262143 0.0017001421656459572 0.0053329486399889001 0.0035527072614058857 0.00018993852427229288 0.00025073507276829338 0.00067528785439208161 0.001502906787209213 0.0034533857833594088 -0.0012562227202579377
decision_type=2 2 2 2 2 2 2 2 2 2 2 2 2 2 2 2 2 2 2 2 2 2 2 2 2 2 2 2 2 2
left_child=-1 2 4 10 6 -6 -2 -8 -7 -10 14 12 -12 -14 15 -3 17 28 19 -18 21 24 23 -19 25 -21 -27 -24 29 -17
right_child=1 3 -4 -5 5 8 7 -9 9 -11 11 -13 13 -15 -16 16 18 22 -20 20 -22 -23 27 -25 -26 26 -28 -29 -30 -31
leaf_value=0.00089119490910722016 -0.0031322519399190163 -0.00063896770951073602 -0.015579581709933352 -0.027940459127059253 0.015619087976904776 0.023921169242475778 0.041812326561011526 0.0048210850073712426 -0.017035082758092516 0.022784171191555042 -0.012476810633541485 0.011780863571020282 0.014709941808937189 -0.0039161651304738384 -0.0084431225705602561 0.012017266179856259 0.058211568244154965 0.011782936637357126 -0.0068339582042660696 0.092674935486750792 -0.0057499029093418183 0.062557278035751604 -0.029843544717014971 0.078597691113541784 0.0097180857918068887 0.078251130394675197 0.0029228935864222911 0.018509779830210831 0.0049443452244285818 -0.0085538441968490281
leaf_weight=9213.9240585714579 1453.4389129262418 1945.3969518383965 152.56025188695639 27.5330058503896 29.982539722695947 12.42764668818563 15.800266370177267 227.73378183599561 261.00608705729246 13.032282607629893 344.81273698620498 106.28796178940684 89.749544852413237 437.609778563492 256.33483084104955 92.827134766615927 13.690042510628698 16.078286292962733 156.13738937303424 8.6343322489410621 114.57110869698226 11.441905628889797 13.012473217211662 15.096696868538855 652.21957137901336 8.0538299214094859 26.466611871495843 54.397051764652133 385.53493781294674 475.82230134867132
leaf_count=195028 34655 46394 4094 740 480 335 320 4246 5469 246 7410 1329 1718 8951 6188 1908 188 332 2396 237 1289 147 290 280 11109 218 816 956 9278 12838
internal_value=3.70314e-05 -0.00102397 -0.0039495 0.000182613 -0.00306827 -0.0106929 -0.00164644 0.00722104 -0.0134468 -0.0151414 0.00033083 -0.00351935 -0.00538392 -0.000746249 0.00121814 0.00183891 0.00419728 0.000898764 0.00770063 0.0104182 0.00962164 0.0121133 0.0202319 0.0441384 0.0112833 0.0349386 0.0204974 0.00917584 -0.0010987 -0.00519579
internal_weight=16631.6 7417.69 2165.98 5251.71 2013.42 316.449 1696.97 243.534 286.466 274.038 5224.18 978.46 872.172 527.359 4245.72 3989.38 2043.98 1052.77 991.215 835.077 821.387 706.816 98.5845 31.175 695.374 43.1548 34.5204 67.4095 954.184 568.649
internal_count=359885 164857 49845 115012 45751 6530 39221 4566 6050 5715 114272 19408 18079 10669 94864 88676 42282 25882 16400 14004 13816 12527 1858 612 12380 1271 1034 1246 24024 14746
is_linear=0
shrinkage=0.05


Tree=90
num_leaves=31
num_cat=0
split_feature=14 15 15 12 20 5 13 15 23 19 13 22 15 0 3 6 13 3 6 0 5 13 20 23 3 5 15 6 9 10
split_gain=6.12887 21.9939 15.731 18.5225 23.6697 14.8377 12.5495 13.557 11.1947 10.765 8.8722 13.7683 16.9584 11.642 10.9558 26.7121 12.9225 8.83352 14.6653 8.83034 8.82441 8.96122 9.07882 8.60291 8.40542 8.21899 13.3412 10.4571 12.0984 7.91312
threshold=0.00062531291041523229 0.00060524785658344637 0.00067180604673922073 0.00079754172475077223 -0.0023184195160865779 0.0011148807243444028 0.00082929930067621182 0.00052468644571490597 -0.0051946730818599454 0.0012169613619334998 0.00054933776846155535 0.0018896648543886843 0.00042292266152799135 -0.00041303112811874593 0.0014865167904645207 0.00018205228116130459 0.00071070506237447273 -0.0013682050048373637 -0.00058019778225570906 0.00090254598762840043 7.3825252911774455e-05 0.00030360018718056386 -0.00051093872752971936 -0.00022637238726019857 -0.000329362679622136 0.00025073507276829338 0.00052897224668413411 1.0000000180025095e-35 0.74907988309860241 4.4660515785217294
decision_type=2 2 2 2 2 2 2 2 2 2 2 2 2 2 2 2 2 2 2 2 2 2 2 2 2 2 2 2 2 2
left_child=1 5 3 4 -2 10 7 9 -5 -6 19 12 -12 17 15 -13 -16 18 -14 20 21 -1 -23 -10 -19 26 27 28 -15 -7
right_child=2 -3 -4 8 6 29 -8 -9 23 -11 11 14 13 25 16 -17 -18 24 -20 -21 -22 22 -24 -25 -26 -27 -28 -29 -30 -31
leaf_value=-0.030787877165261351 0.092102084207777643 -0.0097742652073598158 0.00019155396504155796 -0.036379612364455846 0.014186707650891551 -0.010418190924606698 0.031178720971060465 0.006259270099642918 0.0028631581850657867 0.086045454466742097 0.033631220085718165 0.0082717216290480716 0.0037758548468541128 0.027224028005887094 0.0035972761405790935 0.12525074141631606 0.059694773111611636 -0.020360471856332343 0.072424602945597147 -0.030937882437174626 0.0004148149238870013 -0.035191995510823242 0.0034393461451628854 -0.036164401847162124 0.018801130621414662 -0.0088381570764474119 -0.016224797758499911 -0.01026712194777875 0.10430353903570272 -0.042373428838105444
leaf_weight=44.887429798953235 9.333335939794777 684.39260040596128 11378.425214012153 24.255556877702475 11.228158835321667 139.84030804317445 70.632600304670632 390.07174608390778 174.07845317944884 9.7269455920904857 41.209074722602963 11.587042724713685 15.944176355376841 18.348482541739944 50.142058111727238 8.4310636557638627 12.908867964521049 21.725457927212119 15.192932851612566 23.482413858175278 3014.2656283108518 18.753876612521708 80.451525039970875 15.366713101975618 37.100233072414994 244.22373882029206 25.293616881594062 10.72721755877137 7.045705357566475 22.48886907659471
leaf_count=2895 227 20763 219840 551 257 4314 1429 9466 3784 211 968 312 339 572 1294 181 286 473 327 597 76540 884 3573 439 795 6306 789 271 215 1037
internal_value=5.16323e-05 -0.00151278 0.000640524 0.00788988 0.0132378 -4.95254e-05 0.0117096 0.00836397 -0.00439737 0.0475421 0.000599301 0.0066551 0.00310671 -7.29695e-05 0.025314 0.05754 0.0150825 0.0157368 0.0372721 -0.000390154 -0.000163032 -0.012251 -0.00386356 -0.000302535 0.004338 -0.00472649 0.011624 0.0311249 0.04861 -0.0148452
internal_weight=16631.6 4548.44 12083.1 704.694 490.993 3864.05 481.659 411.027 213.701 20.9551 3701.72 519.88 436.811 395.602 83.069 20.0181 63.0509 89.9628 31.1371 3181.84 3158.36 144.093 99.2054 189.445 58.8257 305.639 61.415 36.1214 25.3942 162.329
internal_count=359935 123731 236204 16364 11590 102968 11363 9934 4774 468 97617 13128 11055 10087 2073 493 1580 1934 666 84489 83892 7352 4457 4223 1268 8153 1847 1058 787 5351
is_linear=0
shrinkage=0.05


Tree=91
num_leaves=31
num_cat=0
split_feature=19 6 6 13 6 21 14 0 12 7 1 24 18 7 3 5 0 22 9 6 23 3 0 21 12 3 20 1 20 13
split_gain=6.12723 11.0531 12.0654 15.6684 10.3189 37.3777 10.0025 9.51161 9.32587 8.80351 8.18909 12.1103 10.5628 16.8594 15.7397 15.1588 12.2771 12.6083 9.59814 11.2184 9.0951 8.66752 8.61901 11.7219 21.5769 7.94659 7.99874 7.24927 7.93558 7.19744
threshold=0.00032831737189553683 0.00036437172093428677 0.00063272227998822938 0.00053552456665784131 0.00061664951499551545 0.00081907815183512877 0.00081217486876994382 0.00039034574001561856 0.00041364631033502525 7.2619004640728249e-05 1.0000000180025095e-35 0.019753580912947658 0.0027029463090002541 0.0011697772424668076 0.00021246082178549844 0.0024866049643605952 0.0017124150181189182 0.0051924111321568498 2.7984946966171269 -0.0015246808179654179 0.00031560676870867615 0.0058193865697830924 0.00040583903319202369 0.00088029445032589148 0.00081015570322051655 0.0054633321706205615 0.0017327885725535455 -0.0023325469810515638 -0.0017101572593674062 0.0010957514168694618
decision_type=2 2 2 2 2 2 2 2 2 2 2 2 2 2 2 2 2 2 2 2 2 2 2 2 2 2 2 2 2 2
left_child=27 10 4 6 -3 -6 9 -5 -9 -4 11 18 25 14 15 22 20 -18 -2 -20 -16 -19 23 29 -25 26 -12 28 -1 -14
right_child=1 2 3 7 5 -7 -8 8 -10 -11 12 -13 13 -15 16 -17 17 21 19 -21 -22 -23 -24 24 -26 -27 -28 -29 -30 -31
leaf_value=-0.00096109653588865153 -0.00058709006285203571 0.0073786269621841554 -0.031070264526631232 -0.012526660945629702 -0.017695432526733355 0.10773970893518346 0.037619127330327691 0.042675320420448914 0.0018938615024123543 -0.001089155351433734 -0.0072079542911429586 0.04362068931862418 -0.015763319511123166 -0.029751710804677881 -0.0029260230532919106 0.072809901320010459 0.048057974210769551 -0.020121676507335332 0.02511249521254913 -0.024524494532017826 -0.037541192481149191 0.025187050564899383 -0.012963400938379187 0.088111629179001505 0.010390684687818149 0.03448640874200589 -0.022529615300076054 0.0013452595034640971 -0.012299199143290314 0.032354396711658934
leaf_weight=764.89205798134208 3151.1945111257955 425.62911094445735 75.174259480088949 116.78310683555901 12.653408932499589 11.192165607586501 7.6994795128703108 14.143588127568362 1585.9980585128069 36.312310364097357 1011.348638352938 15.245794000104068 23.218436906114221 45.987124873325229 512.97154968883842 11.674054585397242 23.495028827339411 21.270810527727008 13.369678843766449 76.60788557305932 19.70538897998631 20.952837482094765 24.752527059987187 14.602532411925493 22.988151419907808 10.857722250744699 93.016840825788677 8271.3435249468312 193.33275174442679 11.68154428526759
leaf_count=13464 72039 9416 1867 4392 232 216 153 299 25011 1062 26958 249 578 1353 13236 191 272 218 297 2196 456 202 353 382 539 250 2199 178246 3479 231
internal_value=8.58849e-06 -0.00106217 0.0018294 3.19993e-05 0.0091718 0.0411788 -0.0174986 0.00124894 0.00225433 -0.0213051 -0.00235173 -0.000837738 -0.00499027 -0.000416158 0.00149114 0.0189738 -0.00169097 0.0186988 -0.00104686 -0.017149 -0.00420655 0.00236208 0.0125108 0.0212091 0.0405823 -0.00807995 -0.00849844 0.00086831 -0.00324869 0.000342398
internal_weight=16640.1 7410.53 2285.59 1836.11 449.475 23.8456 119.186 1716.92 1600.14 111.487 5124.94 3256.42 1868.52 753.3 707.313 108.917 598.396 65.7187 3241.17 89.9776 532.677 42.2236 97.2432 72.4907 37.5907 1115.22 1104.37 9229.57 958.225 34.9
internal_count=360036 164847 42648 32784 9864 448 3082 29702 25310 2929 122199 74781 47418 18011 16658 2274 14384 692 74532 2493 13692 420 2083 1730 921 29407 29157 195189 16943 809
is_linear=0
shrinkage=0.05


Tree=92
num_leaves=31
num_cat=0
split_feature=21 3 4 3 0 22 0 24 14 15 11 11 7 11 1 3 24 1 21 13 14 12 6 0 20 20 9 2 4 22
split_gain=6.12713 13.4557 12.9237 12.4032 11.3626 9.91251 10.4717 9.62722 9.53489 11.2001 9.29237 9.62465 9.22897 11.4983 9.04774 8.98874 15.4708 19.3711 13.9273 11.4933 10.8739 8.77203 8.56739 8.43212 9.02497 14.1913 23.2636 16.0879 11.4034 11.8466
threshold=-0.00057149183703586448 -0.001704989233985543 -0.00093449212727136899 0.00013119978393660861 -0.00042865562136285002 -0.00032424766686744983 -0.00090494006872177113 -0.00054093592916615296 0.002030034083873034 0.0009207873372361065 0.27393299341201788 0.16067101806402209 0.00080200502998195599 2.8304800987243657 0.00076878725667484115 -0.0070800145622342816 0.00036294346500653779 -0.00082647160161286582 -0.0047908420674502841 0.0012691242736764254 0.0010820507886819544 0.0034046762157231574 -0.00065395093406550575 -0.0046792747452855101 0.00013266269525047394 9.053052781382577e-05 0.16114535927772525 0.0009051475499290974 -0.003186817048117518 -0.00069279302260838438
decision_type=2 2 2 2 2 2 2 2 2 2 2 2 2 2 2 2 2 2 2 2 2 2 2 2 2 2 2 2 2 2
left_child=2 -2 3 4 7 6 -5 12 9 -8 11 -11 -1 -14 15 16 21 -18 19 20 -17 22 -9 -3 25 28 -27 -28 -25 -30
right_child=1 23 -4 5 -6 -7 8 14 -10 10 -12 -13 13 -15 -16 18 17 -19 -20 -21 -22 -23 -24 24 -26 26 27 -29 29 -31
leaf_value=-0.008517062215207441 0.010678858941218776 -0.019939799964207961 -0.0056854129478352451 -0.006181738844576519 -0.0030306794726944319 -0.030088860451743634 0.033959266290976384 0.032369389278437036 0.062026168346919701 0.0035711324588059527 -0.011731318800303045 0.063088010392603047 -0.0013865717630706579 0.056164838465353376 -0.011806241152178728 -0.014558852033702073 -0.024460870596580035 0.03371913798642192 0.0045526360653344233 -0.023637622321678653 0.046073186082064871 0.058888769010142589 -0.0090507130693544616 -0.024465869078183992 -0.00063436136471696567 0.06225739913326539 0.0057098651080129507 0.070766312859712119 0.0092614231100050966 0.00069005609920916127
leaf_weight=308.73856293968856 321.17285821959376 51.27508950419724 1359.9380372175947 43.800391774624586 2411.0624387739226 12.968901090323923 57.136817406862974 45.809676732867956 13.350037291646002 18.510477112606171 39.700672106817365 10.730467472225426 27.097141530364752 12.768365761265157 91.491450907662511 16.484234761446718 38.455040913075209 22.783291686326265 1410.1903498023748 80.953353498131037 13.410555124282835 20.28407459706068 17.161264803260565 41.099002794362605 6929.2518869535998 23.311326628550887 174.63613856118172 10.049837552011011 479.14805675763637 2540.5618314845487
leaf_count=6265 5911 585 29829 551 61515 278 1337 524 247 379 794 202 370 256 1204 270 460 250 21330 895 185 166 207 821 150907 549 4160 205 11030 58382
internal_value=-0.000125807 0.000601346 -0.00139151 -0.00015247 -0.000687073 0.0121547 0.0151447 0.00199649 0.0218442 0.0175895 0.00402262 0.0254119 -0.00559369 0.0170463 0.00350243 0.00434337 0.016261 -0.00281541 0.00321124 -0.0138538 0.0126402 0.0302926 0.0210813 0.000285558 0.000387249 0.00255287 0.0151908 0.00924996 0.00169406 0.00205011
internal_weight=16643.3 10570.5 6072.83 4712.89 4516.69 196.198 183.229 2105.63 139.428 126.078 68.9416 29.2409 348.604 39.8655 1757.02 1665.53 144.493 61.2383 1521.04 110.848 29.8948 83.255 62.9709 10249.3 10198.1 3268.81 207.997 184.686 3060.81 3019.71
internal_count=360064 232550 127514 97685 93897 3788 3510 32382 2959 2712 1375 581 6891 626 25491 24287 1607 710 22680 1350 455 897 731 226639 226054 75147 4914 4365 70233 69412
is_linear=0
shrinkage=0.05


Tree=93
num_leaves=31
num_cat=0
split_feature=9 11 3 24 14 12 2 23 11 23 19 9 4 24 24 7 13 11 8 24 12 15 15 9 23 13 1 14 0 11
split_gain=7.83717 8.08555 6.82911 8.24642 7.06785 9.19799 7.6545 9.60867 10.1474 7.74098 7.068 6.7943 6.14577 5.8571 7.02906 6.19473 7.23841 5.37669 8.414 13.6544 7.8483 9.673 7.83268 7.78093 9.07785 16.5437 7.56889 12.4446 11.0161 7.58076
threshold=1.0000000180025095e-35 0.0032151562627404933 0.0027473547961562876 0.0062829756643623122 0.0027096342528238897 0.0017907843575812878 -0.0017920582904480396 -0.0035211382200941439 0.0011523944558575752 -0.0014353003934957085 -0.0018058450659736989 2.8655604124069218 -0.0010603829286992548 0.019753580912947658 0.016964559443295005 0.0007906701066531242 0.0027049035998061304 2.9189486503601079 1.3761216166585657e-07 0.0034683463163673882 0.00048538103874307131 0.00040279104723595088 0.00046661459782626485 2.6934574842453007 -0.0053760551381856194 0.0010016560554504397 -0.0037867467617616053 0.0018931879894807937 0.0011490731267258527 4.4649772644042978
decision_type=2 2 2 2 2 2 2 2 2 2 2 2 2 2 2 2 2 2 2 2 2 2 2 2 2 2 2 2 2 2
left_child=-1 2 3 4 5 6 -2 10 -9 12 -8 13 -10 14 17 16 -16 -3 19 20 21 -19 -22 26 -25 -26 -24 28 29 -28
right_child=1 11 -4 -5 -6 -7 7 8 9 -11 -12 -13 -14 -15 15 -17 -18 18 -20 -21 22 -23 23 24 25 -27 27 -29 -30 -31
leaf_value=-0.007053243121258968 0.04383288734060653 0.0004749007464891062 -0.007823127945637904 0.044216722522807998 0.030712637697306797 -0.019642760160439664 -0.037213817225140194 0.045403936395033165 0.016634942107126956 0.035111017563100137 0.0093421094142897947 -0.0067790070661072552 -0.025434361634533692 0.01449654662338825 -0.0415447594239335 0.0076425472403506738 0.0025851765722259635 0.0067136148473206066 -0.0087765970337303663 -0.0094940977698779808 0.050639662978464242 -0.028026485235641135 -0.018850840638017091 -0.0048230634951205303 0.01183076806738583 0.098657892947457845 0.0023833867519919682 0.054520781341374162 -0.028716549622258239 0.027182800986383839
leaf_weight=378.81229409575462 15.804528275504707 14575.527058488689 48.064261486753821 19.311800753697753 33.300374362617731 29.756315058097243 17.812425358220935 21.597385074943304 14.783770765177904 14.614797798916696 15.032536957412956 352.86098026670516 21.031338849104941 71.681851174682379 28.729141164571047 18.128660787828267 13.734418412670491 54.739234542474151 412.63412324059755 202.94605578947812 12.162009976804255 31.607038494199514 27.03530397079885 11.239249856211243 12.377858947962524 9.853118207305668 92.54382626991719 14.154662864282725 20.392094008624554 46.199085799977183
leaf_count=12574 269 307479 694 256 370 475 330 392 269 306 292 9063 404 1134 521 415 195 1197 11978 4984 362 1095 468 217 308 189 1960 233 418 1073
internal_value=5.62148e-05 0.000221849 0.00912438 0.0131361 0.00986933 0.00525539 0.0113947 0.00650622 0.0167264 0.00444476 -0.015906 8.22039e-05 -0.00806898 0.000236848 0.000171257 -0.0168254 -0.0272714 0.0002376 -0.00341135 0.000724815 0.00696576 -0.00600299 0.0115186 0.00948352 0.031799 0.0503139 0.00575506 0.00959388 0.00559775 0.0106412
internal_weight=16638.5 16259.7 251.11 203.045 183.733 150.433 120.677 104.872 72.0273 50.4299 32.845 16008.5 35.8151 15655.7 15584 60.5922 42.4636 15523.4 947.884 535.25 332.303 86.3463 245.957 233.795 33.4702 22.231 200.325 173.29 159.135 138.743
internal_count=359920 347346 4057 3363 3107 2737 2262 1993 1371 979 622 343289 673 334226 333092 1131 716 331961 24482 12504 7520 2292 5228 4866 714 497 4152 3684 3451 3033
is_linear=0
shrinkage=0.05


Tree=94
num_leaves=31
num_cat=0
split_feature=12 4 13 3 5 24 22 7 1 22 1 5 13 4 0 12 24 6 12 14 11 5 11 1 7 13 23 3 14 8
split_gain=6.03147 10.3831 10.7245 7.03667 8.45596 7.47386 8.13875 9.48588 7.53028 7.3339 8.42454 6.68116 6.65981 6.40071 10.3945 10.3342 8.00231 7.11281 6.59198 8.6552 6.73258 6.21131 7.18274 6.18369 8.52957 7.67375 7.62547 6.77684 6.70959 8.28992
threshold=0.00022418783919420096 0.0014029344893060627 0.00029428028210531926 -0.0011758480686694381 0.0048801500815898189 1.0000000180025095e-35 -0.00052461805171333243 1.3177722735235878e-07 -0.0003045685298275202 4.500537033891306e-05 0.00063261110335588466 0.00069335821899585437 0.00046041070891078567 0.00031618887442164128 -0.00030890651396475727 1.0000000180025095e-35 0.00090013246517628442 0.00030334053735714411 0.0001963348549907096 0.00025242666015401488 0.0011523944558575752 7.3825252911774455e-05 0.20234236121177676 0.00023569618497276681 7.2619004640728249e-05 0.00027922462322749203 -0.0051498247776180497 -0.00018180165352532637 0.00029772979905828839 7.4334206146886586e-05
decision_type=2 2 2 2 2 2 2 2 2 2 2 2 2 2 2 2 2 2 2 2 2 2 2 2 2 2 2 2 2 2
left_child=1 3 -3 -1 5 8 11 9 -5 -8 13 23 -9 14 -11 -15 -17 18 20 -20 -16 -22 -23 24 26 -26 -7 -25 29 -28
right_child=-2 2 -4 4 -6 6 7 12 -10 10 -12 -13 -14 15 17 16 -18 -19 19 -21 21 22 -24 27 25 -27 28 -29 -30 -31
leaf_value=-0.014980763257457681 0.00018801984934251078 -0.036098077272937006 -0.0066218132889104475 -0.00054157990108802824 0.049370111186181585 0.056876925840869591 -0.0093126140090249807 -0.020144271016339768 -0.036877049312030917 0.068123890722529029 0.059622508477974581 -0.025850894340069031 0.026891020151258695 0.052668079107400789 0.040035989082411558 -0.048409054175220734 -0.0022947383295284971 0.037882817121881622 -0.0069794196112168798 0.073877508081190521 -0.043141962056924221 0.034973689891046982 -0.015788686947237583 0.010546509119220979 0.012272056636713536 0.074510875907599874 -0.002902079648761866 0.076530712742738316 -0.014686751826820763 0.06607411110267089
leaf_weight=85.79251532536 15856.069296169095 47.310736127197742 88.736284459009767 30.643640307709575 8.6805700901895744 5.9716059984639278 88.679388475604355 82.851334467530251 26.668210883624852 8.4671234879642707 7.5955046107992521 9.7008207216858846 8.2777412142604572 7.6787797808647147 7.0952097577974191 10.672157676890491 79.402783388271928 18.036411710083485 6.5177868735045177 6.7240443406626582 12.053265498019753 9.7190290447324497 24.624724268913269 7.1563866287469855 10.861729098483922 9.1031920537352544 12.187497287988664 8.5285884290933591 37.836217270232737 6.7789785135537377
leaf_count=3202 333571 1733 3110 697 192 190 2851 3029 1118 111 209 374 297 276 289 338 2453 399 190 222 525 297 846 224 410 306 508 245 1412 249
internal_value=-2.24071e-05 -0.00433123 -0.0168723 -0.00165826 0.000410423 -0.000371064 0.00164072 -0.00181619 -0.0174491 0.00264265 0.0079813 0.0137386 -0.0158718 0.00592759 0.0152999 -0.00301176 -0.0077584 0.0100237 0.00249416 0.0340788 -0.0053245 -0.0122612 -0.00142331 0.0176406 0.0121839 0.0406504 0.00313028 0.0464249 -0.00252004 0.0217513
internal_weight=16630.4 774.352 136.047 638.305 552.513 543.832 486.52 378.395 57.3119 287.266 198.587 108.125 91.1291 190.991 93.2376 97.7537 90.0749 84.7705 66.7341 13.2418 53.4922 46.397 34.3438 98.4242 82.7392 19.9649 62.7743 15.685 56.8027 18.9665
internal_count=359873 26302 4843 21459 18257 18065 16250 12332 1815 9006 6155 3918 3326 5946 2879 3067 2791 2768 2369 412 1957 1668 1143 3544 3075 716 2359 469 2169 757
is_linear=0
shrinkage=0.05


Tree=95
num_leaves=31
num_cat=0
split_feature=0 6 7 15 0 15 12 3 0 15 5 5 9 5 4 19 21 3 4 7 11 9 0 21 21 14 15 8 0 5
split_gain=5.85781 15.0841 10.5754 8.90996 11.5565 12.1132 8.24819 17.6858 10.9876 10.8305 13.0886 15.1213 13.1353 11.1589 10.7042 18.9608 12.366 10.5126 10.3043 10.1352 9.48166 21.1451 22.407 16.6528 9.00805 8.469 14.5555 14.9198 18.529 8.4138
threshold=-0.00020941311959177253 -0.00031170451256912196 0.0029881892260164027 0.00024135704006766903 -0.00031199741351883853 0.00022592314053326848 0.00052416586549952637 -0.0014757229946553705 0.00042089018097613012 0.0004523827374214307 0.0010571383172646167 0.00071751026553101848 0.99454301595687877 0.00061447077314369391 -0.0021252817241474982 -0.0026177058462053533 -0.0016110172145999966 0.0010846640798263254 -0.0024210411356762047 0.00061890765209682297 0.43621118366718298 0.38896547257900244 0.00021907005429966378 -3.7663958210032426e-05 0.00016544160462217408 0.00063460678211413335 0.0005870200984645636 7.2503171395510449e-05 0.00052958622109144937 0.00053987908177077781
decision_type=2 2 2 2 2 2 2 2 2 2 2 2 2 2 2 2 2 2 2 2 2 2 2 2 2 2 2 2 2 2
left_child=3 -2 6 4 -1 -6 7 8 -3 10 11 13 -13 20 15 16 -9 -17 24 -16 21 23 -23 -8 -18 -11 27 28 -27 -22
right_child=1 2 -4 -5 5 -7 9 14 -10 25 -12 12 -14 -15 19 17 18 -19 -20 -21 29 22 -24 -25 -26 26 -28 -29 -30 -31
leaf_value=0.030009094753459295 -0.011911236321184265 -0.018392907275414188 -0.03459318004477685 0.00052606322980716788 -0.018223367948957191 0.025097928145555944 0.044094867569954163 0.06553241624668775 0.010779089521651996 -0.0060875070127171214 -0.035277147776580031 0.018157285111142826 0.089048517116784506 -0.03135950595979755 -0.0020933597562284301 -0.013211682267663213 0.0016800600640541515 0.033685603062721246 0.052479740918151122 -0.024175038722520571 -0.014228275382328615 0.021289984261963681 0.13587427378180061 -0.031694411862353493 0.050414257080161499 0.0081795521792408961 0.00020913657511655612 -0.0038964771547196683 0.083366363366117593 0.037633605552424371
leaf_weight=59.338710268959403 315.36051006894559 252.45753297489136 23.108662528917193 6047.9208066668361 39.082790544256568 27.482732879929245 14.500849990174173 15.31410737428814 37.010359624400735 539.41340537182987 12.286806138232349 13.430883303284647 12.725142349489031 14.047029709443448 2497.0854928279296 83.93827433232218 63.158306633122265 13.933253882452844 16.682838941924274 53.069017576985061 30.340738339349627 8.882401395589115 8.2100875750184041 14.490751953795554 11.157104786485432 15.651206666603683 6336.9332394292578 24.690974702127278 17.198633453808725 10.536328572779892
leaf_count=601 11642 9009 887 106056 455 313 373 471 796 15421 469 306 312 320 72372 2746 1842 352 468 2140 833 264 165 371 256 363 129006 610 337 252
internal_value=-0.000421103 -0.00114221 -0.000807298 0.000800125 0.0139649 -0.000337418 -0.000730127 -0.00290645 -0.0146631 0.000206392 0.0140026 0.0187641 0.0526465 0.00999027 -0.00167089 0.00934478 0.023964 -0.00653526 0.0169684 -0.00255288 0.0166696 0.032219 0.0763286 0.00621343 0.00899661 -7.10711e-05 0.000436452 0.0254706 0.0475438 -0.00086054
internal_weight=16629.4 10455.6 10140.3 6173.83 125.904 66.5655 10117.1 3043.81 289.468 7073.34 139.451 127.164 26.156 101.008 2754.34 204.184 106.312 97.8715 90.9983 2550.15 86.9612 46.0841 17.0925 28.9916 74.3154 6933.89 6394.47 57.5408 32.8498 40.8771
internal_count=359808 252383 240741 107425 1369 768 239854 90452 9805 149402 3665 3196 618 2578 80647 6135 3037 3098 2566 74512 2258 1173 429 744 2098 145737 130316 1310 700 1085
is_linear=0
shrinkage=0.05


Tree=96
num_leaves=31
num_cat=0
split_feature=1 11 20 23 15 9 9 24 24 19 11 22 23 9 6 14 8 0 15 5 5 5 18 5 5 5 21 18 9 15
split_gain=5.24899 7.85739 7.02334 8.46617 8.89611 12.3915 11.2978 8.48391 10.2804 5.51561 8.12209 7.15932 5.41498 5.29782 7.88132 5.23106 13.0194 13.3203 12.3078 12.5993 10.3176 9.3039 11.5699 11.7293 16.3794 10.7129 10.6837 10.0851 9.97928 9.95989
threshold=-0.0050744253676384679 0.024559219367802147 -0.0042277860920876256 -0.015708861872553822 0.0016287986072711649 0.58899605274200451 1.7111164331436159 -0.00054093592916615296 0.0004442512290552259 -0.011211905162781475 1.145273804664612 0.0046783629804849633 -0.019026439636945721 0.93121603131294262 -0.0012040214496664701 0.00092007280909456323 0.00051689762040041398 0.00066533504286780964 0.00090693551464937638 0.0021232496947050099 0.0023112546186894183 0.00053987908177077781 -0.0062842031475156537 0.00063106964807957422 0.00071751026553101848 0.00066336215240880858 -0.00082564709009602655 -1.0000000180025095e-35 2.4730365276336674 0.0003221687074983493
decision_type=2 2 2 2 2 2 2 2 2 2 2 2 2 2 2 2 2 2 2 2 2 2 2 2 2 2 2 2 2 2
left_child=1 -1 3 12 5 -5 13 -7 -9 10 -3 -11 -2 14 -6 16 18 -18 20 -20 21 26 -23 28 25 29 27 -4 -24 -25
right_child=2 9 15 4 6 7 -8 8 -10 11 -12 -13 -14 -15 -16 -17 17 -19 19 -21 -22 22 23 24 -26 -27 -28 -29 -30 -31
leaf_value=-0.026332145756179884 0.0060873303219675292 0.035294699685356055 -0.0053224735094953906 -0.026847223672991506 0.054740320246110967 -0.0035571709429094885 0.060751308663540816 0.06678458355910695 0.0060200567426070229 -0.010672098528987956 -0.0043593933593537694 0.027510205582985947 -0.027345695979026436 -0.0067391171235907255 0.0092434415138816436 0.001084188082227028 -0.014379326555343337 0.0052956377377425846 -0.0074799396371198704 0.024203216117738069 -0.029985016831339042 0.025082764933403331 0.0066995233335565346 0.028280379592631001 0.0023214072155128035 -0.014588574794976002 5.1628096836380156e-05 -0.029878224971419343 0.035297623806943283 -0.0040480538464829014
leaf_weight=43.210720518603921 27.551835732534528 20.853645514696836 602.97314161527902 23.717605290934443 15.173094939440487 27.019769141450524 18.978434396907687 13.636314781382682 14.218540130183099 151.40242889337242 33.912988005205989 13.360218117013572 21.610738581046462 17.436589039862156 25.542339999228716 7896.8230545893312 320.70743876136839 117.55906429514289 756.55121585633606 32.736170153133571 27.792691797949374 55.524558108299971 609.31297467462718 29.016217801719904 2214.282425028272 264.24665732681751 3015.0291176978499 44.928980360738933 32.112221468240023 133.15618692710996
leaf_count=898 390 280 17266 384 167 527 275 229 257 2507 558 199 333 249 410 143939 11325 2159 17855 681 1195 1097 13497 482 50203 6482 80727 1276 665 3182
internal_value=0.000168237 -0.00684284 0.00028085 0.00948003 0.0151909 0.00335181 0.0272543 0.0164043 0.0357673 -0.00300669 0.0107398 -0.00757598 -0.00860906 0.0163223 0.0261984 0.000164165 -0.000715839 -0.00910178 -0.000245714 -0.00616586 0.000419119 0.000539825 0.00244937 0.00206647 0.000593341 -0.00838006 -0.00120014 -0.0070253 0.00813125 0.00173622
internal_weight=16620.4 262.74 16357.6 204.885 155.723 78.5922 77.1305 54.8746 27.8549 219.529 54.7666 164.763 49.1626 58.152 40.7154 16152.8 8255.93 438.267 7817.66 789.287 7028.38 7000.58 3337.65 3282.13 2640.7 426.419 3662.93 647.902 641.425 162.172
internal_count=359694 4442 355252 3221 2498 1397 1101 1013 486 3544 838 2706 723 826 577 352031 208092 13484 194608 18536 176072 174877 75608 74511 60349 10146 99269 18542 14162 3664
is_linear=0
shrinkage=0.05


Tree=97
num_leaves=31
num_cat=0
split_feature=19 4 2 21 12 3 11 15 19 15 14 9 2 11 14 13 0 19 22 19 14 0 6 12 11 0 0 4 19 3
split_gain=5.97045 10.6151 12.2194 11.3169 13.4159 12.943 13.8735 13.0904 12.2983 12.0455 11.7152 11.5517 11.2561 12.1563 9.9569 15.3379 9.58075 8.66733 12.4001 8.58119 9.25433 8.50559 11.6344 13.6651 8.30594 9.83249 10.6589 8.38219 9.65309 11.5255
threshold=0.00032831737189553683 0.00091696850722655665 0.00031781343568582093 0.00042109789501409983 0.002959378645755351 0.00030381286342162644 0.59802234172821056 0.00078632260556332778 0.0019050271366722884 0.00030473012884613132 0.00046621810179203754 0.32434074580669409 -0.0007872466230764984 1.0390164852142336 0.00088534277165308606 0.00058580751647241424 0.00022523368534166369 0.0020993964280933146 0.0016650405596010389 0.0034781692083925013 0.0022899983450770382 -0.00015052872913656754 7.1108581323642297e-05 0.00094598659779876481 0.077130097895860686 0.00080169091233983647 0.00028028884844388818 0.0017574947560206058 0.0048310202546417722 0.0017515657818876209
decision_type=2 2 2 2 2 2 2 2 2 2 2 2 2 2 2 2 2 2 2 2 2 2 2 2 2 2 2 2 2 2
left_child=-1 -2 3 9 5 6 7 10 -8 -3 -5 -12 13 -10 -4 16 -16 18 -11 -17 -21 -14 23 -23 25 26 27 -7 -29 -30
right_child=1 2 14 4 -6 24 8 -9 12 17 11 -13 21 -15 15 19 -18 -19 -20 20 -22 22 -24 -25 -26 -27 -28 28 29 -31
leaf_value=0.00090199769201846931 -0.0034746504362989971 0.02710255789605704 -0.0053647220301887653 -0.014391416541306618 -0.012869097259060922 0.048531703893871958 -0.0045947684700899088 0.001397889501960197 0.052140556427135193 -0.015650509248008617 0.092520591717665884 0.02840075496397243 0.021662982340729081 -0.011939841448057828 0.010494083335920498 0.0071360250711807911 0.084477594151424806 0.00039214843867415835 0.0396163471372772 -0.0036921424578452672 0.007688062060274916 0.15180553627713192 0.044769380725300782 0.054781192516176726 0.002585166448401773 0.038065740271976518 -0.039620954397012818 -0.010149844817084863 0.070766065147565518 0.0082175589441628987
leaf_weight=9244.7838629381731 2738.2899513114244 34.868992860428989 1109.5984477563761 10.451169662177561 84.596635564230382 14.336843803524969 18.599854538217187 140.99911395739764 13.208338128402831 171.00761768221855 9.6487565059214813 25.823884772136807 13.99596910830587 16.833185182884336 8.7856134697794932 354.6222356185317 8.718329153954981 495.91018064878881 10.789619160816072 1015.5530845113099 216.77455294597894 7.1095172548666579 22.294512287713587 7.412930017337203 729.50415814481676 36.843526454642415 10.56417050398886 39.994054938666523 10.118809089064596 27.061024487018585
leaf_count=195328 64540 685 29407 291 1239 386 434 2532 236 4141 235 552 269 317 244 6574 169 10361 234 20144 3442 228 404 183 15417 369 180 1021 234 686
internal_value=5.46295e-05 -0.00100337 0.000446924 0.00346406 0.00635079 0.00775877 0.0169766 0.00894925 0.032064 -0.00155689 0.0321341 0.0458417 0.040497 0.0162343 -0.00172303 0.000795475 0.0473436 -0.00303146 -0.0123704 0.000282052 -0.00169029 0.0548415 0.0674544 0.10228 0.00471902 0.0159246 0.0079328 0.0134225 0.00690014 0.0252407
internal_weight=16649.1 7404.32 4666.03 1951.97 1239.4 1154.8 286.377 186.923 99.4543 712.576 45.9238 35.4726 80.8545 30.0415 2714.05 1604.45 17.5039 677.707 181.797 1586.95 1232.33 50.8129 36.817 14.5224 868.423 138.918 102.075 91.5107 77.1739 37.1798
internal_count=360482 165154 100614 40634 25213 23974 5681 3610 2071 15421 1078 787 1637 553 59980 30573 413 14736 4375 30160 23586 1084 815 411 18293 2876 2507 2327 1941 920
is_linear=0
shrinkage=0.05


Tree=98
num_leaves=31
num_cat=0
split_feature=3 23 10 21 23 3 21 8 9 1 24 14 0 14 1 7 0 14 15 15 8 2 8 20 15 8 8 19 24 19
split_gain=5.73385 7.0622 7.44786 7.38582 7.30475 7.13097 12.9644 7.92596 8.07928 25.3695 8.92439 7.17152 7.07812 8.50347 8.4144 7.04412 14.8226 8.04362 11.7476 11.3539 9.7227 12.5839 16.0411 16.562 12.2571 10.0226 13.6157 13.5473 9.56314 15.4562
threshold=-0.011205689515918492 -0.010069642215967177 4.6972055435180673 -0.0015128199593164025 -0.010581733193248509 -0.0027593515114858742 -0.0039772032760083667 0.0026396837783977394 2.9259296655654912 -0.0018231051508337257 -0.0012420327984727917 0.00049415999092161666 -0.0046792747452855101 0.0023712627589702611 -0.0054256101138889781 0.00041808205423876649 -0.00081163342110812653 0.00092007280909456323 0.00099712720839306734 0.00093563282280229043 0.00010603891496430153 0.00051295914454385649 0.0001697937696008012 -0.00036367603752296413 0.00087429632549174141 0.0003063882031710819 0.0007525667897425593 0.0025246940786018972 0.0071816355921328076 0.0090814791619777697
decision_type=2 2 2 2 2 2 2 2 2 2 2 2 2 2 2 2 2 2 2 2 2 2 2 2 2 2 2 2 2 2
left_child=-1 2 3 -2 -5 7 -7 8 10 -10 -3 -12 13 -8 -14 17 -17 18 -16 20 -19 22 -22 -24 -25 -23 27 -27 29 -20
right_child=1 5 -4 4 -6 6 12 -9 9 -11 11 -13 14 -15 15 16 -18 19 28 -21 21 25 23 24 -26 26 -28 -29 -30 -31
leaf_value=-0.013231679026408991 0.0071055066697337512 -0.021626129404549568 -0.027501155259184958 -0.020193588063467934 0.017587560503557139 0.047136446581147406 -0.040757907327175338 -0.029377787120337274 0.063475685043479058 -0.018149257164237442 -0.024882412732090926 -0.0020675782251540465 0.037226429964661432 -0.0052472972431597256 -9.12368860463819e-05 0.0046360842907026151 -0.0062508609209291069 0.0044981885960240515 -0.01059559214658775 0.0011846181066477929 0.087451935247602947 -0.020643523960226864 0.001270761046256452 0.020002923283116304 0.074566732343138958 0.070040563033648959 -0.010606790341202908 0.0023147621487820155 -0.044486782254934625 0.041761623536919049
leaf_weight=82.321582306176424 664.28370723780245 63.329479169100523 17.489915492944419 49.212848337367177 17.287940749898553 14.673862198367713 22.006615521386266 28.281916366890073 17.888209366239607 20.347246509976685 35.144811880774796 1727.9662351831794 15.333035077899693 72.06568593159318 6891.0524704596028 442.36403948813677 1066.1842005685903 465.87867256626487 269.07927120383829 4455.4772495375946 11.00454407930374 27.51928897947073 42.360204470343888 21.796196274459362 19.501038264483213 16.232889186590914 25.383481683209538 13.54522489197552 19.006931841373444 14.874999176710842
leaf_count=1231 10625 1406 392 752 277 228 329 688 344 583 1089 33955 272 782 171717 6138 31704 7905 6893 78492 195 506 888 427 376 320 507 275 497 392
internal_value=-6.85263e-05 -3.11681e-06 0.00474338 0.00551509 -0.0103718 -0.000227647 0.000163764 -0.00310701 -0.00270856 0.0200384 -0.00318475 -0.00252236 0.000114214 -0.0135544 0.000207278 0.000166151 -0.00305839 0.000561863 -0.00051489 0.00208111 0.00829093 0.0182545 0.030702 0.023237 0.0457686 0.00400313 0.016299 0.039234 -0.0101512 -0.00785285
internal_weight=16648.9 16566.6 748.274 730.784 66.5008 15818.3 13925.3 1892.96 1864.68 38.2355 1826.44 1763.11 13910.7 94.0723 13816.6 13801.3 1508.55 12292.7 7194.01 5098.7 643.222 177.343 94.662 83.6574 41.2972 82.6809 55.1616 29.7781 302.961 283.954
internal_count=360185 358954 12046 11654 1029 346908 308843 38065 37377 927 36450 35044 308615 1111 307504 307232 37842 269390 179499 89891 11399 3494 1886 1691 803 1608 1102 595 7782 7285
is_linear=0
shrinkage=0.05


Tree=99
num_leaves=31
num_cat=0
split_feature=1 12 21 11 14 15 0 9 14 23 1 6 2 15 7 9 24 13 12 9 21 2 15 24 20 0 6 23 14 10
split_gain=5.22376 9.37245 12.9126 8.65859 6.91962 17.3243 10.8293 10.7151 11.7474 9.9214 8.90217 8.01247 7.77444 7.49804 9.73117 10.8325 11.1428 14.0617 16.1974 14.5169 10.1143 16.769 9.62285 9.48333 9.31662 8.52073 10.4367 8.67318 13.4286 10.2628
threshold=-0.0035077466163784261 0.0031862527830526237 -0.0058813961222767821 0.21530413627624514 0.0010234205401502552 0.0010025408701039853 0.0024106070632115011 0.042820377275347717 0.00089947041124105464 -0.0017512112390249965 -0.0010857355082407592 0.0012073041871190073 0.0010215548099949958 0.0011278656893409791 0.0016182867111638191 2.1276843547821049 0.0033058018889278178 0.0008178801799658687 0.0014013713225722315 2.6253339052200322 -0.00082564709009602655 -0.0031484906794503327 0.0010083372471854093 0.00030128422076813882 0.0025116326287388806 -0.0016527408151887355 -0.0014641972375102339 -0.0028007936198264356 0.0022374560358002786 0.049265589565038688
decision_type=2 2 2 2 2 2 2 2 2 2 2 2 2 2 2 2 2 2 2 2 2 2 2 2 2 2 2 2 2 2
left_child=1 -1 -3 -4 5 6 -2 8 12 10 -10 -9 -7 14 15 20 17 -17 19 22 23 -22 -19 -6 -23 27 -27 28 29 -15
right_child=4 2 3 -5 13 7 -8 11 9 -11 -12 -13 -14 25 -16 16 -18 18 -20 -21 21 24 -24 -25 -26 26 -28 -29 -30 -31
leaf_value=-0.0085559630654377782 -8.3356316122094342e-05 0.027648863351046261 -0.016997193049504925 0.010181695582171878 0.010975479170619386 -0.029520737166066083 -0.047669108790516571 -0.0081091453513758138 0.05053807239145372 0.05821973253924554 -0.0084075478197644712 -0.028116236155345972 0.030337271605042772 0.028189663749691507 -0.037577528437654772 -0.025189502523430059 0.0026086966307700844 0.03860656536476266 -0.0098723558664028637 0.019866018461597718 0.063124443202220243 0.0074158542438832785 0.090228092397078907 -0.0061490946846841825 -0.0089516940089258198 -0.011698735491524219 -6.1374106476378481e-05 -0.0076900855684945181 -0.0025330179085004591 0.0082502535569574133
leaf_weight=433.68553651124239 8651.5688251331449 46.887832017615438 58.564397944137454 58.650878898799419 102.36501335911453 21.849854691885415 11.972516112960873 693.33026708755642 9.1531530823558551 15.691749973222612 21.335112796165053 53.935355048626661 7.2160536628216496 74.515936534851789 13.726943105459211 10.78711214289069 76.666687602177262 16.168201304972172 15.778179503977297 28.553180489689112 12.848259169608353 777.20535505749285 20.441885482519865 384.59212061204016 97.89308862388134 202.86644175369292 3829.9708636868745 124.93953401222825 278.21506650187075 481.70025792717934
leaf_count=8034 212614 598 977 855 1660 652 455 16840 204 374 517 1125 193 771 459 239 1506 269 261 550 228 13280 350 6730 1941 4775 72978 1647 2813 6129
internal_value=-0.000115556 -0.00470479 0.00547296 -0.00339772 5.55285e-05 -0.0008075 -0.000149117 -0.00774227 0.010242 0.0259155 0.00928904 -0.0095532 -0.0146601 0.00130556 0.00433489 0.00470768 0.0166773 0.0284358 0.0355825 0.0465887 0.00324167 0.00641747 0.0674304 -0.00254928 0.00558489 0.000360736 -0.000646776 0.00459594 0.00643553 0.0109215
internal_weight=16633.1 597.789 164.103 117.215 16035.3 9486.05 8663.54 822.512 75.2459 46.18 30.4883 747.266 29.0659 6549.23 1557.03 1543.3 168.395 91.7286 80.9414 65.1633 1374.9 887.947 36.6101 486.957 875.098 4992.21 4032.84 959.371 834.431 556.216
internal_count=360024 10464 2430 1832 349560 232974 213069 19905 1940 1095 721 17965 845 116586 27473 27014 3175 1669 1430 1169 23839 15449 619 8390 15221 89113 77753 11360 9713 6900
is_linear=0
shrinkage=0.05


Tree=100
num_leaves=31
num_cat=0
split_feature=13 5 9 2 9 12 1 22 19 11 5 14 1 13 15 13 15 22 14 19 10 21 14 9 10 12 14 11 15 10
split_gain=5.36709 16.7399 12.1954 10.6766 10.0854 11.6944 11.5563 15.8699 10.3226 10.0447 13.4619 10.6261 10.1185 10.7291 9.12724 12.1381 9.06613 12.6534 9.49539 12.122 11.0952 9.96911 11.0678 8.84824 8.78783 11.2352 11.1453 9.44655 8.71092 14.6639
threshold=0.00073959471774287533 0.0048801500815898189 2.2769502401351933 0.0043070227839052686 1.3662732839584353 0.00090823965729214262 0.0015601177001371982 0.006334475940093399 0.0010126947890967133 0.67084068059921276 0.0010753266396932306 0.00082179612945765268 0.00041644253360573208 0.00062295058160088967 0.00029911367164459085 0.00031704138382337993 0.0010025408701039853 0.002761070267297328 0.00095230268198065471 0.0007254919910337777 0.81287148594856273 0.0009647540282458068 0.0010353932739235463 1.8164969086647036 1.3614711165428164 0.00090823965729214262 0.00065468551474623393 2.477492213249207 0.00060524785658344637 0.72790819406509411
decision_type=2 2 2 2 2 2 2 2 2 2 2 2 2 2 2 2 2 2 2 2 2 2 2 2 2 2 2 2 2 2
left_child=1 2 3 4 6 9 7 16 -7 10 12 -12 23 -14 -4 -16 18 -18 24 20 -20 22 -21 -6 25 28 27 -26 -1 -30
right_child=-2 -3 14 -5 5 8 -8 -9 -10 -11 11 -13 13 -15 15 -17 17 -19 19 21 -22 -23 -24 -25 26 -27 -28 -29 29 -31
leaf_value=0.0011514600602930626 0.00060723813363991496 0.071624694859067362 0.0062966306373655996 0.052006604118217982 0.017888592299752117 0.010770314037487393 -0.014990031841576693 0.065129819628454974 0.085404193158557185 -0.00010680476886729801 0.071229607238615197 0.0065314912496597689 -0.021823086387172824 0.027263670855451623 -0.036057190090786839 -0.0090554954305648496 -0.017100154560547455 0.020276805064211652 -0.015889035837501026 0.046091520831151256 0.041161137451341756 0.068978553022008657 -0.015743948657634642 -0.0035574408040697199 -0.018853334982638054 -0.024140325463145085 0.010015865109182912 0.0055826536265092376 -0.0069357116128559524 0.0068871998829998886
leaf_weight=2609.0815805206075 10289.750060272403 7.8722181422635904 77.985805672593415 9.5833427906036359 169.99751691613346 11.07221289444715 162.81031209602952 8.9383972557261568 7.9662591591477385 939.6436961190775 15.343416506424548 10.823246415704487 48.984996189363301 14.405748192220925 47.732773720286787 325.02752485405654 169.08938110340387 26.144365553744137 36.274715714156628 15.666397515684368 11.139459790661929 13.915296945720909 13.448462614789603 67.070865073241293 202.89961945544928 50.730746779590845 59.215634764172137 49.126744610257447 919.89248992223293 242.42556784022599
leaf_count=68052 191144 111 1595 257 4212 281 4072 237 201 25917 382 216 1223 338 1816 10305 4754 692 738 339 229 279 277 1741 5770 1159 1498 1411 24449 6369
internal_value=-9.79905e-05 -0.00124179 -0.00133232 -0.000725285 -0.000811286 0.00310354 -0.00190734 -0.00142631 0.0419993 0.00251874 0.010072 0.0444687 0.00707639 -0.010668 -0.00925875 -0.0125131 -0.00156093 -0.0120949 -0.00107403 0.0149524 -0.0024857 0.034167 0.0175291 0.0118211 -0.00142471 -0.000766818 -0.0095038 -0.0140901 -0.000452411 -0.00405266
internal_weight=16634.1 6344.31 6336.44 5885.69 5876.11 1285.31 4590.8 4427.99 19.0385 1266.27 326.626 26.1667 300.459 63.3907 450.746 372.76 4419.05 195.234 4223.82 90.4443 47.4142 43.0302 29.1149 237.068 4133.37 3822.13 311.242 252.026 3771.4 1162.32
internal_count=360064 168920 168809 155093 154836 34511 120325 116253 482 34029 8112 598 7514 1561 13716 12121 116016 5446 110570 1862 967 895 616 5953 108708 100029 8679 7181 98870 30818
is_linear=0
shrinkage=0.05


Tree=101
num_leaves=31
num_cat=0
split_feature=14 20 15 14 15 14 5 0 0 5 1 14 5 5 13 16 5 20 9 22 22 10 3 15 4 5 10 13 6 14
split_gain=5.40852 6.3414 6.07906 17.6809 17.8895 19.1716 14.388 13.7474 24.8915 12.0715 10.7408 10.715 15.3534 17.3099 15.9626 13.7943 11.8952 17.9516 11.3505 10.387 12.9708 9.69696 14.4395 9.26847 11.1059 9.2657 9.18728 9.21331 9.10604 13.4904
threshold=0.00019612345931818711 0.00031997355108615016 0.0003863784513669089 0.00042500697600189602 0.00048001749382819986 0.00047094799811020499 0.00030121616146061575 -0.00064602962811477471 -0.00059153660549782206 0.000226663141802419 0.0012799025280401113 0.00035430694697424775 0.00032218224077951168 0.0005988776101730765 0.00036308298876974737 -0.0010845399228855965 0.00066336215240880858 0.00070198473986238252 1.5372471809387209 -0.0035367824602872129 -0.0027958529535681005 0.81287148594856273 0.00030926242470741277 0.00027481750294100499 -0.00097085259039886285 0.00040051303221844142 1.6842907667160036 0.00035402766661718493 -0.00018016395188169551 0.00031341949943453079
decision_type=2 2 2 2 2 2 2 2 2 2 2 2 2 2 2 2 2 2 2 2 2 2 2 2 2 2 2 2 2 2
left_child=1 -1 6 26 10 -6 9 -8 -9 -2 19 12 14 15 18 -14 17 -15 23 -5 -21 -20 -23 24 -10 28 27 -4 -17 -30
right_child=2 -3 3 4 5 -7 7 8 11 -11 -12 -13 13 16 -16 25 -18 -19 21 20 -22 22 -24 -25 -26 -27 -28 -29 29 -31
leaf_value=-0.006744666962668339 -0.0013428737565449437 -0.042688404488299976 -0.014129261206623486 -0.045880758673104496 -0.015354622235065072 -0.00030112171630518591 -0.024430196045209369 0.043883343782211155 0.034000347055525966 -0.024500621067184186 -0.019736731047868883 0.013750996413802667 0.034488124216543278 0.0065161802200618298 -0.024382413787556675 -0.030743593969621692 -0.015013683745390353 0.069764914940301112 -0.00017258106608202819 0.05815789134738561 0.010143679288842557 0.018927023198467084 0.06855398595312992 0.014956031521660251 -0.0014562817230642723 -0.02895507587409309 -0.023198482129299369 -0.000486648448067952 -0.012373189081808221 0.041065056210008527
leaf_weight=97.646300511434674 207.10371302533895 14.03466985747218 214.61863978300244 7.9958577640354624 214.8753085071221 13490.475366231054 39.372986836358905 41.048679182305932 23.782280338928103 77.269505553878844 30.906970028299838 246.59424264635891 12.689048254862426 154.55174106918275 38.127848582342267 25.827350598759949 59.020430786535144 12.096703456714748 27.122685074806213 14.497468737885354 472.54856098350137 44.375007849186659 21.886711232364178 188.09936738945544 309.48646932840347 107.32372226007283 95.100500354543328 292.30390886496753 35.412222606129944 17.719997564330697
leaf_count=2671 9234 354 7739 228 6596 276070 976 593 339 2680 897 5794 345 2612 647 762 1608 194 439 395 12784 717 384 3296 5052 2887 3461 8597 1136 518
internal_value=-0.00029541 -0.0112616 -0.000221285 -0.000544907 -0.000189859 -0.000537134 0.00262101 0.00469758 0.00553766 -0.00763527 0.00885954 0.00434891 0.00219721 -0.00520336 0.00701063 -0.0159543 0.00427573 0.0111073 0.00895768 0.0106449 0.0115729 0.0250109 0.0353192 0.00608232 0.00107393 -0.0193903 -0.00893793 -0.0062626 -0.00638954 0.00544887
internal_weight=16633.9 111.681 16522.2 14833.3 14231.3 13705.4 1688.91 1404.54 1365.16 284.373 525.949 1324.12 1077.52 424.641 652.88 198.972 225.669 166.648 614.753 495.042 487.046 93.3844 66.2617 521.368 333.269 186.283 602.023 506.923 78.9596 53.1322
internal_count=360005 3025 356980 316767 296970 282666 40213 28299 27323 11914 14304 26730 20936 10062 10874 5648 4414 2806 10227 13407 13179 1540 1101 8687 5391 5303 19797 16336 2416 1654
is_linear=0
shrinkage=0.05


Tree=102
num_leaves=31
num_cat=0
split_feature=24 7 14 3 13 15 10 9 19 11 15 4 4 3 13 0 0 0 3 19 3 6 11 15 5 13 24 11 22 7
split_gain=6.1317 7.64614 9.64881 7.66198 6.32517 6.80668 9.73397 8.36453 6.696 6.07835 6.01567 10.3635 5.81788 15.8825 19.7617 13.3217 12.456 11.3464 12.0629 11.5778 11.8741 11.9139 10.4102 10.3113 16.6772 11.9766 14.2055 14.0905 12.6242 10.1383
threshold=-1.0000000180025095e-35 1.3515385433038321e-07 0.00089947041124105464 -0.0023565916344523426 0.0024790022289380436 0.0019470838014967742 2.7050514221191411 1.6457992196083071 -0.0043705382850021115 0.30297094583511358 0.00081364723155274998 -0.0064921893645077935 -0.0010740561992861328 0.0023831983562558894 0.00079684366937726747 0.00051273650024086248 -0.00036715436726808543 7.2880306106526418e-05 0.0080271144397556799 0.0103251482360065 -1.0000000180025095e-35 -0.0009148293756879865 0.2645153552293778 0.00090693551464937638 0.00040051303221844142 0.0010281620780006053 0.00036294346500653779 0.070127494633197798 -0.0020568094914779063 0.00053119909716770064
decision_type=2 2 2 2 2 2 2 2 2 2 2 2 2 2 2 2 2 2 2 2 2 2 2 2 2 2 2 2 2 2
left_child=1 2 10 4 5 6 7 9 -9 -4 11 -1 13 16 15 22 23 18 19 -14 21 -21 -15 24 -2 26 -26 -28 -29 -19
right_child=12 -3 3 -5 -6 -7 -8 8 -10 -11 -12 -13 17 14 -16 -17 -18 29 -20 20 -22 -23 -24 -25 25 -27 27 28 -30 -31
leaf_value=0.042348987485049006 -0.012180198166588144 0.0034933672347967045 0.023908638150323999 0.034353882439109827 -0.031010266925125353 0.036029170327709553 -0.026171908449863692 0.053711126084354799 0.002804745350348351 -0.011789179187567337 -0.032387673075278116 -0.01447351295144135 -0.0022199991094998309 0.033824868479195372 0.0080134835789923541 0.0086645941685743657 -0.0010002423233850201 0.001978867966853988 -0.018812660777776768 0.046590326304328383 0.0023656132161351956 0.0060468710987763019 0.10137013961571667 0.001533849250683666 0.0033445616560070939 -0.0076817163020104261 0.06029582099834882 0.029389424746607828 0.0090451870198879816 -0.006364089686555871
leaf_weight=8.4270199937745911 79.985804360359907 179.98375591821969 15.266358055174349 14.724996011704205 18.287678325548768 12.143492605537174 33.830643551424146 13.475381188094618 12.407391050830482 54.4748968295753 44.194253214634955 167.90524671692401 5340.6770627126098 10.384372245520355 213.42967336811125 13.697298983111976 3174.0986868953332 4484.3262412492186 104.4363459283486 34.539743846282363 250.78860723879188 38.115524816326797 12.657288890331982 1338.0573077583686 175.54820831865072 66.908911066129804 21.290189132094383 139.09489846136421 168.782171680592 396.31882090354338
leaf_count=210 1486 3968 209 245 230 169 791 218 215 849 987 4568 137020 219 3517 244 78733 79916 2667 500 5613 856 288 16835 3244 912 306 2373 3312 9633
internal_value=2.39196e-05 -0.00504881 -0.00893975 -0.000159077 -0.00333761 0.000236362 -0.00312118 0.00503389 0.0293082 -0.00397493 -0.0158922 -0.0117579 0.000205543 0.00154011 0.0138439 0.0477151 0.000944024 -0.000472935 -0.00197416 -0.00166369 0.00752207 0.0253209 0.070929 0.00404569 0.00920368 0.0121959 0.014831 0.0209568 0.0182365 0.0013014
internal_weight=16638.3 575.121 395.137 174.611 159.886 141.598 129.455 95.624 25.8828 69.7413 220.527 176.332 16063.1 5413.93 250.169 36.739 5163.77 10649.2 5768.56 5664.12 323.444 72.6553 23.0417 1989.67 651.61 571.624 504.715 329.167 307.877 4880.65
internal_count=360333 12659 8691 2926 2681 2451 2282 1491 433 1058 5765 4778 347674 111469 4268 751 107201 236205 146656 143989 6969 1356 507 28468 11633 10147 9235 5991 5685 89549
is_linear=0
shrinkage=0.05


Tree=103
num_leaves=31
num_cat=0
split_feature=14 1 3 6 9 23 5 22 0 24 13 12 22 1 24 24 21 2 13 24 5 11 1 3 3 6 24 22 0 7
split_gain=5.42674 8.34991 7.69941 6.95584 8.43949 7.4498 6.81409 9.30721 6.64198 6.34583 7.05219 9.21069 6.97755 6.74402 6.20558 11.2607 9.30896 9.15383 8.89088 9.66972 18.5339 16.9157 31.4045 13.7092 14.9627 14.8063 9.83985 9.21815 8.74831 10.9707
threshold=0.0028661498799920086 0.0035100040258839731 0.010526881553232672 0.0034828042844310407 1.7111164331436159 -0.0045039975084364406 0.0057649668306112298 0.014090240467339756 0.0018658993067219856 0.0027991993119940166 0.0031245829304680233 0.0024846140295267109 -0.0055880059953778973 -0.0052209587302058926 0.0018622993957251313 0.0017007653368636968 0.00081907815183512877 0.00030518820858560508 0.00029428028210531926 0.0022864448837935929 0.00030121616146061575 0.7071262300014497 0.00099157163640484236 -0.0021252855658531185 0.00082817295333370577 1.0000000180025095e-35 0.0021671103313565259 0.00035515095805749303 -0.00022511537099489939 0.001106296665966511
decision_type=2 2 2 2 2 2 2 2 2 2 2 2 2 2 2 2 2 2 2 2 2 2 2 2 2 2 2 2 2 2
left_child=1 2 14 9 5 -5 7 -3 -4 10 11 -2 -11 -12 15 16 28 -17 -16 20 21 23 -23 -20 -25 26 -26 -28 29 -1
right_child=3 6 8 4 -6 -7 -8 -9 -10 12 13 -13 -14 -15 18 17 -18 -19 19 -21 -22 22 -24 24 25 -27 27 -29 -30 -31
leaf_value=0.00063462302976086615 0.0062252499467888092 -0.007790131008335319 -0.030875926527003779 0.014073345122970468 -0.0051450679593684455 0.054345016387808046 -0.039690632564153873 0.024611990074378292 0.011009404303213689 -0.018794114230004471 -0.020302360382720389 0.051462842811276582 0.0019440626552987362 0.011903252501337599 -0.010980268557307804 -0.0036777974051518027 0.032303015992400985 -0.017555912593185813 0.05596223108899822 0.00050897202207782492 0.0022729288981251402 0.023600737674598249 0.13355626694465977 -0.0031518900534377274 -0.00063822340512041653 0.091223413168208159 0.078138115526708907 0.014316086119281252 -0.0024943786869288109 0.014721016100415672
leaf_weight=2908.0250931447372 23.104141492396593 380.09805988427252 35.908922276459634 26.145199541002512 23.195742454379797 20.478642905130982 15.492998931556938 23.534394918009639 12.852500658482311 45.893084153532982 21.651788137853146 21.934587081894279 349.06164261698723 65.219992268830538 154.1035239668563 396.38917472213507 21.597249618731439 169.67950356379151 16.469352021813393 7677.3758450662717 870.99745031725615 26.868427309207618 8.5634707342833263 106.37394506949931 29.749252644367516 8.0267381295561773 10.270720075815918 12.596844658255575 3010.2008601464331 145.11867421865463
leaf_count=52101 397 7893 796 264 294 196 427 424 167 640 256 304 5143 775 5113 9166 500 4311 336 157663 18091 683 175 2555 774 225 221 295 88200 1738
internal_value=-1.12576e-05 -0.000185426 1.43589e-06 0.00467079 0.0195005 0.0317619 -0.00714992 -0.00590088 -0.0198358 0.00270557 0.0122006 0.0282567 -0.000465679 0.00387638 6.35517e-05 -0.00109244 -0.00046494 -0.00783777 0.00092536 0.00113463 0.00554174 0.0185471 0.0501757 0.0124396 0.00814785 0.0279685 0.018319 0.0429811 -0.000581657 0.00130416
internal_weight=16637 16040.3 15621.2 596.685 69.8196 46.6238 419.125 403.632 48.7614 526.865 131.911 45.0387 394.955 86.8718 15572.4 6651.01 6084.94 566.069 8921.4 8767.29 1089.92 218.919 35.4319 183.487 167.018 60.6436 52.6168 22.8676 6063.34 3053.14
internal_count=360123 351854 343110 8269 754 460 8744 8317 963 7515 1732 701 5783 1031 342147 156016 142539 13477 186131 181018 23355 5264 858 4406 4070 1515 1290 516 142039 53839
is_linear=0
shrinkage=0.05


Tree=104
num_leaves=31
num_cat=0
split_feature=14 15 5 11 6 9 0 0 21 15 11 11 13 9 6 6 13 20 3 2 12 13 6 0 4 0 3 0 21 12
split_gain=5.37301 10.33 12.3746 7.69818 10.0968 8.95896 7.96051 7.7936 7.75609 7.58186 12.856 12.0747 11.1472 6.86771 6.81921 9.27246 10.6541 7.34245 9.0344 7.82808 6.49994 7.50109 5.79304 6.15209 10.899 13.1422 9.23754 8.87343 9.55022 12.5587
threshold=0.0024672780418768529 0.0023869437864050273 0.0014473894843831661 0.0032151562627404933 0.0027400923427194361 0.063413124531507506 0.00010454006041982213 0.0016368100768886509 0.0070253929588943729 0.0027175171999260788 0.49192550778388983 1.3777992725372317 0.0029121865518391137 2.6253339052200322 0.0026189441559836273 0.00087341014295816432 0.0024790022289380436 -0.0017946694861166177 -0.0051015759818255893 -1.0000000180025095e-35 0.0020888170693069701 0.0024790022289380436 0.0034828042844310407 0.0018658993067219856 -0.0054160002619028083 0.0024106070632115011 0.010526881553232672 0.0028577261837199335 0.0029708071378991012 0.0021121263271197681
decision_type=2 2 2 2 2 2 2 2 2 2 2 2 2 2 2 2 2 2 2 2 2 2 2 2 2 2 2 2 2 2
left_child=1 22 -3 5 6 20 -5 -8 13 10 -6 -12 -11 -9 15 16 17 18 -4 -19 -2 -22 23 26 25 -25 -1 -26 -29 -30
right_child=3 2 14 4 9 -7 7 8 -10 12 11 -13 -14 -15 -16 -17 -18 19 -20 -21 21 -23 -24 24 27 -27 -28 28 29 -31
leaf_value=-4.5868653812648886e-05 0.025620369231713076 -0.026844718219311822 0.0013170687520751342 0.0027080023187885252 0.0020514188559142546 0.038263249173714244 -0.038753239058816294 -0.005308142780331873 0.020643285824507487 -0.03243383769361801 0.075848156909109191 0.017704967432621458 0.013730059293117006 -0.033483332809779671 -0.023326042600427328 0.043975751664632017 -0.028007904168211833 -0.04133300297174048 0.057461865746255308 0.0077587980257869896 -0.038521128497381846 0.0060678130765692328 -0.015595670951361907 0.057367652682512586 0.0063040987637882047 0.0059972872583513546 -0.023782055526621385 -0.017355333431391944 -0.010139142405433739 0.032475740786200781
leaf_weight=14504.158193919808 38.968963718041778 78.106226908043027 14.979903459548952 539.23012842331082 29.499533928930759 29.354627046734095 19.42523836158216 156.42810773104429 24.731620877981186 17.004546597599983 17.783321561291814 17.934630421921611 56.614440826699138 25.098245855420828 29.836616523563862 12.602608447894452 27.533600445836782 10.790569994598625 13.734407432377337 32.815695189870894 10.409831829369066 100.42710423655808 58.945948643609881 20.89209452830255 492.10954833170399 30.812856322154403 41.105834927409887 95.798703138716519 43.71266639046371 28.60021810606122
leaf_count=326862 974 2263 222 9027 371 337 305 1551 247 249 205 280 617 337 465 176 453 181 211 669 253 1931 1177 260 6566 354 956 1196 852 386
internal_value=0.000131428 -0.000105923 -0.0108536 0.0035367 0.00165969 0.013005 -0.000591869 -0.00847633 -0.00562487 0.0140646 0.0264788 0.0466534 0.0030671 -0.00920371 -0.00207586 0.00356216 -0.00153845 0.0085389 0.0281718 -0.00438919 0.00805558 0.00188001 4.87361e-05 0.000109178 0.00464742 0.0267542 -0.000112949 0.00291613 -0.00700139 0.00671532
internal_weight=16619.4 15536.5 220.4 1082.91 903.75 179.161 764.913 225.683 206.258 138.836 65.2175 35.718 73.619 181.526 142.293 112.457 99.8542 72.3206 28.7143 43.6063 149.806 110.837 15316.1 15257.2 711.926 51.705 14545.3 660.221 168.112 72.3129
internal_count=359933 343249 4640 16684 13189 3495 11467 2440 2135 1722 856 485 866 1888 2377 1912 1736 1283 433 850 3158 2184 338609 337432 9614 614 327818 9000 2434 1238
is_linear=0
shrinkage=0.05


Tree=105
num_leaves=31
num_cat=0
split_feature=1 23 21 3 21 21 23 4 3 14 6 4 0 6 3 15 15 23 3 20 2 20 13 23 23 23 2 4 22 4
split_gain=5.0415 6.80295 7.90585 8.83349 6.29821 7.62724 8.61664 6.73193 6.53044 7.64467 6.12605 14.1137 10.7086 8.6074 7.86395 9.28015 7.54093 7.88694 8.41237 7.60127 7.76066 7.27073 7.24351 8.55361 10.9475 6.85028 10.0595 12.0441 12.5631 6.76014
threshold=-0.0027050459757447238 -0.0059164734557270995 -0.0036918350961059328 -0.0027593515114858742 -0.002826780546456575 -0.001711676246486604 -0.0053760551381856194 -0.0017041859100572763 -0.00080900464672595252 0.0011983959120698275 -0.0010536852641962466 0.003816018695943058 -0.00091638838057406236 -0.00086683305562473823 -0.00303014472592622 0.0032281965250149374 0.00052468644571490597 -0.0015366556472145019 0.00036208270466886466 -0.0027748254360631104 -0.0033495228271931405 -0.0028941101627424355 0.0010647753952071073 -0.013258531689643858 -0.010069642215967177 -0.0031544083030894394 -0.0020745812216773625 0.0098068960942327994 0.0060589304193854341 -0.0079986215569078905
decision_type=2 2 2 2 2 2 2 2 2 2 2 2 2 2 2 2 2 2 2 2 2 2 2 2 2 2 2 2 2 2
left_child=1 -1 -3 -4 -5 6 -6 -7 9 -9 11 12 16 -12 15 -15 -2 19 -19 21 -21 22 -18 -24 -25 26 -13 28 -28 -22
right_child=10 2 3 4 5 7 -8 8 -10 -11 13 25 -14 14 -16 -17 17 18 -20 20 29 -23 23 24 -26 -27 27 -29 -30 -31
leaf_value=-0.00027016698393500678 -0.022292553861001648 0.027194687955704629 -0.022202131988211516 -0.041339742069496595 0.048338720296592273 -0.029273752207774784 0.001845479503980798 -0.0081013152771364488 -0.008514313528057529 0.043471549393732212 -0.0074431784914443608 -0.023347420416748709 -0.007080898051498398 -0.004378941500368618 0.0004593372248921813 0.022446946060289762 -0.012422299006284724 0.054435539856943597 0.01095286525433359 -0.015152813518680289 -0.011709057710370499 0.047547245416459105 -0.0056438131309045963 0.052683426356263365 0.012623830274179501 -0.018055801616847993 0.0073126908675557661 -0.019492915340795298 0.05876219538477559 0.0068926528287580283
leaf_weight=653.40533583052456 21.973433232866228 14.833143807947634 106.63440333772451 11.539502162486313 13.110399016179143 31.541301557794213 41.54367913864553 14.415820841677489 142.9655261291191 14.326416593044994 391.66338059492409 34.940257020294666 159.24358295463026 1233.2897865558043 12359.408456393983 33.104785637930036 22.715745232999325 17.777732176706195 29.715184636414051 46.096243740990758 51.703509639948606 17.454134245403111 26.125146482139826 27.364740647375584 45.265307320281863 101.35862545017153 47.07883277349174 27.287081575021148 15.863136454485355 882.38294637575746
leaf_count=11031 696 313 2084 220 221 555 849 293 2688 234 7545 510 5275 26010 282421 466 382 229 416 599 565 230 261 276 542 1886 746 432 225 12007
internal_value=-2.83423e-05 -0.00339157 -0.00860899 -0.0100211 -0.00520041 -0.00358341 0.0129983 -0.00804226 -0.00414221 0.0176049 0.000196922 0.00315423 0.00509506 -0.000135223 7.48384e-05 -0.00367769 0.00672637 0.00727296 0.0272295 0.00642604 0.00487468 0.0173717 0.0130357 0.0188916 0.027717 -0.00839347 -0.000569181 0.00825145 0.0202794 0.00586301
internal_weight=16636.1 1044.32 390.91 376.077 269.443 257.903 54.6541 203.249 171.708 28.7422 15591.8 1574.35 1347.82 14017.5 13625.8 1266.39 1188.57 1166.6 47.4929 1119.11 980.183 138.925 121.471 98.7552 72.63 226.528 125.169 90.2291 62.942 934.086
internal_count=360207 18488 7457 7144 5060 4840 1070 3770 3215 527 341719 25277 21478 316442 308897 26476 16203 15507 645 14862 13171 1691 1461 1079 818 3799 1913 1403 971 12572
is_linear=0
shrinkage=0.05


Tree=106
num_leaves=31
num_cat=0
split_feature=11 9 12 5 5 1 24 15 14 14 15 3 24 20 1 13 2 7 11 2 19 6 20 21 5 3 3 10 13 21
split_gain=5.75459 6.90544 7.36857 8.83119 7.60342 7.02479 10.7309 6.83126 15.9766 15.6589 11.2003 9.35344 12.0658 7.87423 9.06474 8.01909 7.88983 7.58781 13.0067 9.05248 9.41005 9.17758 8.24144 12.4929 8.1219 9.6341 21.1365 10.5281 10.4764 7.35862
threshold=0.3274283260107041 1.3903255462646487 0.0028378507122397427 0.00086656221537850808 0.0055885440669953832 -0.0046497106086462727 0.0026339225005358462 0.00059157941723242413 0.00059797076391987513 0.00047094799811020499 0.0003917356079909951 0.0013751217629760506 0.0024752808967605238 -0.0010626798029989002 -0.0013542842352762816 0.00064723592367954563 -0.0015738291549496351 0.00030338655051309621 0.18951071798801425 0.001086996460799128 -0.0012126334477216003 0.0006020733853802086 0.00053390409448184084 0.0012605873052962127 0.00033191348484251654 0.00022581010125577453 -0.00068219940294511605 0.2473942041397095 0.00048687966773286467 -0.00040011349483393127
decision_type=2 2 2 2 2 2 2 2 2 2 2 2 2 2 2 2 2 2 2 2 2 2 2 2 2 2 2 2 2 2
left_child=7 2 4 -4 -2 -5 -7 9 -9 10 -1 -12 -13 15 -15 -11 -16 19 -19 20 -18 22 23 24 25 26 29 -27 -28 -22
right_child=1 -3 3 5 -6 6 -8 8 -10 13 11 12 -14 14 16 -17 17 18 -20 -21 21 -23 -24 -25 -26 27 28 -29 -30 -31
leaf_value=0.0039788668044178311 -0.0022650733759605373 0.00068745793433854592 -0.016226475609049405 -0.0076647682428371902 -0.031641976198773736 0.047499751648213115 0.009836255768976513 -0.013930155303803808 0.00070298353673075762 -0.028063460832093379 -0.011633634140421375 0.062362899966727274 -0.0027430274146314363 0.065050640097721754 0.05646023318087378 0.023682628032805977 -0.0059936614036540277 0.081965802855444858 0.0030488764078484827 0.026660754702130685 -0.023203208596575292 0.058756724244270066 -0.014270966791978713 0.069319599012929112 -0.00072277572114486164 -0.020278375121651312 0.10370504311810236 0.048217635130026346 0.034905575082100487 0.041076356060150768
leaf_weight=668.73123737797141 5647.6148235751316 4007.777301015798 37.787550892680883 45.594818439334631 22.112297934480011 21.447940196841955 159.948168146424 193.59473176021129 5111.4703142382205 22.825647680088878 235.92587038874626 10.050881988368927 24.373323177918792 8.5064631048589927 10.112786633893846 11.141593864187596 102.51215362735093 10.053775468841197 10.862078130245207 66.392880192026496 12.263217690400781 10.282153816893695 28.892326072789729 9.8509397124871594 71.468258379027247 18.89333674963564 11.891484281048184 7.9792527128010979 10.3485787268728 6.9903168911114291
leaf_count=15665 125406 92021 619 612 443 245 2276 6049 96960 621 7485 288 729 198 261 256 2632 262 293 1623 407 196 723 236 1656 557 375 225 292 213
internal_value=-0.000153611 -0.00091602 -0.0019989 0.00615394 -0.00237965 0.00987964 0.0142895 0.000981912 0.000168985 0.00412902 0.000506945 -0.00808111 0.016266 0.012016 0.0139915 -0.0110902 0.0128744 0.0117104 0.0409824 0.0099991 0.00620253 0.0128226 0.0101778 0.0148969 0.0110629 0.0233834 0.0384884 6.00808e-05 0.0716918 0.00013456
internal_weight=16617.7 9942.28 5934.51 264.778 5669.73 226.991 181.396 6675.41 5305.07 1370.35 939.081 270.35 34.4242 431.267 397.3 33.9672 388.794 378.681 20.9159 357.765 291.372 188.86 178.578 149.685 139.834 68.3662 41.4936 26.8726 22.2401 19.2535
internal_count=359824 221622 129601 3752 125849 3133 2521 138202 103009 35193 24167 8502 1017 11026 10149 877 9951 9690 555 9135 7512 4880 4684 3961 3725 2069 1287 782 667 620
is_linear=0
shrinkage=0.05


Tree=107
num_leaves=31
num_cat=0
split_feature=20 10 23 12 6 12 19 12 19 15 2 20 2 12 3 19 15 23 0 1 0 9 10 14 2 12 5 3 22 1
split_gain=5.1269 8.6996 9.87681 8.72191 8.39621 7.91474 9.04243 9.22145 8.57357 9.36391 8.79628 7.00007 15.1634 6.69888 7.09318 7.76361 7.62718 6.66454 6.59631 9.57582 9.28737 6.58465 6.47468 6.45766 8.09399 12.3044 10.7869 8.64617 10.0989 8.17132
threshold=0.0019238261738792064 4.6972055435180673 -0.00053026957903057326 0.00044845262891612952 0.00037736284139100468 0.0013533366727642717 0.0032077842624858026 0.0005811766313854606 0.0017876155325211587 0.0020431422162801032 0.0028573980089277033 0.0038758417358621959 0.0060859189834445724 0.0019609951414167885 -0.00010582570757833308 0.0016751295770518484 0.00064715661574155103 0.00039743658271618193 0.00034450090606696909 0.00074038817547261726 0.00052958622109144937 0.69544169306755077 2.8436614274978642 0.0010294673847965898 0.0040585682727396497 0.00085031249909661721 0.0020649728830903773 0.0053484875243157157 0.0030140955932438378 0.0021634430158883338
decision_type=2 2 2 2 2 2 2 2 2 2 2 2 2 2 2 2 2 2 2 2 2 2 2 2 2 2 2 2 2 2
left_child=17 2 3 -2 5 6 21 -8 -7 10 -10 -3 -13 14 -5 -16 -17 -1 -6 -20 -21 -4 -15 -22 26 -26 27 28 -25 -28
right_child=1 11 4 13 18 8 7 -9 9 -11 -12 12 -14 22 15 16 -18 -19 19 20 23 -23 -24 24 25 -27 29 -29 -30 -31
leaf_value=0.00028846044216738071 0.038259319949182934 -0.033552567126149589 0.016894168165803091 -0.040642331656780606 -0.022446077497247339 -0.014573609034141878 0.010095364334413277 -0.035710004455983012 0.072253345885903569 3.798524790638388e-05 0.015854117156202465 0.035691270162419728 -0.043329019274991443 -0.0022632119566889947 -0.0014278136530650356 0.029007001451401476 -0.015867647331955208 -0.014614241979950954 0.031771937128955319 0.045970465588629349 -0.0043271414667297873 -0.019209958705407516 0.032677345464213782 0.045337618073374927 -0.043337485640782353 0.0042207608625916271 -0.029126897577891032 0.054234688454414905 0.00035427717095183327 0.010955974109468972
leaf_weight=14761.168950656895 11.002557669766245 39.998522610403597 28.648951841518283 18.314622022211552 20.76532450132072 58.807611006312072 13.677339020185171 55.87439042236656 9.0848081633448583 96.581903275102377 28.924774779938161 13.57832084130496 10.980419549159704 284.51182820834219 200.6902403505519 9.8113000886514765 271.36414134409279 75.403797282837331 34.495577991008759 13.211133456788955 173.72070216853172 22.583907618187368 13.906704187393187 20.494871210306883 14.8050350099802 167.1294525153935 15.81254095956683 23.915835779160261 31.893328424543142 64.907208552584052
leaf_count=322802 272 1244 703 298 857 1130 423 1512 182 1725 727 375 338 4637 3698 247 5757 1981 417 316 3923 634 273 279 269 2617 233 344 451 873
internal_value=-9.06838e-05 -0.00263462 -0.00195242 -0.00595446 0.0016664 -0.00491884 -0.0149608 -0.0267024 0.00135272 0.00831147 0.0293343 -0.0206514 0.000360634 -0.00656361 -0.0101008 -0.00893997 -0.0143018 0.000212721 0.00522654 0.00625196 0.00457798 0.000979143 -0.000634935 0.00351135 0.00752868 0.000350678 0.0158454 0.0293242 0.0179523 0.00310397
internal_weight=16606.1 1769.49 1704.94 809.601 895.335 314.184 120.785 69.5517 193.399 134.591 38.0096 64.5573 24.5587 798.599 500.18 481.866 281.175 14836.6 581.151 560.386 525.89 51.2329 298.419 512.679 338.958 181.934 157.024 76.304 52.3882 80.7197
internal_count=359537 34754 32797 15182 17615 7036 3272 1935 3764 2634 909 1957 713 14910 10000 9702 6004 324783 10579 9722 9305 1337 4910 8989 5066 2886 2180 1074 730 1106
is_linear=0
shrinkage=0.05


Tree=108
num_leaves=31
num_cat=0
split_feature=14 21 9 3 22 9 10 10 19 15 12 24 21 24 22 8 3 6 21 19 4 6 23 19 23 19 10 3 22 24
split_gain=5.00657 7.32082 5.77684 5.15924 6.27241 5.39903 9.05736 4.8871 7.18614 4.82242 9.20507 7.4351 13.3031 9.14776 6.9651 6.74991 8.90722 18.2584 6.61453 5.35597 9.48028 10.4411 14.9436 12.6049 10.0146 8.70755 8.51495 11.1076 11.0057 9.25892
threshold=0.00020775100711034614 0.00043727653974201536 0.14164265245199206 -0.000353065799572505 8.7174208601936712e-05 0.9052986502647401 1.4854676127433779 1.1650487184524538 -0.00074067217065021385 0.00024135704006766903 0.00019992466695839542 0.0009157831664197148 0.00037106475792825227 1.0000000180025095e-35 0.00059423485072329651 0.00010971528899972328 1.0000000180025095e-35 -0.00018373908824287352 0.00048639350279700016 0.00032831737189553683 0.0010548920254223051 -0.0010536852641962466 -0.0016343518509529529 0.0076170917600393304 -0.0055705741979181758 0.0011271776747889819 1.6043108701705935 0.00090829696273431193 0.0013617807999253275 0.0032644813181832437
decision_type=2 2 2 2 2 2 2 2 2 2 2 2 2 2 2 2 2 2 2 2 2 2 2 2 2 2 2 2 2 2
left_child=1 2 -1 7 -5 -6 -7 8 -4 10 14 13 -13 -12 15 16 17 -2 -14 -11 21 22 23 24 -21 -26 28 -28 29 -23
right_child=9 -3 3 4 5 6 -8 -9 -10 19 11 12 18 -15 -16 -17 -18 -19 -20 20 -22 26 -24 -25 25 -27 27 -29 -30 -31
leaf_value=0.032847485585954649 0.00036818757892718789 -0.033378142063764438 -0.0064206835662948937 -0.025508949612921425 -0.016220134052339016 0.03480062785453323 -0.020367658262112398 -0.015588862652588307 0.060763363017232112 0.0007498727367607678 0.021260438589816369 0.043385515277055559 -0.034526162122312631 -0.013945732935032354 0.058616739271465892 -0.0098308755873582083 -0.0094509185658323835 0.1015538566705676 0.010572433281978301 -0.015217216734543033 0.00033519960463470689 -0.0030446278811202556 0.05789120084593561 0.02832305406943425 -0.018225726986747036 0.011347450094134827 -0.016664786910967327 0.0027382976946921291 -0.01126131443012441 0.0076425481892512378
leaf_weight=9.7848293390125018 8.821809561923148 25.362044877372682 7.3270417880266931 46.741265732795 30.455363355576992 19.133372317068282 12.173278453759847 9.2313726870343071 8.7135406918823737 9011.4423434999771 23.537364460527897 25.200285450555384 11.815553562715648 85.380378917790949 12.070909908041356 16.215771683491766 9.0265645962208492 9.013218651525678 26.068391832523048 85.017380202189088 4484.8439738135785 1458.2236157199368 12.938718962483106 42.021747769787908 30.517018037848175 135.01144968811423 273.57345307338983 100.98794415406883 353.28010253794491 235.37541091814637
leaf_count=287 139 705 217 1168 760 477 335 253 257 190344 278 386 175 1439 314 450 265 285 472 1320 96499 36808 243 605 532 2377 7629 2609 7885 4565
internal_value=-4.94965e-05 -0.00861354 -0.0042385 -0.0069511 -0.01169 -0.00123179 0.013349 0.0133948 0.0300749 3.84441e-05 0.00727324 0.00157388 0.0152334 -0.0063376 0.025049 0.0156428 0.0310207 0.051504 -0.00349328 -6.28542e-05 -0.00107839 -0.00340324 0.00530704 0.00298152 -0.00126878 0.00589531 -0.00450219 -0.0114334 -0.00323384 -0.00155933
internal_weight=16619.3 168.922 143.56 133.775 108.503 61.762 31.3067 25.272 16.0406 16450.4 227.15 172.002 63.0842 108.918 55.1483 43.0774 26.8616 17.835 37.8839 16223.2 7211.79 2726.95 305.506 292.568 250.546 165.528 2421.44 374.561 2046.88 1693.6
internal_count=360078 4459 3754 3467 2740 1572 812 727 474 355619 4203 2750 1033 1717 1453 1139 689 424 647 351416 161072 64573 5077 4834 4229 2909 59496 10238 49258 41373
is_linear=0
shrinkage=0.05


Tree=109
num_leaves=31
num_cat=0
split_feature=1 0 0 14 5 5 13 14 12 21 22 22 20 4 12 11 5 1 7 22 13 20 22 5 13 11 20 20 3 22
split_gain=5.35909 5.6854 12.1224 15.8685 14.5265 12.6608 15.1657 9.71734 9.15669 12.8278 14.5464 9.13471 13.8604 9.08825 15.2853 14.6167 8.52011 8.48269 9.39544 8.47092 8.35171 7.98767 7.91531 7.89125 9.20759 10.9727 12.1458 7.88704 8.91775 9.2012
threshold=-0.0035077466163784261 -0.00010664960063877514 4.7425690354430123e-05 0.00090438604820519697 0.00031803653109818702 0.0012346575967967512 0.00048687966773286467 0.0011490455362945797 1.0000000180025095e-35 3.7021960451966158e-05 0.00045913080975878989 -0.0018095801933668552 0.00024584431957919156 -0.0033740878570824857 0.00055390939814969908 0.45437045395374304 0.0027785201091319327 0.0016288118786178531 0.0028860088204965 -0.0046801061835139981 0.0041051974985748538 0.0029126015724614267 0.0092335743829607981 0.0048801500815898189 0.0019610187737271194 1.025133550167084 0.00067008755286224197 -0.00019123879610560832 0.0015777136432006957 0.0030796675710007553
decision_type=2 2 2 2 2 2 2 2 2 2 2 2 2 2 2 2 2 2 2 2 2 2 2 2 2 2 2 2 2 2
left_child=-1 17 3 4 8 21 -7 -8 9 -3 -11 12 13 -10 -15 -16 -9 18 20 -6 -2 22 -5 24 -19 26 -26 -13 29 -29
right_child=1 2 -4 5 19 6 7 16 11 10 -12 27 -14 14 15 -17 -18 23 -20 -21 -22 -23 -24 -25 25 -27 -28 28 -30 -31
leaf_value=-0.0044752080352817112 0.0016910797627430749 -0.012597401421957555 0.00083788171940379214 0.0033453974608288702 0.032189619720059175 0.050225535622115826 -0.02623134937381949 9.7859179994224467e-05 -0.012945091406272228 0.097485490952623211 0.0089892240793764139 -0.013779974536977262 0.076888432876078508 -0.011246054363547649 0.023261150765929481 0.10867861839887656 -0.015196201606739877 -0.011717160259320054 0.032287323387584235 -0.013840045492794502 0.036915174883575284 -0.013042204885474399 0.055019794520663273 -0.044087794956728897 -0.0053650391272030036 -0.02268374173106677 0.051515856668407481 -0.00012018568148849166 -0.015650755756380596 0.064423589086991861
leaf_weight=595.85579125862569 5806.9112135400064 14.249216808937488 6691.0266126543283 1262.3503065723926 10.177591734565793 11.384024476632474 64.280093129724264 258.75977980904281 37.484968578442931 8.7295244047418254 9.9204873470589501 210.95648856367916 7.3724491968750945 21.217650323174894 18.652904240414504 6.8467088695615521 140.51113845314831 155.83484052121639 25.369477251544595 558.00193561334163 16.877028446644545 75.968347700312734 7.4544224105775347 14.179804021492599 16.617065921425819 15.891173679381607 21.563746433705091 435.85551244299859 102.851457843557 5.592588420957326
leaf_count=10447 107469 687 123537 35181 422 166 3081 9421 1308 334 371 8350 212 928 581 196 6635 2942 278 23692 133 2387 196 209 177 252 286 16506 3568 174
internal_value=0.000180878 0.00035392 -0.000381327 -0.00287711 -0.00678376 0.000229642 -0.00678893 -0.0081891 -0.00275893 0.0231214 0.0504117 -0.00376438 0.0111491 0.00539318 0.0201074 0.046196 -0.00528442 0.00155967 0.00192542 -0.0130155 0.00179316 0.00270656 0.00364875 -0.00798729 -0.0055486 0.0122291 0.0267601 -0.00557264 -0.00239168 0.000697502
internal_weight=16628.7 16032.9 9959.64 3268.62 1447.91 1820.71 474.935 463.551 879.73 32.8992 18.65 846.831 91.5747 84.2022 46.7173 25.4996 399.271 6073.24 5849.16 568.18 5823.79 1345.77 1269.8 224.087 209.907 54.072 38.1808 755.256 544.3 441.448
internal_count=360126 349679 237933 114396 57329 57067 19303 19137 33215 1392 705 31823 3225 3013 1705 777 16056 111746 107880 24114 107602 37764 35377 3866 3657 715 463 28598 20248 16680
is_linear=0
shrinkage=0.05


Tree=110
num_leaves=31
num_cat=0
split_feature=8 3 9 9 8 20 8 14 23 8 8 22 20 9 19 10 14 23 22 11 23 15 21 23 8 19 19 8 21 5
split_gain=4.26066 7.25174 6.86647 6.55075 5.70995 17.1698 16.7945 11.2312 10.0783 8.56656 8.66525 7.84784 12.4643 7.47428 7.33706 6.75162 7.33309 6.68397 8.1064 6.45731 5.85764 9.20242 5.38946 7.34312 9.693 6.77158 10.4941 7.36162 6.79307 6.65196
threshold=0.0028530728304758672 -0.0016572217573411761 1.4959954619407656 2.3299387693405156 0.0022680023685097699 -0.00043560881749726826 0.0026396837783977394 0.0018931879894807937 -0.0046902743633836499 0.0015216069878078999 0.0016317651607096197 -0.0011187880299985407 -0.0012012314982712267 0.97527298331260692 -0.0058330632746219626 2.1677273511886601 0.0021223135991021995 -0.0053094581235200158 0.00048000809329096233 0.51887986063957225 0.0022160570370033388 0.0017276009893976154 -0.0045460921246558419 -0.013258531689643858 0.0010254306835122409 0.0022082385839894418 -0.0043705382850021115 0.00023417832562699917 -0.0050804705824702969 0.0028821905143558983
decision_type=2 2 2 2 2 2 2 2 2 2 2 2 2 2 2 2 2 2 2 2 2 2 2 2 2 2 2 2 2 2
left_child=4 -2 -3 -4 9 15 7 -7 19 20 -11 12 -12 -10 -14 -6 -17 -8 -19 -9 22 -22 23 -1 25 26 28 -28 -25 -30
right_child=1 2 3 -5 5 6 17 8 13 10 11 -13 14 -15 -16 16 -18 18 -20 -21 21 -23 -24 24 -26 -27 27 -29 29 -31
leaf_value=-0.0019647882424083381 -0.03263214628971893 -0.013150654191489418 0.041724733308700711 -0.0054409648293058006 -0.023458311007803264 0.07371971410452316 -0.016642770970376888 0.023091051898895033 0.027920751948710021 -0.026026998354592948 -0.0063162816857602576 -0.012189213029652299 0.07481404373338589 -0.014825421849468199 0.015356196504876504 -0.019962574739328595 0.042669459146096871 0.036645247343712738 0.0029899557467372656 0.073381533828741921 -0.039493096843445596 0.0034699485050885218 0.00020222338606349743 0.004485368437528634 0.039456925248269055 0.036488446428213896 -0.0038195061190399804 -0.045185924351598752 0.026615615895122575 -0.012349620090750947
leaf_weight=240.14224303420633 26.015078972093761 52.762210701592267 14.022593673318626 15.497967765666543 52.486348960548639 13.572493076324461 31.336807248182595 12.624207487329842 22.569677913561463 59.004636757075787 37.557234204374254 98.163502495735884 9.3364633712917584 18.698354909196496 11.678679020144044 9.293124704621734 9.4011424770578724 22.078586612828076 94.359196515753865 12.910716410726307 23.541690089739859 26.487067177891731 15316.348003449384 179.02190295979381 24.705099189653993 18.604194143787026 63.95562478993088 12.929480482824145 79.048955221660435 12.714826727285979
leaf_count=3449 642 998 311 381 1138 269 548 179 318 1417 958 2356 210 307 306 307 215 363 1689 229 726 389 335777 2909 486 299 1043 280 1356 198
internal_value=0.000263254 -0.0096218 -0.00234669 0.0169633 0.000328085 0.00717095 0.0138597 0.032254 0.0238293 0.000201751 -0.00969513 -0.00354685 0.0109372 0.00855266 0.0417717 -0.0142681 0.0115344 0.00385502 0.00937157 0.0485184 0.00033522 -0.0167469 0.000388808 0.00491692 0.00914371 0.0070991 0.00552644 -0.0107759 0.0101552 0.0212166
internal_weight=16620.9 108.298 82.2828 29.5206 16512.6 299.331 228.15 80.3754 66.803 16213.2 215.741 156.736 58.5724 41.268 21.0151 71.1806 18.6943 147.775 116.438 25.5349 15997.5 50.0288 15947.5 631.122 390.98 366.275 347.671 76.8851 270.786 91.7638
internal_count=360053 2332 1690 692 357721 5562 3902 1302 1033 352159 5247 3830 1474 625 516 1660 522 2600 2052 408 346912 1115 345797 10020 6571 6085 5786 1323 4463 1554
is_linear=0
shrinkage=0.05


Tree=111
num_leaves=31
num_cat=0
split_feature=1 10 14 0 7 19 0 4 0 0 5 22 2 14 11 10 14 6 10 4 5 11 4 3 22 6 1 10 11 21
split_gain=5.10753 6.65744 6.60695 11.2453 10.1952 9.42606 8.42804 7.54609 7.42745 13.3772 17.5417 11.0818 18.4882 11.3549 10.856 13.836 12.5419 12.4845 13.5428 10.8202 10.236 9.94347 15.2028 20.9128 16.3574 10.6467 14.0107 9.85632 11.1745 14.7693
threshold=0.0050272317603230485 0.0067319078370928773 0.0015430353232659402 -0.0022654333151876922 0.0011527381138876083 -0.011907271575182675 0.0027881064452230935 -0.00042429643508512521 -0.00010450959234731271 4.7425690354430123e-05 0.00040051303221844142 0.0020921673858538274 0.00058578877360560011 0.00047517358325421816 1.3354313969612124 2.4075441360473637 0.0013028432149440052 0.001046052551828325 0.46795079112052923 0.0054860305972397336 0.0032299110898748045 4.0522460937500009 -1.0000000180025095e-35 0.001074229250662029 -0.0010627019219100473 0.00030544736364390706 0.0003213539748685435 6.0940599441528329 6.2718899250030526 -0.00031916543957777316
decision_type=2 2 2 2 2 2 2 2 2 2 2 2 2 2 2 2 2 2 2 2 2 2 2 2 2 2 2 2 2 2
left_child=2 -2 3 -1 6 -6 8 -8 27 10 -10 19 14 -14 16 -16 17 -13 -19 20 21 -11 24 25 -23 -24 -27 28 -5 -30
right_child=1 -3 -4 4 5 -7 7 -9 9 11 -12 12 13 -15 15 -17 -18 18 -20 -21 -22 22 23 -25 -26 26 -28 -29 29 -31
leaf_value=-0.01434577510952208 -0.02564834724914582 -0.0034949177952972583 0.0023054536690980221 0.0016171336802360396 0.040518704733118041 -0.015111719152665921 0.013362313149792308 -0.028519213137379464 -0.00070020355935173284 -0.0011394111472621804 -0.0093835703826180838 0.0099926259589313213 -0.020264530857940083 0.002543468855152645 0.056584391308141135 -0.00049998928293706771 -0.013134821648021612 0.063789932067609148 0.0097895910391238017 -0.046349755968052464 0.036939288800559487 0.020282409203492599 0.0089716845603974756 -0.0076667592055571603 -0.042359985727089412 0.10993697016644979 0.039928298320634756 -0.021594945344829086 0.054341421991523656 -0.023391087491381857
leaf_weight=140.70799971930683 39.465334806591272 241.04545326437801 3017.4209204185754 5039.2467339653522 7.9992836583405724 158.32807294884697 14.052469965070484 45.836487768217921 1593.8411743277684 3940.2716474169865 915.80132039729506 180.35969319939613 58.185158238746226 878.10766422003508 31.216857818886638 16.084142748266459 44.254208045080304 25.277829650789499 21.474166013300419 12.943043684586881 18.116084289737046 21.993018896318972 11.281949891708789 24.45127803273499 19.80620819889009 11.329189741984012 19.357423650100827 45.430636965669692 21.470106354914609 8.5418990664184076
leaf_count=2854 897 4280 50910 98156 178 5079 214 894 53016 78623 36186 3314 1669 16399 540 324 607 259 266 217 298 572 279 650 561 231 451 1354 541 220
internal_value=7.79709e-05 -0.00661171 0.000192791 -0.00028559 -0.000135543 -0.0124363 2.16112e-05 -0.018692 0.000108096 -0.000858497 -0.00386888 0.00055775 0.00466659 0.00112608 0.0150691 0.0371735 0.0112162 0.0159611 0.0389864 -0.00070622 -0.000560947 -0.000728752 0.0142234 0.0290901 -0.00940016 0.050505 0.0657748 0.00159051 0.0017983 0.0322175
internal_weight=16623.7 280.511 16343.2 13325.8 13185.1 166.327 13018.7 59.889 12958.8 7844.15 2509.64 5334.51 1254.96 936.293 318.667 47.301 271.366 227.112 46.752 4079.55 4066.61 4048.49 108.219 66.4198 41.7992 41.9686 30.6866 5114.69 5069.26 30.012
internal_count=360039 5177 354862 303952 301098 5257 295841 1108 294733 194462 89202 105260 23378 18068 5310 864 4446 3839 525 81882 81665 81367 2744 1611 1133 961 682 100271 98917 761
is_linear=0
shrinkage=0.05


Tree=112
num_leaves=31
num_cat=0
split_feature=9 14 15 15 14 19 20 2 24 23 13 12 12 13 9 22 4 21 21 7 7 7 14 4 23 8 10 12 0 9
split_gain=4.99164 7.02632 6.39891 14.385 12.2435 8.7383 7.03482 7.83742 5.9603 8.35758 9.52525 5.62554 9.59209 5.22139 5.0666 6.42277 7.07588 8.16417 7.65906 5.03644 10.3114 13.2671 14.4663 8.53068 8.11326 7.8771 8.31342 7.75911 8.17204 7.35669
threshold=1.0000000180025095e-35 0.00086499197641387593 0.001433583034668118 0.001322177180554718 0.002635703189298511 0.0035430928692221646 0.0012621509376913311 0.0011455350322648885 0.0035336130531504755 -0.0033443650463595982 0.0010161285754293206 0.0013418397284112873 0.0007123157847672702 0.0015930816298350694 2.9999421834945683 2.3046281967253893e-05 -0.0050397480372339478 -0.002902825595811009 -0.00055293206241913129 0.00046739928075112408 0.0010176391806453469 0.0011527381138876083 0.0013377767754718663 -0.0073399625252932301 -0.0090811629779636843 0.0027564490446820859 0.012135420460253956 0.002732553868554533 0.0026533020427450542 1.3785713911056521
decision_type=2 2 2 2 2 2 2 2 2 2 2 2 2 2 2 2 2 2 2 2 2 2 2 2 2 2 2 2 2 2
left_child=1 -1 3 5 11 6 7 8 9 -3 -11 12 13 -4 19 16 -16 -18 -19 -2 27 23 29 -22 -25 26 -24 28 -21 -23
right_child=14 2 4 -5 -6 -7 -8 -9 -10 10 -12 -13 -14 -15 15 -17 17 18 -20 20 21 22 25 24 -26 -27 -28 -29 -30 -31
leaf_value=-0.018674514029638756 0.00070712373257686141 0.0015838404869350385 -0.036763265643457187 0.057153424482848894 0.0046833094808023936 -0.028979430819080554 0.052149925106798445 -0.037334904160106597 -0.022333028164551391 0.074761925122244055 0.0045599355554498252 -0.0305558006517621 0.055393765555645916 0.012879503008577967 -0.026423055776408889 -0.025382228106121792 0.057546207718375812 -0.02031099821309135 0.034190696871535566 -0.0064176343426350342 -0.017136385451500338 -0.031883814332094224 -0.039539133995294608 0.053787274373330064 0.0085766961281440058 -0.029411495731805671 0.0022894069407182328 0.020987648981073991 -0.045145286176081545 -0.0069322627641282136
leaf_weight=79.966243165545166 14197.053353169002 32.73699005506932 13.874998942948883 12.826249478384851 92.734231449663639 19.659382494166493 8.1717855110764486 10.243372919037936 11.795283956453202 10.657754519954333 8.8394180331379157 57.227362686768174 5.5890572387725106 8.5674571655690652 16.449710890650749 43.381980252452195 8.0438024187460524 17.076710917986929 10.354781523346903 790.45702056027949 31.929076544940472 58.178766367956996 12.162288181483744 10.171192245557902 407.12514714803547 21.727387306280434 509.70265273936093 25.39119132142514 13.860460649244486 60.01437023980543
leaf_count=3836 299227 962 644 355 2155 581 240 283 325 307 242 2052 156 347 357 1135 143 500 304 20736 511 1794 190 168 8470 662 9796 450 398 2288
internal_value=0.000181272 -0.00553838 -0.0019523 0.00724436 -0.0078906 0.000974811 0.00811757 0.00327296 0.00976937 0.0170186 0.0429345 -0.021567 -0.00321591 -0.017812 0.000312658 -0.0111818 0.000682347 0.013251 0.000262186 0.000380542 -0.00200852 0.00114105 -0.00336061 0.00777276 0.00967866 8.64536e-05 0.00131457 -0.00622592 -0.00708501 -0.0192143
internal_weight=16606 372.89 292.923 114.93 177.993 102.104 82.4446 74.2728 64.0294 52.2342 19.4972 85.2589 28.0315 22.4425 16233.1 95.307 51.925 35.4753 27.4315 16137.8 1940.72 1111.01 661.785 449.225 417.296 543.592 521.865 829.709 804.317 118.193
internal_count=359614 12485 8649 3295 5354 2940 2359 2119 1836 1511 549 3199 1147 991 347129 2439 1304 947 804 344690 45463 23879 14730 9149 8638 10648 9986 21584 21134 4082
is_linear=0
shrinkage=0.05


Tree=113
num_leaves=31
num_cat=0
split_feature=15 14 0 0 14 5 5 8 15 5 8 13 24 23 0 13 5 2 8 13 11 7 4 4 23 10 15 22 2 22
split_gain=6.03674 15.4245 15.8048 18.8922 15.1097 10.6066 11.5733 11.1676 11.0658 10.4226 10.2795 10.1438 9.51763 13.1218 10.4651 9.2283 13.0032 9.08107 8.79572 8.75777 8.62259 8.45546 8.07941 13.1706 9.23678 8.28166 7.65651 7.65135 7.60266 14.3349
threshold=0.0003917356079909951 0.00040652265306562191 -0.00066748249810188998 -0.00060941546689718951 0.00035430694697424775 0.00030121616146061575 0.00032218224077951168 0.0002978998090839014 0.00023397430777549746 0.0003146728413412348 0.00040201653609983628 0.00027922462322749203 0.0015491551021113994 -0.0023248402867466207 4.7425690354430123e-05 0.00027922462322749203 0.000225436786422506 -0.00062296626856550563 7.3830706242006286e-05 0.00035402766661718493 0.25547824800014501 0.00010481631034053863 -0.0012022391892969606 -0.00063002048409543921 -0.0013264798326417802 0.61125090718269359 0.00034893343399744486 4.500537033891306e-05 -0.0011061335098929701 -0.0010627019219100473
decision_type=2 2 2 2 2 2 2 2 2 2 2 2 2 2 2 2 2 2 2 2 2 2 2 2 2 2 2 2 2 2
left_child=1 2 -1 17 -2 15 9 11 -9 19 26 -8 13 14 -3 -5 21 -4 -18 -7 -21 -17 -15 -24 25 -25 -10 -28 29 -13
right_child=4 12 3 5 -6 6 7 8 10 -11 -12 28 -14 22 -16 16 18 -19 -20 20 -22 -23 23 24 -26 -27 27 -29 -30 -31
leaf_value=-0.035136531476048886 -0.015321497576421084 -0.019762944893487219 0.067087967387650549 -0.017581909903058187 -0.00024221118332533095 0.0063511351277009938 -0.017674245157768349 -0.020954961091577462 0.013866038518848635 0.020418054850000769 -0.026689710307191201 -0.004678483235586387 0.00266193004234064 0.077790747926722817 0.047267061745476478 0.01587144009956714 -0.031261768658842969 0.016581839452651483 0.018684207598034987 0.0034727725026666443 -0.034255987506346584 -0.034798030571170195 -0.014729848003947886 0.059617394232119841 0.08054748569980287 -0.01305012421830227 0.017105892214242063 0.087482971035587942 -0.0036078689698238425 0.07842224336584859
leaf_weight=29.186847375705838 168.03350934945047 18.419158677570525 15.167698930948971 128.01282502617687 14624.458944686688 594.62862185575068 140.43005710560828 26.983602196909487 114.71513363718987 121.91735214553773 14.056533941067753 13.59328044485301 53.632318475749344 13.42849328368902 8.5147783057764155 89.952063881792128 38.98673062119633 21.537699788808823 11.389997925609348 33.631937893107533 27.547985326498747 9.0630635581910592 10.623861941508947 8.0386987160891277 13.532371716573836 7.6539994757622472 7.9371326155960542 7.5221361266449094 252.47209762223065 8.3941457383334619
leaf_count=754 6165 484 221 6357 309835 10140 3750 490 2128 2078 564 337 1402 328 200 3767 1266 279 419 560 494 365 275 215 335 204 226 219 6265 201
internal_value=-7.74689e-05 0.00262261 0.00134112 0.00197563 -0.000413502 0.0011822 0.002995 -0.00231072 0.0084331 0.00699346 0.0139312 -0.00674442 0.0189677 0.0298703 0.00142763 -0.00773022 0.000711625 0.0374524 -0.0199692 0.00449778 -0.0135157 0.0112336 0.0442492 0.0329462 0.0502774 0.0241743 0.0183175 0.0513498 -0.00115206 0.0270469
internal_weight=16633.5 1840.97 1707.13 1677.94 14792.5 1641.23 1363.83 586.104 171.215 777.726 144.231 414.89 133.844 80.2114 26.9339 277.405 149.392 36.7054 50.3767 655.809 61.1799 99.0151 53.2774 39.8489 29.2251 15.6927 130.174 15.4593 274.46 21.9874
internal_count=360323 44323 40880 40126 316000 39626 27452 14180 3627 13272 3137 10553 3443 2041 684 12174 5817 500 1685 11194 1054 4132 1357 1029 754 419 2573 445 6803 538
is_linear=0
shrinkage=0.05


Tree=114
num_leaves=31
num_cat=0
split_feature=19 4 23 20 21 22 14 5 3 13 0 7 0 7 0 8 10 11 14 19 4 3 8 8 19 19 22 24 20 15
split_gain=5.66478 8.31149 10.065 8.24372 14.822 9.08422 11.2496 13.3513 15.4462 12.0887 11.5262 8.92887 16.3501 11.7184 11.7843 13.2875 13.1239 9.46104 11.5579 8.48095 10.309 8.37224 8.30102 13.3527 16.9547 12.2355 10.1904 11.7084 18.5138 10.483
threshold=0.00031138097983784979 0.00030427506135310983 -0.00090556839131750156 0.0005474684585351498 0.0012360373511910441 0.0004186064907116816 0.001010920503176749 0.0012537001166492703 -0.0016812687972560523 0.0022949589183554058 0.00017660109006101268 0.00030651342240162199 -0.0001166248766821809 0.00018343575356993827 4.7425690354430123e-05 0.00010495932656340302 0.76427799463272106 1.4457330107688906 0.001010920503176749 -0.00081350418622605492 0.0012927868519909682 0.0024338799994438891 0.0027210934786126022 0.00079700667993165563 -0.0024162405170500274 -0.0012126334477216003 0.00082456975360400986 0.0018883680459111931 0.0012114603887312116 0.00029911367164459085
decision_type=2 2 2 2 2 2 2 2 2 2 2 2 2 2 2 2 2 2 2 2 2 2 2 2 2 2 2 2 2 2
left_child=3 2 -2 5 11 -1 10 9 -9 21 -7 13 -13 22 15 -15 -16 -14 -19 20 -12 -8 23 25 -25 -5 27 29 -29 -27
right_child=1 -3 -4 4 -6 6 7 8 -10 -11 19 12 17 14 16 -17 -18 18 -20 -21 -22 -23 -24 24 -26 26 -28 28 -30 -31
leaf_value=0.00035333617112316392 -0.002538347594392313 -0.00010924153523197882 -0.013093975502855779 0.0026145992279738013 -0.0012931748272041717 -0.020514136889040691 0.015697396787746357 0.031414793083603253 -0.023043934943886235 -0.024565314908115234 0.058512268619735325 0.025090924193681297 -0.020492514074207952 0.024303458223909835 -0.01137019254266477 0.11491103202944197 0.051126578067186623 -0.014333129474866861 0.049094795653384704 -0.011072362980617589 0.0017695558764138722 0.06089387406116125 -0.019792709787994092 0.049578150233410022 0.0014505945665866092 0.046826040920266709 -0.0053570884364820123 0.037742101107645601 0.0011586087836149941 -0.013561358338079508
leaf_weight=6689.0219284901395 1915.1661948729306 5291.7167410831898 256.02282328158617 550.94368729833513 894.56763307005167 184.34723393525928 77.153142791241407 16.171030822210014 66.829685893841088 16.782695455476642 11.655766116455196 37.795573382638395 91.795537147670984 8.4400149369612354 19.201251557096839 7.7725160755217066 14.933081912808118 17.282089032232765 12.289675996638833 57.683335049077868 25.552937852218747 11.815609347075222 26.351107987575233 42.618503863923252 32.069867986254394 8.9211472095921618 46.485894273035228 115.01188930030912 49.4534054659307 36.967008736915886
leaf_count=143082 44286 115882 6234 10032 17798 5362 1512 278 1233 310 247 618 2249 203 389 203 344 573 322 1136 541 242 432 730 595 177 966 2335 838 895
internal_value=-0.000155227 -0.00117807 -0.00378305 0.000677207 0.00350406 -0.000117842 -0.00685242 0.0025765 -0.0124337 0.0143575 -0.0132259 0.00734144 -0.00362611 0.00916137 0.032642 0.067742 0.0159709 -0.012569 0.0120268 0.000932974 0.0195444 0.0216998 0.00786059 0.00868633 0.028913 0.00681616 0.0158289 0.0205107 0.0267417 -0.0018214
internal_weight=16632.8 7462.91 2171.19 9169.91 2012.9 7157.01 467.991 188.752 83.0007 105.751 279.239 1118.33 159.163 959.169 50.3469 16.2125 34.1343 121.367 29.5718 94.892 37.2087 88.9688 908.823 882.471 74.6884 807.783 256.839 210.353 164.465 45.8882
internal_count=360044 166402 50520 193642 39699 153943 10861 3575 1511 2064 7286 21901 3762 18139 1139 406 733 3144 895 1924 788 1754 17000 16568 1325 15243 5211 4245 3173 1072
is_linear=0
shrinkage=0.05


Tree=115
num_leaves=31
num_cat=0
split_feature=24 5 24 10 7 6 13 3 21 3 2 8 12 3 21 9 24 24 19 0 1 13 23 1 13 6 1 4 1 7
split_gain=5.31805 9.94622 6.17172 7.96369 7.02686 5.7271 6.07272 4.56878 5.5 10.4139 8.41015 8.92691 6.92464 16.6794 9.79741 15.3784 8.63001 11.0061 10.0579 6.63373 5.8287 5.68505 6.08986 7.86423 5.86223 9.35603 7.0494 6.41021 12.6118 5.75741
threshold=0.019753580912947658 0.001612289226613939 0.016964559443295005 1.8997592329978945 0.0007906701066531242 0.001533873029984534 0.0028089391998946671 -0.011205689515918492 -0.0045460921246558419 -0.0077901259064674369 0.000985815189778805 0.0025456092553213243 0.0031862527830526237 -0.0070800145622342816 -0.0050804705824702969 2.3299387693405156 0.00011558689584489913 0.0010799969313666227 -0.0045554628595709792 -0.00083325721789151419 7.3160925239790245e-05 0.0025909584946930413 -0.010069642215967177 -0.0042655293364077798 0.0011839985381811859 -0.00099995004711672642 -0.0022699636174365874 -0.0076437133830040685 -0.0035077466163784261 0.00053119909716770064
decision_type=2 2 2 2 2 2 2 2 2 2 2 2 2 2 2 2 2 2 2 2 2 2 2 2 2 2 2 2 2 2
left_child=2 -2 7 4 -4 -3 -7 -1 10 -10 11 12 14 -14 21 16 18 -18 19 -16 -19 22 24 -24 25 -9 -27 -26 -29 -25
right_child=1 5 3 -5 -6 6 -8 8 9 -11 -12 -13 13 -15 15 -17 17 20 -20 -21 -22 -23 23 29 27 26 -28 28 -30 -31
leaf_value=-0.01163881002957822 0.053596084188617658 -0.010717339587562692 -0.035350125921746939 0.024616015493443361 0.0058804373600658648 0.039895376580912315 -0.0025586895802748775 0.04243261871078402 -0.030099248374439808 0.00018283286837315698 0.040514987780106405 -0.033709127536976809 0.039840387081877406 -0.0055873366404269962 0.024097246444800647 0.067103292418245572 0.052208970973210402 -0.0033309327488451864 -0.030387770164488809 -0.019931590206584967 0.037502384677754713 -0.01958807968196858 0.011511572038015269 -0.032170643829559996 -0.0041058748854127724 0.031022138077041059 -0.019522411149864975 -0.016880463946498402 0.042538886698903842 0.010000147405399971
leaf_weight=80.41217412892729 12.819751592352985 29.667164829559624 36.63733387272805 10.229264501482247 14.393734727054833 17.448039695620537 16.28541723638773 23.722491828724742 28.442329477518797 15771.237055943813 16.190453812479973 15.297917111776767 43.081183452159166 38.05398447625339 28.374535795301199 12.413195368833838 20.294264640659094 32.245594002306461 23.297461101785302 12.247865065932272 11.988649254664777 39.139455880969763 23.853308569639921 39.154704732820392 156.37157717999071 11.27858583070338 17.762222032994032 14.805425660684703 22.503916898742318 10.202599906362591
leaf_count=1218 198 549 639 214 327 262 191 374 487 345973 231 367 508 491 395 260 385 530 426 300 196 584 489 729 2467 228 354 256 326 212
internal_value=0.000252086 0.013429 0.000191414 -0.0156494 -0.0237207 0.0053071 0.0193999 0.000250254 0.000308506 0.00012832 0.00495816 0.0039924 0.00498545 0.0185339 0.00278542 0.0139596 0.00882385 0.0217228 -0.0041979 0.0108223 0.00773598 -0.00160154 0.000600784 -0.0120613 0.00436228 0.019137 0.000107588 0.000337292 0.0189596 -0.0234536
internal_weight=16629.9 76.2204 16553.6 61.2603 51.0311 63.4006 33.7335 16492.4 16412 15799.7 612.279 596.089 580.791 81.1352 499.656 140.862 128.448 64.5285 63.9199 40.6224 44.2342 358.794 319.655 73.2106 246.444 52.7633 29.0408 193.681 37.3093 49.3573
internal_count=360166 1200 358966 1180 966 1002 453 357786 356568 346460 10108 9877 9510 999 8511 2492 2232 1111 1121 695 726 6019 5435 1430 4005 956 582 3049 582 941
is_linear=0
shrinkage=0.05


Tree=116
num_leaves=31
num_cat=0
split_feature=1 11 22 3 16 23 3 19 13 13 24 15 20 3 24 13 0 0 5 1 23 4 19 14 0 24 19 24 5 1
split_gain=4.69365 10.631 7.92806 6.59159 5.04873 9.65555 12.4416 9.839 8.77507 8.21609 7.2297 7.13911 6.66084 7.41086 6.5116 7.16774 7.05794 12.2273 13.39 10.7777 9.99372 9.14686 10.5891 8.89392 8.41556 14.0059 15.16 10.5141 9.31123 9.82844
threshold=-0.0050744253676384679 0.27864588797092443 0.0043968730606138715 -0.0077901259064674369 -0.005553741240873932 -0.014296762645244597 -0.0055545915383845559 -0.0094236889854073507 0.0013459318433888259 0.0019610187737271194 0.00023074260388966652 0.0020104624563828115 -0.0036872153868898745 -0.0045163768809288731 -1.0000000180025095e-35 0.00022578804055228832 -0.00010664960063877514 4.7425690354430123e-05 0.00031803653109818702 0.0016288118786178531 -0.0029943444533273573 0.0098068960942327994 0.013056250754743816 0.0016696067177690568 0.0026533020427450542 0.013441297225654127 -0.018274594098329541 0.0099502918310463446 0.0010515799513086679 0.0007541884551756085
decision_type=2 2 2 2 2 2 2 2 2 2 2 2 2 2 2 2 2 2 2 2 2 2 2 2 2 2 2 2 2 2
left_child=1 3 -3 -1 5 9 7 10 -9 -2 -7 -10 13 -8 15 -6 19 18 -18 -16 23 22 -21 -19 25 26 -25 -26 29 -28
right_child=4 2 -4 -5 14 6 12 8 11 -11 -12 -13 -14 -15 16 -17 17 20 -20 21 -22 -23 -24 24 27 -27 28 -29 -30 -31
leaf_value=0.010295462985398594 -0.041243078275563061 -0.0024296776871486295 0.039352099189439604 -0.02680372589579131 -0.047557778076022822 0.028019583949144757 -0.0084916167827109 0.0092800397567365991 0.074406922349718255 0.0028816585295593578 -0.019780878327419791 0.027276570248580198 -0.018188718103877666 0.039252371284231535 0.0019991685371015875 -0.0048769547986307277 -0.00034744525747625754 -0.0042379207993016614 -0.0067849882112344037 -0.008900092918242777 0.0018473546189688977 -0.038610911044047951 0.036510466702173276 -0.031399573943394481 -0.008258028756775183 -0.029711736576933292 0.017844688105971413 0.018999595088786882 0.022953266762801058 -0.031637623572162751
leaf_weight=14.28564405441284 15.452533341012893 164.08331793174148 12.197584692388771 73.957718826830387 10.0494575696066 17.375455144792799 17.210473958402872 14.321105148643253 20.562190307304263 33.250310311093926 14.521346583031116 13.188518648967145 31.473184085451066 15.400975331664084 5493.8708105795085 464.98207603022456 1864.665873655118 1522.5843850681558 1425.0948833269067 184.10136452503502 4693.3974932450801 23.687381897121668 13.79995611682534 17.110713105648756 189.50901162996888 20.182319644838572 22.985155310481787 43.498634802177548 162.83257498033345 17.81160594522953
leaf_count=207 255 2734 178 1383 320 261 275 273 339 483 253 187 520 234 98816 10677 59236 28487 56254 3177 89217 451 228 239 2040 303 365 418 2098 273
internal_value=-2.34314e-05 -0.00663052 0.000461372 -0.0207978 8.33794e-05 0.0081276 0.0146344 0.0277886 0.0420747 -0.0111183 0.00625793 0.0559901 -0.0017801 0.0140558 -1.25116e-05 -0.00577988 0.000162045 -0.000640361 -0.00313613 0.00156311 0.000586933 -0.00924807 -0.00573355 -0.00237606 0.00360549 0.0101579 0.0138032 -0.00316949 0.0176015 -0.00375897
internal_weight=16627.4 264.524 176.281 88.2434 16362.9 192.756 144.053 79.9686 48.0718 48.7028 31.8968 33.7507 64.0846 32.6114 16170.2 475.032 15695.1 9979.67 3289.76 5715.46 6689.91 221.589 197.901 1996.51 473.93 240.922 220.74 233.008 203.629 40.7968
internal_count=360181 4502 2912 1590 355679 3080 2342 1313 799 738 514 526 1029 509 352599 10997 341602 238930 115490 102672 123440 3856 3405 34223 5736 3278 2975 2458 2736 638
is_linear=0
shrinkage=0.05


Tree=117
num_leaves=31
num_cat=0
split_feature=1 13 10 5 19 9 6 15 11 0 11 1 19 4 4 13 4 24 3 13 9 12 3 12 3 8 9 12 12 12
split_gain=5.50645 8.03879 9.86032 9.67316 10.47 7.71635 7.63515 7.43141 10.7087 7.87484 7.56501 9.67993 7.53014 9.98897 9.99514 9.14028 9.08846 7.81823 7.36126 7.3411 6.75887 6.68029 7.71499 6.48062 6.16823 6.115 5.77039 12.759 8.72817 5.74852
threshold=0.0035100040258839731 0.0027049035998061304 0.93243864178657543 0.0034074637806043033 0.017098682932555679 0.64961564540863048 0.0017669795779511335 0.00078187731560319673 4.2471666336059579 0.0010742100421339276 5.0254092216491708 0.0015601177001371982 0.0030123837059363727 0.00093504064716398727 0.0021580794127658014 0.0014781756908632817 -0.00088004887220449735 0.0052585923112928876 0.00062467221869155775 0.001463466265704483 0.48083996772766119 0.0021121263271197681 0.0047358630690723666 0.0011951276101171973 0.0096550988964736479 0.00051689762040041398 0.84588232636451732 0.0017330215778201821 0.0021668208064511423 0.0046359440311789521
decision_type=2 2 2 2 2 2 2 2 2 2 2 2 2 2 2 2 2 2 2 2 2 2 2 2 2 2 2 2 2 2
left_child=6 2 -2 4 5 -4 24 -8 9 26 -10 -12 13 16 -15 -16 18 -14 -11 -18 -17 -7 -23 -19 -1 29 -9 -28 -29 -3
right_child=1 25 3 -5 -6 21 7 8 10 12 11 -13 17 14 15 20 19 23 -20 -21 -22 22 -24 -25 -26 -27 27 28 -30 -31
leaf_value=-9.4091646514487824e-05 -0.017678867963767834 0.0115732437774036 0.040408910781129334 -0.016084470559714955 0.05055169891442305 -0.0091151524938298048 -0.025790207202811444 -0.023848315024147783 0.073097514236747027 0.0062481195558448319 0.059583257520341132 -0.0078602414152910329 -0.019175015767114362 0.05557652550333482 -0.010787799581729743 0.046768223576127727 -0.036422125151830763 0.027264155662867402 0.032230966229373034 0.00036667804909510494 0.013857279387753291 -0.0075263914719523803 0.055386398754771408 0.00033311976889042365 -0.014514794815841076 -0.016444834631250346 -0.020359342503450523 0.075316753317269933 0.00046317823863869156 -0.013503163870153729
leaf_weight=15297.194420835935 179.7493957169354 133.65340818557888 11.787745734676717 70.341128349769861 12.511846349574624 76.500193132087588 18.763212518766522 38.825317029841244 9.0871401475742477 121.50077298469841 8.829397660680117 13.386322569102047 44.232197176665068 20.268020549789071 22.618049565702677 24.682645842432976 18.783920772373676 26.230637012049556 35.144452290609479 48.762591980397701 42.396316085010767 9.8263684082776326 9.6669805403798801 150.54017924144864 74.514049155637622 32.644979508593678 22.770493208430707 7.8881641719490272 7.6918301954865456 27.568229237571359
leaf_count=337446 3558 1965 279 1742 257 1752 606 1279 187 1373 180 347 562 250 318 203 253 387 398 473 419 199 206 1721 1530 498 572 314 301 306
internal_value=-0.000104881 -0.00495965 -0.00927738 -0.0013556 0.00725707 0.0022312 6.57485e-05 0.00524094 0.00611829 0.00470513 0.0346649 0.0189444 0.00678554 0.0115213 0.0238648 0.0166991 0.00546684 -0.000374877 0.0120776 -0.00986387 0.0259673 -0.00245692 0.0236728 0.00432936 -0.000163996 0.00328939 -0.0102602 0.00349621 0.0383616 0.00728528
internal_weight=16618.4 564.25 370.384 190.634 120.293 107.781 16054.1 682.402 663.638 632.336 31.3029 22.2157 555.16 334.157 109.965 89.697 224.192 221.003 156.645 67.5465 67.079 95.9935 19.4933 176.771 15371.7 193.867 77.1758 38.3505 15.58 161.222
internal_count=359881 10762 7993 4435 2693 2436 349119 10143 9537 8823 714 527 6357 3687 1190 940 2497 2670 1771 726 622 2157 405 2108 338976 2769 2466 1187 615 2271
is_linear=0
shrinkage=0.05


Tree=118
num_leaves=31
num_cat=0
split_feature=9 21 3 23 7 1 0 5 20 19 0 12 10 13 7 12 1 22 10 4 10 0 2 4 3 4 20 0 9 10
split_gain=6.4296 11.458 4.4295 8.73848 10.0393 8.33095 10.1381 13.6872 15.8102 12.8242 9.08761 10.563 9.60782 13.1458 8.44258 8.03618 9.22544 8.03727 7.79781 10.5317 7.4167 9.29782 7.55362 7.22107 12.394 13.3369 20.4629 11.0588 13.6502 12.3974
threshold=2.9999421834945683 -0.0035647791810333724 -0.0023183111334219571 -0.0084130219183862192 1.0000000180025095e-35 -0.0010427182423882184 -0.00040465353231411422 0.00087339006131514918 -0.0019480270566418765 -1.0000000180025095e-35 -0.00072160919080488373 0.00090823965729214262 1.1801345944404604 0.00069529659231193375 0.00043754103535320615 0.00098654732573777459 0.0012463792227208617 -0.0034503149800002571 0.40112933516502386 0.00044987630099058157 1.4210184216499331 -0.0046792747452855101 0.00060834651230834435 -0.0010880405898205934 0.0022962511284276847 -0.0011600315920077262 -0.0013350734370760617 0.00073263907688669871 0.76517942547798168 2.1677273511886601
decision_type=2 2 2 2 2 2 2 2 2 2 2 2 2 2 2 2 2 2 2 2 2 2 2 2 2 2 2 2 2 2
left_child=2 -2 3 -1 20 10 7 -7 -9 -10 11 12 14 -14 -6 16 -8 -17 -12 -20 22 -22 -5 24 25 -4 -27 28 -26 -30
right_child=1 -3 23 4 5 6 15 8 9 -11 18 -13 13 -15 -16 17 -18 -19 19 -21 21 -23 -24 -25 27 26 -28 -29 29 -31
leaf_value=0.0016762470292102354 0.028932003863870643 -0.020413875860036023 0.00041996759334136658 -0.0030976321208465527 0.029421643545421896 0.054889614405704459 0.0045571327415797431 0.045525315934449528 -0.017699735444546016 0.027437230367706195 -0.037337608351034411 -0.0069365440851033855 0.0038464845860628331 0.071401026661800801 -0.025671992328400131 -0.031892896699197738 0.059940475779274097 0.00014454122738501561 -0.013668106220311406 0.043770834161377892 0.03286420333414846 -0.015558381454151447 -0.016635748376812837 -0.00060138115383511566 0.0069660113713305872 0.07129851450191782 0.0094585202915740147 0.00073814385913427015 0.045999563561338386 -0.011957196005117019
leaf_weight=1038.9220885233954 13.740474035963414 81.773558827117085 3057.886462401133 972.13750013522804 12.657640386372806 21.273993680253625 133.16223261784762 23.823430308140814 44.48457046598196 24.350253120064735 30.36701746750623 100.63890997506678 13.384443501941861 15.588953299447892 15.430708587169645 31.348754369653761 7.9691348746418944 52.130347461439669 81.734702915884554 8.8439250988885743 10.300779869779943 263.64872754132375 115.24836817849427 10008.459649066906 78.318314097821712 14.598884896375237 159.86628254689276 114.30124099180102 60.634863584302366 10.883214107714592
leaf_count=17325 226 2254 67118 19253 223 392 3839 322 645 355 908 1422 373 292 219 772 169 1361 2393 241 159 6029 2004 223498 1548 215 3469 1506 1156 243
internal_value=-0.000379764 -0.0133151 -0.000304986 -0.00203695 -0.00398674 0.00130288 0.00657309 0.0187219 0.0104179 -0.00173258 -0.00510019 0.00280744 0.0199928 0.0401938 -0.000844779 0.000410685 0.00768441 -0.0118864 -0.0154109 -0.00805988 -0.0063849 -0.0137376 -0.00453249 8.19902e-05 0.00203809 0.00118712 0.0146332 0.0124518 0.0213874 0.03718
internal_weight=16617.9 95.514 16522.4 3017.45 1978.52 617.189 338.543 113.932 92.6583 68.8348 278.646 157.701 57.0617 28.9734 28.0883 224.61 141.131 83.4791 120.946 90.5786 1361.34 273.95 1087.39 13504.9 3496.49 3232.35 174.465 264.138 149.836 71.5181
internal_count=359929 2480 357449 58696 41371 13926 7855 1714 1322 1000 6071 2529 1107 665 442 6141 4008 2133 3542 2634 27445 6188 21257 298753 75255 70802 3684 4453 2947 1399
is_linear=0
shrinkage=0.05


Tree=119
num_leaves=31
num_cat=0
split_feature=20 2 2 8 5 10 5 23 5 1 1 3 9 21 0 2 5 5 14 6 20 21 15 21 6 6 13 6 19 7
split_gain=5.34231 10.085 13.9068 9.42219 10.3912 14.715 12.8907 12.4272 9.97264 9.20349 13.4018 9.66103 10.49 12.8399 9.08567 8.79464 10.0205 8.18611 14.8833 9.19187 8.49054 14.8946 12.878 9.0862 8.4314 8.33168 7.93322 7.6525 9.16657 21.4105
threshold=-0.00091285296366550017 -0.0010592899052426217 -0.0011219986481592057 0.0015216069878078999 0.0016815848648548128 0.014150732196867468 0.0014473894843831661 -0.0028007936198264356 0.0014041412505321207 0.0011340964119881394 0.00099157163640484236 -0.0010012910352088509 0.13499847799539569 -3.7663958210032426e-05 0.0010604829294607045 -0.00086351126083172847 0.000225436786422506 0.00082476655370555829 0.00082179612945765268 -0.00067316144122742106 -0.00072205529431812454 -0.0015426223981194196 0.00091164716286584746 -0.00058867823099717487 -0.002350245369598269 -0.0010916368337348101 0.00060938391834497463 -0.00084048326243646432 -0.0034127135295420881 0.00021192053100094202
decision_type=2 2 2 2 2 2 2 2 2 2 2 2 2 2 2 2 2 2 2 2 2 2 2 2 2 2 2 2 2 2
left_child=3 2 17 4 6 -6 8 -7 9 10 11 14 13 -13 -1 16 -3 18 -2 -20 21 -21 -23 -22 -19 -26 -8 -18 29 -29
right_child=1 15 -4 -5 5 7 26 -9 -10 -11 -12 12 -14 -15 -16 -17 27 24 19 20 23 22 -24 -25 25 -27 -28 28 -30 -31
leaf_value=0.00041642896000972004 -0.0028485644963126243 -0.023766392046056743 0.015356338687859029 -0.013885983068589462 -0.03104904491327666 0.004396946447683129 -0.046040299235899924 -0.02407442212476564 0.035357140917027512 -0.024700230846728646 0.04188052154692367 -0.0025897709512613079 -0.012645666913157239 0.044113933052238798 -0.020892260959626621 0.00033528906572675819 -0.022338337948827541 0.027424644631483343 0.059142030788465916 0.075665673334217712 -0.010900568610328312 0.064358540585973179 -8.8685515689709938e-05 0.015175743247502999 -0.021203944194662053 -0.0014333377733142731 -0.010658150075116276 -0.00096641458915449187 -0.0043786645655213494 0.076558777252386981
leaf_weight=1744.8886313904077 207.13502458296716 75.536760698072612 253.57769710104913 149.43164934264496 31.635660069063306 1196.6962174577639 16.77903201803565 39.594428136013448 18.084447956643999 43.492965841665864 17.68134974502027 82.360921064391732 340.25686356239021 17.917885594069958 51.501090394333005 11096.825534638949 44.751126908697188 21.772496409714222 11.539169076830147 13.594722740352152 47.29243672452867 10.224485311657189 32.046669127419591 113.77434342354536 63.13045056629926 341.8098431956023 283.80265217833221 31.743287334218621 201.40026425477117 12.379043027758597
leaf_count=38492 5579 2251 5025 3859 459 19274 511 740 377 831 306 1798 6944 351 676 248448 846 368 207 286 958 211 669 2205 1021 6497 5090 709 4690 306
internal_value=1.77883e-05 0.000525567 0.00506313 -0.00156548 -0.00109155 0.00262345 -0.00289162 0.0034851 -0.0016274 -0.00191844 -0.00147897 -0.00182169 -0.00845707 0.00575528 -0.000194475 8.38311e-05 -0.00754412 0.00203627 0.00685791 0.0156579 0.0133449 0.0301408 0.0154997 0.00751922 -0.00288588 -0.00451559 -0.0126332 -0.00332267 0.000143299 0.0207842
internal_weight=16612.7 12578.5 1115.9 4034.12 3884.69 1267.93 2616.77 1236.29 2316.18 2298.1 2254.61 2236.93 440.536 100.279 1796.39 11462.6 365.81 862.32 435.607 228.472 216.933 55.8659 42.2712 161.067 426.713 404.94 300.582 290.274 245.523 44.1223
internal_count=359984 280276 23026 79708 75849 20473 55376 20014 49775 49398 48567 48261 9093 2149 39168 257250 8802 18001 10115 4536 4329 1166 880 3163 7886 7518 5601 6551 5705 1015
is_linear=0
shrinkage=0.05


end of trees

feature_importances:
ret_1=491
range_pct=323
rv_24=290
rv_48=280
rv_12=237
vol_chg_24=142
high_break_24=138
low_reclaim_24=132
ret_12=131
upper_wick_pct=129
body_pct=128
vol_chg_3=128
mom_48=128
ret_3=127
lower_wick_pct=117
ret_24=112
vol_chg_12=107
dist_sma_24=99
dist_sma_12=94
rv_6=92
dist_sma_48=92
ret_6=64
mom_12=10
mom_24=5
mom_6=4

parameters:
[boosting: gbdt]
[objective: binary]
[metric: auc,binary_logloss]
[tree_learner: serial]
[device_type: cpu]
[data_sample_strategy: bagging]
[data: ]
[valid: ]
[num_iterations: 120]
[learning_rate: 0.05]
[num_leaves: 31]
[num_threads: 4]
[seed: 42]
[deterministic: 0]
[force_col_wise: 1]
[force_row_wise: 0]
[histogram_pool_size: -1]
[max_depth: -1]
[min_data_in_leaf: 200]
[min_sum_hessian_in_leaf: 0.001]
[bagging_fraction: 0.9]
[pos_bagging_fraction: 1]
[neg_bagging_fraction: 1]
[bagging_freq: 1]
[bagging_seed: 400]
[bagging_by_query: 0]
[feature_fraction: 0.9]
[feature_fraction_bynode: 1]
[feature_fraction_seed: 30056]
[extra_trees: 0]
[extra_seed: 12879]
[early_stopping_round: 0]
[early_stopping_min_delta: 0]
[first_metric_only: 0]
[max_delta_step: 0]
[lambda_l1: 0]
[lambda_l2: 0]
[linear_lambda: 0]
[min_gain_to_split: 0]
[drop_rate: 0.1]
[max_drop: 50]
[skip_drop: 0.5]
[xgboost_dart_mode: 0]
[uniform_drop: 0]
[drop_seed: 17869]
[top_rate: 0.2]
[other_rate: 0.1]
[min_data_per_group: 100]
[max_cat_threshold: 32]
[cat_l2: 10]
[cat_smooth: 10]
[max_cat_to_onehot: 4]
[top_k: 20]
[monotone_constraints: ]
[monotone_constraints_method: basic]
[monotone_penalty: 0]
[feature_contri: ]
[forcedsplits_filename: ]
[refit_decay_rate: 0.9]
[cegb_tradeoff: 1]
[cegb_penalty_split: 0]
[cegb_penalty_feature_lazy: ]
[cegb_penalty_feature_coupled: ]
[path_smooth: 0]
[interaction_constraints: ]
[verbosity: -1]
[saved_feature_importance_type: 0]
[use_quantized_grad: 0]
[num_grad_quant_bins: 4]
[quant_train_renew_leaf: 0]
[stochastic_rounding: 1]
[linear_tree: 0]
[max_bin: 255]
[max_bin_by_feature: ]
[min_data_in_bin: 3]
[bin_construct_sample_cnt: 200000]
[data_random_seed: 175]
[is_enable_sparse: 1]
[enable_bundle: 1]
[use_missing: 1]
[zero_as_missing: 0]
[feature_pre_filter: 1]
[pre_partition: 0]
[two_round: 0]
[header: 0]
[label_column: ]
[weight_column: ]
[group_column: ]
[ignore_column: ]
[categorical_feature: ]
[forcedbins_filename: ]
[precise_float_parser: 0]
[parser_config_file: ]
[objective_seed: 16083]
[num_class: 1]
[is_unbalance: 0]
[scale_pos_weight: 1]
[sigmoid: 1]
[boost_from_average: 1]
[reg_sqrt: 0]
[alpha: 0.9]
[fair_c: 1]
[poisson_max_delta_step: 0.7]
[tweedie_variance_power: 1.5]
[lambdarank_truncation_level: 30]
[lambdarank_norm: 1]
[label_gain: ]
[lambdarank_position_bias_regularization: 0]
[eval_at: ]
[multi_error_top_k: 1]
[auc_mu_weights: ]
[num_machines: 1]
[local_listen_port: 12400]
[time_out: 120]
[machine_list_filename: ]
[machines: ]
[gpu_platform_id: -1]
[gpu_device_id: -1]
[gpu_use_dp: 0]
[num_gpu: 1]

end of parameters

pandas_categorical:[]
